entityid;term;parentid;listitemid;Name_deutsch;anzeigename
0;keine Angabe (NULL);nan;900009;;keine Angabe (NULL)
2983;Bittacus hageni;164825;233242;;Bittacus hageni
2984;Bittacus italicus;164825;233243;;Bittacus italicus
2985;Panorpa alpina;164825;233244;;Panorpa alpina
2986;Panorpa cognata;164825;233245;;Panorpa cognata
2987;Panorpa germanica;164825;233246;;Panorpa germanica
2988;Panorpa meridionalis;164825;233247;;Panorpa meridionalis
2990;Panorpa rufostigma;164825;233248;;Panorpa rufostigma
2991;Panorpa vulgaris;164825;233249;;Panorpa vulgaris
2992;Zoropsis spinimana;165099;233250;Nosferatu-Spinne;Nosferatu-Spinne – Zoropsis spinimana
2993;Isotoma hiemalis;165787;233251;;Isotoma hiemalis
2994;Isotoma nivalis;165787;233252;;Isotoma nivalis
2995;Podura aquatica;165787;233253;;Podura aquatica
3042;Agalmatium bilodum;234830;233393;;Agalmatium bilodum
3043;Agalmatium flavescens;234830;233394;;Agalmatium flavescens
3044;Centrotus cornutus;234830;233395;;Centrotus cornutus
3045;Cercopis arcuata;234830;233396;;Cercopis arcuata
3046;Evacanthus interruptus;234830;233397;;Evacanthus interruptus
3047;Falcidius apterus;234830;233398;;Falcidius apterus
3048;Gargara genistae;234830;233399;;Gargara genistae
3049;Graphocephala fennahi;234830;233400;;Graphocephala fennahi
3050;Hyalesthes obsoletus;234830;233401;;Hyalesthes obsoletus
3089;Hysteropterum reticulatum;234830;233402;;Hysteropterum reticulatum
3090;Issus coleoptratus;234830;233403;;Issus coleoptratus
3091;Issus lauri;234830;233404;;Issus lauri
3092;Issus muscaeformis;234830;233405;;Issus muscaeformis
3093;Issus truncatus;234830;233406;;Issus truncatus
3094;Kervillea conspurcata;234830;233407;;Kervillea conspurcata
3095;Latissus dilatatus;234830;233408;;Latissus dilatatus
3096;Mycterodus confusus;234830;233409;;Mycterodus confusus
3142;Mycterodus cuniceps;234830;233410;;Mycterodus cuniceps
3143;Mycterodus immaculatus;234830;233411;;Mycterodus immaculatus
3144;Ommatidiotus dissimilis;234830;233412;;Ommatidiotus dissimilis
3145;Ommatissus binotatus;234830;233413;;Ommatissus binotatus
3146;Trypetimorpha fenestrata;234830;233414;;Trypetimorpha fenestrata
3147;Trypetimorpha occidentalis;234830;233415;;Trypetimorpha occidentalis
3160;Anotylus speculifrons;159617;233431;;Anotylus speculifrons
3161;Agrilus derasofasciatus;161165;233432;Starkbehaarter Schmalprachtkäfer;Starkbehaarter Schmalprachtkäfer – Agrilus derasofasciatus
3162;Cryptolaemus montrouzieri;161165;233433;Australische Marienkäfer;Australische Marienkäfer – Cryptolaemus montrouzieri
3163;Ferreria marqueti;161165;233434;;Ferreria marqueti
3165;Anoplius alpinobalticus;708822;233436;;Anoplius alpinobalticus
3166;Dreissena rostiformis bugensis;164830;233437;;Dreissena rostiformis bugensis
3507;Psallus ambiguus;166104;235865;;Psallus ambiguus
3561;Psallus punctulatus;166104;235866;;Psallus punctulatus
3835;Anasimyia lineata;166256;235921;;Anasimyia lineata
3930;Beris chalybata;166256;235922;;Beris chalybata
3963;Beris clavipes;166256;235923;;Beris clavipes
3986;Beris vallata;166256;235924;;Beris vallata
4107;Brachyopa pilosa;166256;235925;;Brachyopa pilosa
4130;Callicera rufa;166256;235926;;Callicera rufa
4161;Cheilosia latifrons;166256;235927;;Cheilosia latifrons
4223;Eupeodes nielseni;166256;235928;;Eupeodes nielseni
4227;Microchrysa cyaneiventris;166256;235929;;Microchrysa cyaneiventris
4629;Microchrysa flavicornis;166256;235930;;Microchrysa flavicornis
4633;Microchrysa polita;166256;235931;;Microchrysa polita
4647;Neoascia interrupta;166256;235932;;Neoascia interrupta
5028;Odontomyia argentata;166256;235933;;Odontomyia argentata
5106;Odontomyia ornata;166256;235934;;Odontomyia ornata
5258;Odontomyia trigina;166256;235935;;Odontomyia trigina
5900;Apamea aquila;163498;163562;;Apamea aquila
5902;Apamea furva;163498;163565;;Apamea furva
5903;Apamea illyria;163498;163566;;Apamea illyria
5904;Apamea lateritia;163498;163567;Ziegelrote Graseule;Ziegelrote Graseule – Apamea lateritia
5905;Apamea oblonga;163498;163570;;Apamea oblonga
5906;Apamea ophiogramma;163498;163571;;Apamea ophiogramma
5907;Apamea scolopacina;163498;163573;Bräunlichgelbe Grasbüscheleule;Bräunlichgelbe Grasbüscheleule – Apamea scolopacina
5908;Apamea sublustris;163498;163575;Rötlichgelbe Grasbüscheleule;Rötlichgelbe Grasbüscheleule – Apamea sublustris
5909;Apamea unanimis;163498;163576;;Apamea unanimis
5914;Aporophyla lueneburgensis;163498;163581;Heidekraut-Glattrückeneule;Heidekraut-Glattrückeneule – Aporophyla lueneburgensis
5915;Aporophyla lutulenta;163498;163582;Graue Glattrückeneule;Graue Glattrückeneule – Aporophyla lutulenta
5916;Aporophyla nigra;163498;163583;;Aporophyla nigra
5917;Archanara algae;163498;163584;Teichröhricht-Schilfeule;Teichröhricht-Schilfeule – Archanara algae
5918;Archanara dissoluta;163498;163585;Schilf-Röhrichteule;Schilf-Röhrichteule – Archanara dissoluta
5919;Archanara geminipuncta;163498;163586;;Archanara geminipuncta
5920;Archanara neurica;163498;163587;Rohrglanzgras-Schilfeule;Rohrglanzgras-Schilfeule – Archanara neurica
5922;Arenostola phragmitidis;163498;163590;Gelbweisse Schilfeule;Gelbweisse Schilfeule – Arenostola phragmitidis
5925;Atethmia centrago;163498;163594;Ockergelbe Escheneule;Ockergelbe Escheneule – Atethmia centrago
5926;Athetis pallustris;163498;163596;Graue Sumpfeule;Graue Sumpfeule – Athetis pallustris
5927;Autographa bractea;163498;163598;Quellhalden-Goldeule;Quellhalden-Goldeule – Autographa bractea
5928;Autographa jota;163498;163600;;Autographa jota
5931;Blepharita satura;163498;163605;Dunkelbraune Waldrandeule;Dunkelbraune Waldrandeule – Blepharita satura
5934;Brachionycha nubeculosa;163498;163608;Frühlings-Rauhaareule;Frühlings-Rauhaareule – Brachionycha nubeculosa
5940;Calamia tridens;163498;163616;Grüneule;Grüneule – Calamia tridens
5941;Callierges ramosa;163498;163617;Geißblatt-Kappeneule;Geißblatt-Kappeneule – Callierges ramosa
5942;Callistege mi;163498;163618;Scheck-Tageule;Scheck-Tageule – Callistege mi
5943;Callopistria juventina;163498;163619;Adlerfarneule;Adlerfarneule – Callopistria juventina
5944;Calophasia lunula;163498;163620;Möndcheneule;Möndcheneule – Calophasia lunula
5946;Catephia alchymista;163498;163622;Weißes Ordensband;Weißes Ordensband – Catephia alchymista
5947;Catocala elocata;163498;163623;Pappelkarmin;Pappelkarmin – Catocala elocata
5948;Catocala fraxini;163498;163624;Blaues Ordensband;Blaues Ordensband – Catocala fraxini
5949;Catocala nupta;163498;163626;Rotes Ordensband;Rotes Ordensband – Catocala nupta
5950;Catocala promissa;163498;163627;Kleines Eichenkarmin;Kleines Eichenkarmin – Catocala promissa
5951;Celaena haworthii;163498;163629;Haworths Hochmooreule;Haworths Hochmooreule – Celaena haworthii
5952;Celaena leucostigma;163498;163630;Schwertlilieneule;Schwertlilieneule – Celaena leucostigma
5953;Cerapteryx graminis;163498;163631;Dreizack-Graseule;Dreizack-Graseule – Cerapteryx graminis
5954;Cerastis leucographa;163498;163632;;Cerastis leucographa
5955;Chilodes maritima;163498;163635;Schmalflügelige Schilfeule;Schmalflügelige Schilfeule – Chilodes maritima
5966;Coenobia rufa;163498;163651;Rötliche Binseneule;Rötliche Binseneule – Coenobia rufa
5967;Colobochyla salicalis;163498;163653;Weiden-Spannereule;Weiden-Spannereule – Colobochyla salicalis
5968;Conistra ligula;163498;163656;Gebüsch-Wintereule;Gebüsch-Wintereule – Conistra ligula
5969;Conistra rubiginosa;163498;163658;Feldholz-Wintereule;Feldholz-Wintereule – Conistra rubiginosa
5970;Conistra vaccinii;163498;163659;Heidelbeer-Wintereule;Heidelbeer-Wintereule – Conistra vaccinii
5971;Cosmia affinis;163498;163660;Rotbraune Ulmeneule;Rotbraune Ulmeneule – Cosmia affinis
5972;Cosmia diffinis;163498;163661;Weissflecken-Ulmeneule;Weissflecken-Ulmeneule – Cosmia diffinis
5973;Craniophora ligustri;163498;163665;Liguster-Rindeneule;Liguster-Rindeneule – Craniophora ligustri
5975;Cucullia absinthii;163498;163673;Beifuss-Mönch;Beifuss-Mönch – Cucullia absinthii
5976;Cucullia artemisiae;163498;163675;Feldbeifuss-Mönch;Feldbeifuss-Mönch – Cucullia artemisiae
5977;Cucullia asteris;163498;163676;Astern-Mönch;Astern-Mönch – Cucullia asteris
5978;Cucullia chamomillae;163498;163677;Kamillen-Mönch;Kamillen-Mönch – Cucullia chamomillae
5979;Cucullia lactucae;163498;163679;Lattich-Mönch;Lattich-Mönch – Cucullia lactucae
5983;Cucullia spec.;163498;163684;;Cucullia spec.
5988;Diarsia brunnea;163498;163697;Rötlichgraue Erdeule;Rötlichgraue Erdeule – Diarsia brunnea
5989;Diarsia dahlii;163498;163698;;Diarsia dahlii
5990;Diarsia florida;163498;163699;;Diarsia florida
5992;Discestra trifolii;163498;163707;;Discestra trifolii
5994;Dypterygia scabriuscula;163498;163709;Trauereule;Trauereule – Dypterygia scabriuscula
5997;Emmelia trabealis;163498;163716;Ackerwinden-Bunteulchen;Ackerwinden-Bunteulchen – Emmelia trabealis
5999;Enargia paleacea;163498;163718;Gelbe Blatteule;Gelbe Blatteule – Enargia paleacea
6000;Epilecta linogrisea;163498;163719;Silbergraue Bandeule;Silbergraue Bandeule – Epilecta linogrisea
6001;Epipsilia latens;163498;163720;;Epipsilia latens
6003;Eremobia ochroleuca;163498;163723;Ockerfarbene Queckeneule;Ockerfarbene Queckeneule – Eremobia ochroleuca
6005;Eugraphe sigma;163498;163730;;Eugraphe sigma
6007;Euplexia lucipara;163498;163732;Purpurglanzeule;Purpurglanzeule – Euplexia lucipara
6009;Eurois occulta;163498;163734;Graue Heidelbeereule;Graue Heidelbeereule – Eurois occulta
6014;Euxoa aquilina;163498;163739;;Euxoa aquilina
6015;Euxoa nigricans;163498;163743;;Euxoa nigricans
6016;Euxoa obelisca;163498;163744;;Euxoa obelisca
6017;Euxoa tritici;163498;163745;Weizeneule;Weizeneule – Euxoa tritici
6018;Gortyna flavago;163498;163746;Kletteneule;Kletteneule – Gortyna flavago
6019;Graphiphora augur;163498;163747;Eulenfalter;Eulenfalter – Graphiphora augur
6021;Hadena albimacula;163498;163750;Weissgefleckte Nelkeneule;Weissgefleckte Nelkeneule – Hadena albimacula
6022;Hadena bicruris;163498;163751;Lichtnelken-Eule;Lichtnelken-Eule – Hadena bicruris
6023;Hadena compta;163498;163752;Weißbinden-Nelkeneule;Weißbinden-Nelkeneule – Hadena compta
6024;Hadena confusa;163498;163753;Kleine Nelkeneule;Kleine Nelkeneule – Hadena confusa
6025;Hadena filograna;163498;163754;Graubraune Leimkraut-Kapseleule;Graubraune Leimkraut-Kapseleule – Hadena filograna
6027;Heliophobus reticulata;163498;163759;Haldenflur-Nelkeneule;Haldenflur-Nelkeneule – Heliophobus reticulata
6029;Hoplodrina ambigua;163498;163768;Gelbgraue Seidenglanzeule;Gelbgraue Seidenglanzeule – Hoplodrina ambigua
6030;Hoplodrina respersa;163498;163771;Graue Felsflur-Staubeule;Graue Felsflur-Staubeule – Hoplodrina respersa
6032;Hydraecia micacea;163498;163773;Uferstauden-Markeule;Uferstauden-Markeule – Hydraecia micacea
6033;Hydraecia petasitis;163498;163774;Pestwurzeule;Pestwurzeule – Hydraecia petasitis
6036;Hypena proboscidalis;163498;163779;Nesselschnabeleule;Nesselschnabeleule – Hypena proboscidalis
6037;Hypena rostralis;163498;163780;Hopfen-Zünslereule;Hopfen-Zünslereule – Hypena rostralis
6038;Hypenodes humidalis;163498;163781;Moor-Motteneulchen;Moor-Motteneulchen – Hypenodes humidalis
6040;Hyppa rectilinea;163498;163782;Heidelbeerwald-Stricheule;Heidelbeerwald-Stricheule – Hyppa rectilinea
6041;Ipimorpha retusa;163498;163784;Weidenbusch-Blatteule;Weidenbusch-Blatteule – Ipimorpha retusa
6042;Ipimorpha subtusa;163498;163785;Pappel-Blatteule;Pappel-Blatteule – Ipimorpha subtusa
6043;Laspeyria flexula;163498;163795;Grau-Flechten Spannereule;Grau-Flechten Spannereule – Laspeyria flexula
6046;Lithomoia solidaginis;163498;163797;Rollflügel-Holzeule;Rollflügel-Holzeule – Lithomoia solidaginis
6047;Lithophane furcifera;163498;163798;Braungraue Holzeule;Braungraue Holzeule – Lithophane furcifera
6048;Lithophane lamda;163498;163799;Gagelstrauch-Moor-Holzeule;Gagelstrauch-Moor-Holzeule – Lithophane lamda
6049;Lithophane ornitopus;163498;163800;Hellgraue Holzeule;Hellgraue Holzeule – Lithophane ornitopus
6050;Lithophane semibrunnea;163498;163801;Schmalflügelige Holzeule;Schmalflügelige Holzeule – Lithophane semibrunnea
6051;Lithophane socia;163498;163802;Gelbbraune Rindeneule;Gelbbraune Rindeneule – Lithophane socia
6052;Luperina nickerlii;163498;163803;;Luperina nickerlii
6053;Lycophotia molothina;163498;163804;;Lycophotia molothina
6054;Lycophotia porphyrea;163498;163805;Kleine Heidekrauteule;Kleine Heidekrauteule – Lycophotia porphyrea
6055;Lygephila pastinum;163498;163807;Nierenfleck-Wickeneule;Nierenfleck-Wickeneule – Lygephila pastinum
6056;Lygephila viciae;163498;163808;Marmorierte Wickeneule;Marmorierte Wickeneule – Lygephila viciae
6057;Mamestra brassicae;163498;163811;Kohleule;Kohleule – Mamestra brassicae
6063;Mesogona acetosellae;163498;163822;;Mesogona acetosellae
6064;Mesogona oxalina;163498;163823;Auenwald-Winkeleule;Auenwald-Winkeleule – Mesogona oxalina
6066;Minucia lunaris;163498;163826;Braunes Ordensband;Braunes Ordensband – Minucia lunaris
6067;Moma alpium;163498;163828;Orioneule;Orioneule – Moma alpium
6072;Mormo maura;163498;163832;Schwarzes Ordensband;Schwarzes Ordensband – Mormo maura
6073;Mythimna pudorina;163498;163842;Breitflügel-Graseule;Breitflügel-Graseule – Mythimna pudorina
6074;Mythimna straminea;163498;163845;Spitzflügel-Graseule;Spitzflügel-Graseule – Mythimna straminea
6075;Mythimna turca;163498;163846;Marbeleule;Marbeleule – Mythimna turca
6076;Noctua janthina;163498;163855;;Noctua janthina
6077;Noctua orbona;163498;163856;Schmalflügelige Bandeule;Schmalflügelige Bandeule – Noctua orbona
6078;Noctua pronuba;163498;163857;Hausmutter;Hausmutter – Noctua pronuba
6081;Nonagria typhae;163498;163859;Gemeine Schilfeule;Gemeine Schilfeule – Nonagria typhae
6082;Nycteola revayana;163213;163862;Übersehener Wickler-Spinner;Übersehener Wickler-Spinner – Nycteola revayana
6084;Ochropleura plecta;163498;163864;Hellrandige Erdeule;Hellrandige Erdeule – Ochropleura plecta
6086;Oligia fasciuncula;163498;163866;;Oligia fasciuncula
6087;Omphaloscelis lunosa;163498;163870;;Omphaloscelis lunosa
6088;Orthosia miniosa;163498;163877;Rötliche Kätzcheneule;Rötliche Kätzcheneule – Orthosia miniosa
6089;Orthosia opima;163498;163879;Moorheiden-Frühlingseule;Moorheiden-Frühlingseule – Orthosia opima
6090;Panemeria tenebrata;163498;163882;Hornkraut-Tageulchen;Hornkraut-Tageulchen – Panemeria tenebrata
6091;Panolis flammea;163498;163883;Kieferneule;Kieferneule – Panolis flammea
6092;Panthea coenobita;163498;163884;Klosterfrau;Klosterfrau – Panthea coenobita
6094;Paradiarsia glareosa;163498;163887;;Paradiarsia glareosa
6096;Paradrina selini;163498;163890;;Paradrina selini
6097;Parascotia fuliginaria;163498;163891;Pilzeule;Pilzeule – Parascotia fuliginaria
6103;Phlogophora meticulosa;163498;163900;Achateule;Achateule – Phlogophora meticulosa
6104;Phlogophora scita;163498;163901;Smaragdeule;Smaragdeule – Phlogophora scita
6106;Photedes minima;163498;163903;Kleine Sumpfgraseule;Kleine Sumpfgraseule – Photedes minima
6109;Phytometra viridaria;163498;163906;Kreuzblumen-Bunteulchen;Kreuzblumen-Bunteulchen – Phytometra viridaria
6112;Plusia festucae;163498;163909;Röhricht-Goldeule;Röhricht-Goldeule – Plusia festucae
6113;Polia hepatica;163498;163912;;Polia hepatica
6115;Polia serena;163498;163915;;Polia serena
6117;Polychrysia moneta;163498;163917;Eisenhut-Goldeule;Eisenhut-Goldeule – Polychrysia moneta
6118;Polymixis flavicincta;163498;163918;;Polymixis flavicincta
6119;Polymixis xanthomista;163498;163921;Blaugraue Steineule;Blaugraue Steineule – Polymixis xanthomista
6122;Pyrrhia umbra;163498;163928;Umbra-Sonneneule;Umbra-Sonneneule – Pyrrhia umbra
6123;Rhizedra lutosa;163498;163929;Schilfrohr-Wurzeleule;Schilfrohr-Wurzeleule – Rhizedra lutosa
6126;Rhyacia lucipeta;163498;163931;Glänzende Erdeule;Glänzende Erdeule – Rhyacia lucipeta
6130;Rivula sericealis;163498;163934;Seideneulchen;Seideneulchen – Rivula sericealis
6131;Schrankia costaestrigalis;163498;163938;Schmalflügel-Motteneulchen;Schmalflügel-Motteneulchen – Schrankia costaestrigalis
6132;Schrankia taenialis;163498;163939;;Schrankia taenialis
6133;Scoliopteryx libatrix;163498;163940;Zackeneule;Zackeneule – Scoliopteryx libatrix
6138;Sedina buettneri;163498;163943;;Sedina buettneri
6143;Spudaea ruticilla;163498;163954;Graubraune Eichenbuscheule;Graubraune Eichenbuscheule – Spudaea ruticilla
6145;Syngrapha interrogationis;163498;163956;Heidelbeer-Silbereule;Heidelbeer-Silbereule – Syngrapha interrogationis
6146;Thalpophila matura;163498;163957;;Thalpophila matura
6147;Trachea atriplicis;163498;163961;Meldeneule;Meldeneule – Trachea atriplicis
6148;Trichosea ludifica;163498;163963;Gelber Hermelin;Gelber Hermelin – Trichosea ludifica
6151;Trisateles emortualis;163498;163964;Eichenlaubzünslereule;Eichenlaubzünslereule – Trisateles emortualis
6154;Xylena exsoleta;163498;163987;Graue Moderholzeule;Graue Moderholzeule – Xylena exsoleta
6155;Xylena vetusta;163498;163988;Braunes Moderholz;Braunes Moderholz – Xylena vetusta
6156;Xylocampa areola;163498;163989;Geissblatt-Eule;Geissblatt-Eule – Xylocampa areola
6159;Zanclognatha lunalis;163498;163992;Felsbuschwald-Spannereule;Felsbuschwald-Spannereule – Zanclognatha lunalis
6160;Spanner;163212;164283;;Spanner
6161;Abraxas grossulariata;164283;164284;Stachelbeerspanner;Stachelbeerspanner – Abraxas grossulariata
6163;Abraxas sylvata;164283;164286;Traubenkirschenspanner;Traubenkirschenspanner – Abraxas sylvata
6164;Acasis viretata;164283;164287;Grünlicher Gebüsch-Lappenspanner;Grünlicher Gebüsch-Lappenspanner – Acasis viretata
6167;Alsophila aceraria;164283;164297;Herbst-Kreuzflügel;Herbst-Kreuzflügel – Alsophila aceraria
6172;Angerona prunaria;164283;164302;Schlehenspanner;Schlehenspanner – Angerona prunaria
6174;Anticlea derivata;164283;164304;Schwarzbinden-Rosenblattspanner;Schwarzbinden-Rosenblattspanner – Anticlea derivata
6175;Anticollix sparsata;164283;164305;Gilbweiderich-Spanner;Gilbweiderich-Spanner – Anticollix sparsata
6176;Apeira syringaria;164283;164307;Geissblatt-Buntspanner;Geissblatt-Buntspanner – Apeira syringaria
6177;Aplasta ononaria;164283;164308;Hauhechelspanner;Hauhechelspanner – Aplasta ononaria
6178;Apocheima hispidaria;164283;164312;Gelbfühler-Dickleibspanner;Gelbfühler-Dickleibspanner – Apocheima hispidaria
6180;Archieras parthenias;164283;164315;;Archieras parthenias
6181;Arichanna melanaria;164283;164316;Gefleckter Rauschbeerenspanner;Gefleckter Rauschbeerenspanner – Arichanna melanaria
6182;Aspilates gilvaria;164283;164318;;Aspilates gilvaria
6183;Asthena albulata;164283;164319;;Asthena albulata
6184;Asthena anseraria;164283;164320;Hartriegelspanner;Hartriegelspanner – Asthena anseraria
6186;Biston betularia;164283;164322;Birkenspanner;Birkenspanner – Biston betularia
6191;Cabera pusaria;164283;164330;;Cabera pusaria
6194;Atomaria scutellaris;161165;365752;;Atomaria scutellaris
6200;Plecotus auritus/austriacus;163127;365755;Langohrfledermäuse;Langohrfledermäuse – Plecotus auritus/austriacus
6203;Campaea honoraria;164283;164338;Rötlichbrauner Eichenspanner;Rötlichbrauner Eichenspanner – Campaea honoraria
6204;Campaea margaritata;164283;164339;Perlglanzspanner;Perlglanzspanner – Campaea margaritata
6205;Catarhoe cuculata;164283;164342;;Catarhoe cuculata
6207;Chesias legatella;164283;164347;Später Ginsterspanner;Später Ginsterspanner – Chesias legatella
6208;Chesias rufata;164283;164348;;Chesias rufata
6209;Chiasmia clathrata;164283;164349;Gitterspanner;Gitterspanner – Chiasmia clathrata
6210;Chlorissa cloraria;164283;164350;;Chlorissa cloraria
6211;Chlorissa viridata;164283;164351;Grüner Moorheidenspanner;Grüner Moorheidenspanner – Chlorissa viridata
6212;Chloroclysta miata;164283;164353;Bläulichgrüner Heidelbeer-Blattspanner;Bläulichgrüner Heidelbeer-Blattspanner – Chloroclysta miata
6213;Chloroclysta siterata;164283;164354;Olivgrüner Bindenspanner;Olivgrüner Bindenspanner – Chloroclysta siterata
6214;Chloroclysta truncata;164283;164355;;Chloroclysta truncata
6217;Myotis mystacinus/brandtii;163127;365756;Bartfledermäuse;Bartfledermäuse – Myotis mystacinus/brandtii
6228;Cidaria fulvata;164283;164363;Rosenspanner;Rosenspanner – Cidaria fulvata
6234;Cottus perifretum;158605;365778;Stachelgroppe;Stachelgroppe – Cottus perifretum
6236;Cleora cinctaria;164283;164367;;Cleora cinctaria
6237;Cleorodes lichenaria;164283;164368;Grüner Rindenflechten-Spanner;Grüner Rindenflechten-Spanner – Cleorodes lichenaria
6238;Coenotephria derivata;164283;164369;;Coenotephria derivata
6240;Cottus rhenanus;158605;365779;Rheingroppe;Rheingroppe – Cottus rhenanus
6241;Colostygia pectinataria;164283;164375;Blattspanner;Blattspanner – Colostygia pectinataria
6242;Colotois pennaria;164283;164376;Federfühler-Herbstspanner;Federfühler-Herbstspanner – Colotois pennaria
6243;Comibaena bajularia;164283;164377;Grüner Eichenwaldspanner;Grüner Eichenwaldspanner – Comibaena bajularia
6245;Costaconvexa polygrammata;164283;164379;;Costaconvexa polygrammata
6247;Crocallis tusciaria;164283;164381;Schlehen-Schmuckspanner;Schlehen-Schmuckspanner – Crocallis tusciaria
6249;Cyclophora linearia;164283;164384;;Cyclophora linearia
6250;Cyclophora pendularia;164283;164385;;Cyclophora pendularia
6251;Cyclophora porata;164283;164386;Eichenbusch-Ringelfleckspanner;Eichenbusch-Ringelfleckspanner – Cyclophora porata
6252;Cyclophora quercimontaria;164283;164389;;Cyclophora quercimontaria
6253;Cyclophora ruficiliaria;164283;164390;;Cyclophora ruficiliaria
6256;Sander volgensis;158605;365783;Wolgazander;Wolgazander – Sander volgensis
6258;Discoloxia blomeri;164283;164394;Blomers Ulmen-Blattspanner;Blomers Ulmen-Blattspanner – Discoloxia blomeri
6259;Dyscia fagaria;164283;164395;Heidekraut-Fleckenspanner;Heidekraut-Fleckenspanner – Dyscia fagaria
6266;Ematurga atomaria;164283;164406;Heidespanner;Heidespanner – Ematurga atomaria
6267;Ennomos alniaria;164283;164407;Erlen-Zackenrandspanner;Erlen-Zackenrandspanner – Ennomos alniaria
6268;Ennomos quercinaria;164283;164411;Eichen-Zackenrandspanner;Eichen-Zackenrandspanner – Ennomos quercinaria
6271;Epirrhoe galiata;164283;164416;;Epirrhoe galiata
6273;Erannis defoliaria;164283;164425;Großer Frostspanner;Großer Frostspanner – Erannis defoliaria
6276;Euchoeca nebulata;164283;164428;Erlengebüsch-Spanner;Erlengebüsch-Spanner – Euchoeca nebulata
6280;Euphyia frustata;164283;164433;Hornkraut-Blattspanner;Hornkraut-Blattspanner – Euphyia frustata
6284;Euphyia unangulata;164283;164436;;Euphyia unangulata
6285;Eupithecia abbreviata;164283;164437;;Eupithecia abbreviata
6286;Eupithecia actaeata;164283;164440;Christophskraut-Blütenspanner;Christophskraut-Blütenspanner – Eupithecia actaeata
6287;Eupithecia assimilata;164283;164442;;Eupithecia assimilata
6290;Eupithecia centaureata;164283;164444;;Eupithecia centaureata
6291;Eupithecia denotata;164283;164445;Nessel-Glockenblumen-Blütenspanner;Nessel-Glockenblumen-Blütenspanner – Eupithecia denotata
6292;Eupithecia distinctaria;164283;164446;Thymian-Blütenspanner;Thymian-Blütenspanner – Eupithecia distinctaria
6293;Eupithecia dodoneata;164283;164447;;Eupithecia dodoneata
6294;Eupithecia egenaria;164283;164448;Linden-Blütenspanner;Linden-Blütenspanner – Eupithecia egenaria
6295;Eupithecia exiguata;164283;164449;;Eupithecia exiguata
6296;Eupithecia expallidata;164283;164450;Fuchs-Kreuzkraut-Blütenspanner;Fuchs-Kreuzkraut-Blütenspanner – Eupithecia expallidata
6297;Eupithecia extraversaria;164283;164451;;Eupithecia extraversaria
6298;Eupithecia goossensiata;164283;164452;Heidekraut-Blütenspanner;Heidekraut-Blütenspanner – Eupithecia goossensiata
6299;Eupithecia haworthiata;164283;164453;Waldreben-Blütenspanner;Waldreben-Blütenspanner – Eupithecia haworthiata
6300;Eupithecia immundata;164283;164455;Blasser Christophskraut-Blütenspanner;Blasser Christophskraut-Blütenspanner – Eupithecia immundata
6301;Eupithecia impurata;164283;164456;;Eupithecia impurata
6302;Eupithecia indigata;164283;164457;Kiefern-Blütenspanner;Kiefern-Blütenspanner – Eupithecia indigata
6303;Eupithecia insigniata;164283;164459;Obsthain-Blütenspanner;Obsthain-Blütenspanner – Eupithecia insigniata
6304;Eupithecia intricata;164283;164460;Großer Wacholder-Blütenspanner;Großer Wacholder-Blütenspanner – Eupithecia intricata
6305;Eupithecia inturbata;164283;164461;Feldahorn-Blütenspanner;Feldahorn-Blütenspanner – Eupithecia inturbata
6306;Eupithecia irriguata;164283;164462;Weisser Eichen-Blütenspanner;Weisser Eichen-Blütenspanner – Eupithecia irriguata
6307;Eupithecia lanceata;164283;164463;Fichten-Blütenspanner;Fichten-Blütenspanner – Eupithecia lanceata
6308;Eupithecia linariata;164283;164465;Leinkraut-Blütenspanner;Leinkraut-Blütenspanner – Eupithecia linariata
6309;Eupithecia millefoliata;164283;164466;Schafgarben-Blütenspanner;Schafgarben-Blütenspanner – Eupithecia millefoliata
6310;Eupithecia nanata;164283;164467;Heidekraut-Blütenspanner;Heidekraut-Blütenspanner – Eupithecia nanata
6313;Eupithecia plumbeolata;164283;164469;Wachtelweizen-Blütenspanner;Wachtelweizen-Blütenspanner – Eupithecia plumbeolata
6314;Eupithecia pulchellata;164283;164470;;Eupithecia pulchellata
6317;Eupithecia pygmaeata;164283;164473;;Eupithecia pygmaeata
6318;Eupithecia pyreneata;164283;164474;Gelbfingerhut-Blütenspanner;Gelbfingerhut-Blütenspanner – Eupithecia pyreneata
6319;Eupithecia satyrata;164283;164475;;Eupithecia satyrata
6320;Eupithecia selinata;164283;164476;Haarstrang-Blütenspanner;Haarstrang-Blütenspanner – Eupithecia selinata
6321;Eupithecia semigraphata;164283;164477;Felssteppen-Blütenspanner;Felssteppen-Blütenspanner – Eupithecia semigraphata
6324;Eupithecia subumbrata;164283;164482;;Eupithecia subumbrata
6325;Eupithecia tantillaria;164283;164484;;Eupithecia tantillaria
6326;Eupithecia venosata;164283;164489;Nelken-blütenspanner;Nelken-blütenspanner – Eupithecia venosata
6327;Eupithecia virgaureata;164283;164490;;Eupithecia virgaureata
6328;Eustroma reticulata;164283;164492;Netzspanner;Netzspanner – Eustroma reticulata
6329;Fagivorina arenaria;164283;164493;Rotbuchen-Flechten-Baumspanner;Rotbuchen-Flechten-Baumspanner – Fagivorina arenaria
6332;Hemistola chrysoprasaria;164283;164498;Waldreben-Grünspanner;Waldreben-Grünspanner – Hemistola chrysoprasaria
6335;Horisme tersata;164283;164501;Graubrauner Waldrebenspanner;Graubrauner Waldrebenspanner – Horisme tersata
6336;Horisme vitalbata;164283;164502;Hellbraungebändeter Waldrebenspanner;Hellbraungebändeter Waldrebenspanner – Horisme vitalbata
6337;Hydrelia flammeolaria;164283;164503;Gelbgestreifter Erlen-Spanner;Gelbgestreifter Erlen-Spanner – Hydrelia flammeolaria
6340;Hydriomena ruberata;164283;164507;;Hydriomena ruberata
6341;Hypoxystis pluviaria;164283;164511;Blassgelber Besenginsterspanner;Blassgelber Besenginsterspanner – Hypoxystis pluviaria
6343;Isturgia limbaria;164283;164535;Schwarzgesäumter Besenginsterspanner;Schwarzgesäumter Besenginsterspanner – Isturgia limbaria
6345;Larentia clavaria;164283;164541;Wegrand-Malven-Blattspanner;Wegrand-Malven-Blattspanner – Larentia clavaria
6347;Lobophora halterata;164283;164545;Veränderlicher Lappenspanner;Veränderlicher Lappenspanner – Lobophora halterata
6348;Lomographa bimaculata;164283;164547;Zweifleck-Weißspanner;Zweifleck-Weißspanner – Lomographa bimaculata
6349;Lomographa temerata;164283;164548;Schattenbindiger Weißspanner;Schattenbindiger Weißspanner – Lomographa temerata
6355;Lythria purpuraria;164283;164559;Knöterich-Purpurbindenspanner;Knöterich-Purpurbindenspanner – Lythria purpuraria
6358;Minoa murinata;164283;164569;Mausspanner;Mausspanner – Minoa murinata
6359;Nothocasis sertata;164283;164572;Ahorn-Lappenspanner;Ahorn-Lappenspanner – Nothocasis sertata
6363;Odezia atrata;164283;164576;Schwarzspanner;Schwarzspanner – Odezia atrata
6364;Odezia spec.;164283;164577;;Odezia spec.
6365;Operophtera brumata;164283;164579;Frostspanner;Frostspanner – Operophtera brumata
6366;Operophtera fagata;164283;164580;Buchenfrostspanner;Buchenfrostspanner – Operophtera fagata
6369;Orthonama vittata;164283;164582;;Orthonama vittata
6370;Pachycnemia hippocastanaria;164283;164585;;Pachycnemia hippocastanaria
6371;Pelurga comitata;164283;164590;Melden-Blattspanner;Melden-Blattspanner – Pelurga comitata
6372;Perconia strigillaria;164283;164592;Heide-Streifenspanner;Heide-Streifenspanner – Perconia strigillaria
6373;Peribatodes secundaria;164283;164595;;Peribatodes secundaria
6374;Perizoma affinitata;164283;164596;;Perizoma affinitata
6375;Perizoma albulata;164283;164597;Klappertopf-Kapselspanner;Klappertopf-Kapselspanner – Perizoma albulata
6376;Perizoma bifaciata;164283;164599;Zahntrost-Kapselspanner;Zahntrost-Kapselspanner – Perizoma bifaciata
6377;Perizoma blandiata;164283;164600;;Perizoma blandiata
6378;Philereme transversata;164283;164609;Kreuzdornspanner;Kreuzdornspanner – Philereme transversata
6379;Philereme vetulata;164283;164610;Kleiner Kreuzdornspanner;Kleiner Kreuzdornspanner – Philereme vetulata
6380;Plagodis dolabraria;164283;164611;Hobelspanner;Hobelspanner – Plagodis dolabraria
6381;Plagodis pulveraria;164283;164612;Heckenkirschenspanner;Heckenkirschenspanner – Plagodis pulveraria
6382;Pseudopanthera macularia;164283;164614;Pantherspanner;Pantherspanner – Pseudopanthera macularia
6383;Pseudoterpna pruinata;164283;164615;Ginster-Grünspanner;Ginster-Grünspanner – Pseudoterpna pruinata
6384;Pterapherapteryx sexalata;164283;164616;Kleiner Lappenspanner;Kleiner Lappenspanner – Pterapherapteryx sexalata
6385;Puengeleria capreolaria;164283;164617;;Puengeleria capreolaria
6386;Rhodostrophia vibicaria;164283;164626;Rotbandspanner;Rotbandspanner – Rhodostrophia vibicaria
6387;Scopula corrivalaria;164283;164627;Ampfer-Kleinspanner;Ampfer-Kleinspanner – Scopula corrivalaria
6388;Scopula immorata;164283;164631;;Scopula immorata
6389;Scopula immutata;164283;164632;Vierpunkt-Kleinspanner;Vierpunkt-Kleinspanner – Scopula immutata
6390;Scopula incanata;164283;164633;Weissgraür Kleinspanner;Weissgraür Kleinspanner – Scopula incanata
6391;Scopula marginepunctata;164283;164634;;Scopula marginepunctata
6392;Scopula ornata;164283;164637;Schmuck-Kleinspanner;Schmuck-Kleinspanner – Scopula ornata
6393;Scopula ternata;164283;164640;Heidelbeer-Kleinspanner;Heidelbeer-Kleinspanner – Scopula ternata
6394;Scopula umbelaria;164283;164641;Schwalbenwurz-Kleinspanner;Schwalbenwurz-Kleinspanner – Scopula umbelaria
6395;Scotopteryx bipunctaria;164283;164643;;Scotopteryx bipunctaria
6396;Scotopteryx coarctaria;164283;164645;Ginsterheiden-Wellenstriemenspanner;Ginsterheiden-Wellenstriemenspanner – Scotopteryx coarctaria
6397;Scotopteryx moeniata;164283;164647;;Scotopteryx moeniata
6398;Scotopteryx mucronata;164283;164648;;Scotopteryx mucronata
6400;Selenia tetralunaria;164283;164651;Mondfleckspanner;Mondfleckspanner – Selenia tetralunaria
6401;Selidosema brunnearia;164283;164652;Purpurgrauer Heide-Tagspanner;Purpurgrauer Heide-Tagspanner – Selidosema brunnearia
6404;Siona lineata;164283;164655;Linienspanner;Linienspanner – Siona lineata
6405;Spargania luctuata;164283;164656;;Spargania luctuata
6420;Synopsia sociaria;164283;164668;Sandrasen-Braunstreifenspanner;Sandrasen-Braunstreifenspanner – Synopsia sociaria
6421;Tephronia sepiaria;164283;164669;Totholzflechtenspanner;Totholzflechtenspanner – Tephronia sepiaria
6422;Thalera fimbrialis;164283;164670;Magerrasen-Grünspaner;Magerrasen-Grünspaner – Thalera fimbrialis
6425;Thera juniperata;164283;164673;;Thera juniperata
6426;Thera obeliscata;164283;164674;;Thera obeliscata
6428;Thera variata;164283;164675;;Thera variata
6429;Theria primaria;164283;164677;;Theria primaria
6430;Theria rupicapraria;164283;164678;;Theria rupicapraria
6431;Trichopteryx carpinata;164283;164680;Hellgrauer Lappenspanner;Hellgrauer Lappenspanner – Trichopteryx carpinata
6432;Triphosa dubitata;164283;164682;Olivbrauner Wegdornspanner;Olivbrauner Wegdornspanner – Triphosa dubitata
6433;Venusia cambrica;164283;164683;Ebereschen-Blattspanner;Ebereschen-Blattspanner – Venusia cambrica
6434;Kleinschmetterlinge;163212;163994;;Kleinschmetterlinge
6436;Acleris hastiana;163994;163997;;Acleris hastiana
6437;Acleris hyemana;163994;163998;;Acleris hyemana
6438;Acleris lipsiana;163994;163999;;Acleris lipsiana
6439;Acleris literana;163994;164000;;Acleris literana
6440;Acrobasis consociella;163994;164001;;Acrobasis consociella
6444;Adela reaumurella;163994;164005;Grüner Langfühler;Grüner Langfühler – Adela reaumurella
6445;Aethes margaritana;163994;164006;;Aethes margaritana
6446;Aethes tesserana;163994;164007;;Aethes tesserana
6447;Agapeta hamana;163994;164008;;Agapeta hamana
6448;Agapeta zoegana;163994;164009;;Agapeta zoegana
6449;Agriphila selasella;163994;164015;;Agriphila selasella
6452;Agriphilia spec.;163994;164020;Zünsler;Zünsler – Agriphilia spec.
6453;Anania funebris;163994;164025;;Anania funebris
6454;Ancylis unguicella;163994;164027;;Ancylis unguicella
6455;Anerastia lotella;163994;164028;;Anerastia lotella
6456;Atralata albofascialis;163994;164036;;Atralata albofascialis
6458;Blastesthia turionella;163994;164037;;Blastesthia turionella
6459;Buckleria paludum;163994;164042;;Buckleria paludum
6460;Calamotropha paludella;163994;164045;;Calamotropha paludella
6461;Cataclysta lemnata;163994;164050;Wasserlinsen-Zünsler;Wasserlinsen-Zünsler – Cataclysta lemnata
6463;Catoptria permutatella;163994;164057;;Catoptria permutatella
6464;Chilo phragmitella;163994;164061;;Chilo phragmitella
6465;Cochylidia rupicola;163994;164065;;Cochylidia rupicola
6466;Commophila aeneana;163994;164067;;Commophila aeneana
6468;Crambus hamella;163994;164072;;Crambus hamella
6470;Crambus uliginosellus;163994;164079;;Crambus uliginosellus
6471;Croesia bergmanniana;163994;164080;;Croesia bergmanniana
6472;Croesia forsskaleana;163994;164081;;Croesia forsskaleana
6473;Croesia holmiana;163994;164082;;Croesia holmiana
6474;Dichomeris marginalla;163994;164087;;Dichomeris marginalla
6475;Dioryctria abietella;163994;164088;;Dioryctria abietella
6477;Dioryctria schuetzeella;163994;164090;;Dioryctria schuetzeella
6478;Dioryctria sylvestrella;163994;164092;;Dioryctria sylvestrella
6479;Diurnea fagella;163994;164094;;Diurnea fagella
6480;Enarmonia formosana;163994;164103;;Enarmonia formosana
6481;Epiblema turbidana;163994;164108;;Epiblema turbidana
6483;Eurrhypara hortulata;163994;164120;;Eurrhypara hortulata
6486;Olethreutes arcuella;163994;164169;;Olethreutes arcuella
6488;Oncocera semirubella;163994;164171;;Oncocera semirubella
6489;Pammene regiana;163994;164183;;Pammene regiana
6492;Periclepsis cinctana;163994;164199;;Periclepsis cinctana
6493;Perinephela lancealis;163994;164200;;Perinephela lancealis
6494;Phlyctaenia perlucidalis;163994;164202;;Phlyctaenia perlucidalis
6497;Platytes alpinella;163994;164218;;Platytes alpinella
6498;Pyrausta cingulata;163994;164231;;Pyrausta cingulata
6499;Pyrausta nigrata;163994;164233;;Pyrausta nigrata
6500;Rhyacionia buoliana;163994;164235;;Rhyacionia buoliana
6501;Rhyacionia pinicolana;163994;164236;;Rhyacionia pinicolana
6503;Selagia argyrella;163994;164253;;Selagia argyrella
6505;Tortrix viridana;163994;164265;Eichenwickler;Eichenwickler – Tortrix viridana
6506;Yponomeuta evonymella;163994;164279;;Yponomeuta evonymella
6507;Yponomeuta padellus;163994;164280;;Yponomeuta padellus
6509;Säugetiere;nan;163127;;Säugetiere
6510;Nyctalus noctula;163127;163128;Großer Abendsegler;Großer Abendsegler – Nyctalus noctula
6511;Myotis bechsteinii;163127;163130;Bechsteinfledermaus;Bechsteinfledermaus – Myotis bechsteinii
6512;Plecotus auritus;163127;163134;Braunes Langohr;Braunes Langohr – Plecotus auritus
6513;Eptesicus serotinus;163127;163135;Breitflügelfledermaus;Breitflügelfledermaus – Eptesicus serotinus
6514;Myotis nattereri;163127;163145;Fransenfledermaus;Fransenfledermaus – Myotis nattereri
6515;Plecotus austriacus;163127;163149;Graues Langohr;Graues Langohr – Plecotus austriacus
6516;Myotis brandtii;163127;163150;Große Bartfledermaus;Große Bartfledermaus – Myotis brandtii
6517;Rhinolophus ferrumequinum;163127;163151;Große Hufeisennase;Große Hufeisennase – Rhinolophus ferrumequinum
6518;Myotis mystacinus;163127;163159;Kleine Bartfledermaus;Kleine Bartfledermaus – Myotis mystacinus
6519;Rhinolophus hipposideros;163127;163160;Kleine Hufeisennase;Kleine Hufeisennase – Rhinolophus hipposideros
6520;Nyctalus leisleri;163127;163161;Kleinabendsegler;Kleinabendsegler – Nyctalus leisleri
6521;Myotis myotis;163127;163165;Großes Mausohr;Großes Mausohr – Myotis myotis
6522;Barbastella barbastellus;163127;163167;Mopsfledermaus;Mopsfledermaus – Barbastella barbastellus
6523;Eptesicus nilssonii;163127;163169;Nordfledermaus;Nordfledermaus – Eptesicus nilssonii
6524;Pipistrellus nathusii;163127;163171;Rauhautfledermaus;Rauhautfledermaus – Pipistrellus nathusii
6525;Myotis dasycneme;163127;163180;Teichfledermaus;Teichfledermaus – Myotis dasycneme
6526;Myotis daubentonii;163127;163185;Wasserfledermaus;Wasserfledermaus – Myotis daubentonii
6527;Myotis emarginatus;163127;163190;Wimperfledermaus;Wimperfledermaus – Myotis emarginatus
6528;Vespertilio murinus;163127;163192;Zweifarbfledermaus;Zweifarbfledermaus – Vespertilio murinus
6529;Pipistrellus pipistrellus;163127;163193;Zwergfledermaus;Zwergfledermaus – Pipistrellus pipistrellus
6530;Lepus europaeus;163127;163141;Feldhase;Feldhase – Lepus europaeus
6530;Lepus europaeus;187284;187403;Feldhase;Feldhase – Lepus europaeus
6531;Oryctolagus cuniculus;163127;163187;Wildkaninchen;Wildkaninchen – Oryctolagus cuniculus
6531;Oryctolagus cuniculus;187284;187406;Wildkaninchen;Wildkaninchen – Oryctolagus cuniculus
6532;Crocidura leucodon;163127;163143;Feldspitzmaus;Feldspitzmaus – Crocidura leucodon
6533;Crocidura russula;163127;163155;Hausspitzmaus;Hausspitzmaus – Crocidura russula
6534;Erinaceus europaeus;163127;163157;Igel;Igel – Erinaceus europaeus
6535;Talpa europaea;163127;163164;Maulwurf;Maulwurf – Talpa europaea
6536;Neomys anomalus;163127;163179;Sumpfspitzmaus;Sumpfspitzmaus – Neomys anomalus
6537;Sorex araneus;163127;163182;Waldspitzmaus;Waldspitzmaus – Sorex araneus
6538;Neomys fodiens;163127;163186;Wasserspitzmaus;Wasserspitzmaus – Neomys fodiens
6539;Sorex minutus;163127;163195;Zwergspitzmaus;Zwergspitzmaus – Sorex minutus
6540;Castor fiber;163127;163131;Europäischer Biber;Europäischer Biber – Castor fiber
6541;Ondatra zibethicus;163127;163132;Bisam;Bisam – Ondatra zibethicus
6541;Ondatra zibethicus;187286;187452;Bisam;Bisam – Ondatra zibethicus
6542;Apodemus agrarius;163127;163133;Brandmaus;Brandmaus – Apodemus agrarius
6543;Sciurus vulgaris;163127;163138;Eichhörnchen;Eichhörnchen – Sciurus vulgaris
6544;Microtus agrestis;163127;163139;Erdmaus;Erdmaus – Microtus agrestis
6545;Microtus arvalis;163127;163142;Feldmaus;Feldmaus – Microtus arvalis
6546;Eliomys quercinus;163127;163147;Gartenschläfer;Gartenschläfer – Eliomys quercinus
6547;Apodemus flavicollis;163127;163148;Gelbhalsmaus;Gelbhalsmaus – Apodemus flavicollis
6549;Muscardinus avellanarius;163127;163152;Haselmaus;Haselmaus – Muscardinus avellanarius
6550;Mus musculus domesticus;163127;163153;Hausmaus (westliche);Hausmaus (westliche) – Mus musculus domesticus
6551;Rattus rattus;163127;163154;Hausratte;Hausratte – Rattus rattus
6552;Microtus subterraneus;163127;163162;Kleinwühlmaus;Kleinwühlmaus – Microtus subterraneus
6553;Myocastor coypus;163127;163170;Nutria;Nutria – Myocastor coypus
6553;Myocastor coypus;187286;187455;Nutria;Nutria – Myocastor coypus
6554;Clethrionomys glareolus;163127;163173;Rötelmaus;Rötelmaus – Clethrionomys glareolus
6555;Arvicola terrestris;163127;163176;Ostschermaus;Ostschermaus – Arvicola terrestris
6556;Glis glis;163127;163177;Siebenschläfer;Siebenschläfer – Glis glis
6557;Apodemus sylvaticus;163127;163181;Waldmaus;Waldmaus – Apodemus sylvaticus
6558;Rattus norvegicus;163127;163183;Wanderratte;Wanderratte – Rattus norvegicus
6559;Micromys minutus;163127;163194;Zwergmaus;Zwergmaus – Micromys minutus
6560;Dama dama;163127;163137;Damwild;Damwild – Dama dama
6560;Dama dama;187282;187399;Damwild;Damwild – Dama dama
6561;Ovis ammon musimon;163127;163168;Mufflon;Mufflon – Ovis ammon musimon
6561;Ovis ammon musimon;187282;187400;Mufflon;Mufflon – Ovis ammon musimon
6562;Capreolus capreolus;163127;163172;Rehwild;Rehwild – Capreolus capreolus
6562;Capreolus capreolus;187282;187401;Rehwild;Rehwild – Capreolus capreolus
6563;Cervus elaphus;163127;163174;Rotwild;Rotwild – Cervus elaphus
6563;Cervus elaphus;187282;187397;Rotwild;Rotwild – Cervus elaphus
6564;Sus scrofa;163127;163189;Schwarzwild;Schwarzwild – Sus scrofa
6564;Sus scrofa;187282;187402;Schwarzwild;Schwarzwild – Sus scrofa
6565;Martes martes;163127;163129;Baummarder;Baummarder – Martes martes
6565;Martes martes;187284;187409;Baummarder;Baummarder – Martes martes
6566;Meles meles;163127;163136;Dachs;Dachs – Meles meles
6566;Meles meles;187284;187413;Dachs;Dachs – Meles meles
6567;Lutra lutra;163127;163144;Fischotter;Fischotter – Lutra lutra
6567;Lutra lutra;187284;187414;Fischotter;Fischotter – Lutra lutra
6568;Mustela erminea;163127;163156;Hermelin;Hermelin – Mustela erminea
6568;Mustela erminea;187284;187411;Hermelin;Hermelin – Mustela erminea
6569;Mustela putorius;163127;163158;Iltis;Iltis – Mustela putorius
6569;Mustela putorius;187284;187410;Iltis;Iltis – Mustela putorius
6570;Lynx lynx;163127;163163;Luchs;Luchs – Lynx lynx
6570;Lynx lynx;187284;187417;Luchs;Luchs – Lynx lynx
6571;Mustela nivalis;163127;163166;Mauswiesel;Mauswiesel – Mustela nivalis
6571;Mustela nivalis;187284;187412;Mauswiesel;Mauswiesel – Mustela nivalis
6573;Martes foina;163127;163178;Steinmarder;Steinmarder – Martes foina
6573;Martes foina;187284;187408;Steinmarder;Steinmarder – Martes foina
6574;Procyon lotor;163127;163184;Waschbär;Waschbär – Procyon lotor
6574;Procyon lotor;187284;187415;Waschbär;Waschbär – Procyon lotor
6575;Felis silvestris;163127;163188;Wildkatze;Wildkatze – Felis silvestris
6575;Felis silvestris;187284;187418;Wildkatze;Wildkatze – Felis silvestris
6576;Canis lupus;163127;163191;Wolf;Wolf – Canis lupus
6577;Schnabelfliegen;nan;164825;;Schnabelfliegen
6578;Boreus hyemalis;164825;164826;;Boreus hyemalis
6579;Boreus westwoodii;164825;164827;;Boreus westwoodii
6580;Panorpa communis;164825;164828;;Panorpa communis
6581;Panorpa spec.;164825;164829;;Panorpa spec.
6582;Schnecken, Muscheln;nan;164830;;Schnecken, Muscheln
6583;Abida secale;164830;164831;Roggenkornschnecke;Roggenkornschnecke – Abida secale
6584;Acanthinula aculeata;164830;164832;Stachelschnecke;Stachelschnecke – Acanthinula aculeata
6585;Acicula fusca;164830;164833;Braune Mulmnadel;Braune Mulmnadel – Acicula fusca
6586;Acicula lineata;164830;164834;Gestreifte Mulmnadel;Gestreifte Mulmnadel – Acicula lineata
6587;Acroloxus lacustris;164830;164835;Teichnapfschnecke;Teichnapfschnecke – Acroloxus lacustris
6590;Aegopinella nitidula;164830;164838;Rötliche Glanzschnecke;Rötliche Glanzschnecke – Aegopinella nitidula
6591;Aegopinella pura;164830;164839;Kleine Glanzschnecke;Kleine Glanzschnecke – Aegopinella pura
6592;Ancylus fluviatilis;164830;164840;Fluss-Napfschnecke;Fluss-Napfschnecke – Ancylus fluviatilis
6593;Anisus leucostoma;164830;164841;Weissmündige Tellerschnecke;Weissmündige Tellerschnecke – Anisus leucostoma
6594;Anisus spec.;164830;164842;;Anisus spec.
6595;Anisus spirorbis;164830;164843;Gelippte Tellerschnecke;Gelippte Tellerschnecke – Anisus spirorbis
6596;Anisus vortex;164830;164845;Scharfe Tellerschnecke;Scharfe Tellerschnecke – Anisus vortex
6597;Anisus vorticulus;164830;164846;Zierliche Tellerschnecke;Zierliche Tellerschnecke – Anisus vorticulus
6598;Anodonta anatina;164830;164847;Flache Teichmuschel;Flache Teichmuschel – Anodonta anatina
6599;Anodonta cygnea;164830;164849;Große Teichmuschel;Große Teichmuschel – Anodonta cygnea
6600;Anodonta spec.;164830;164851;;Anodonta spec.
6602;Aplexa hypnorum;164830;164853;Moos-Blasenschnecke;Moos-Blasenschnecke – Aplexa hypnorum
6603;Arianta arbustorum;164830;164854;Baumschnecke;Baumschnecke – Arianta arbustorum
6604;Arion circumscriptus;164830;164855;Graue Wegschnecke;Graue Wegschnecke – Arion circumscriptus
6605;Arion circumscriptus-Komplex;164830;164856;Graue Wegschnecke-Aggregat;Graue Wegschnecke-Aggregat – Arion circumscriptus-Komplex
6606;Arion distinctus;164830;164857;Gemeine Gartenwegschnecke;Gemeine Gartenwegschnecke – Arion distinctus
6607;Arion fasciatus;164830;164859;Gelbstreifige Wegschnecke;Gelbstreifige Wegschnecke – Arion fasciatus
6608;Arion intermedius;164830;164860;Kleine Wegschnecke;Kleine Wegschnecke – Arion intermedius
6609;Arion lusitanicus;164830;164862;Spanische Wegschnecke;Spanische Wegschnecke – Arion lusitanicus
6610;Arion rufus;164830;164863;Rote Wegschnecke;Rote Wegschnecke – Arion rufus
6611;Arion silvaticus;164830;164864;Wald-Wegschnecke;Wald-Wegschnecke – Arion silvaticus
6612;Arion spec.;164830;164865;;Arion spec.
6613;Arion subfuscus;164830;164866;Braune Wegschnecke;Braune Wegschnecke – Arion subfuscus
6614;Azeca goodalli;164830;164867;Bezahnte Achatschnecke;Bezahnte Achatschnecke – Azeca goodalli
6615;Balea biplicata;164830;164868;Gemeine Schliessmundschnecke;Gemeine Schliessmundschnecke – Balea biplicata
6616;Balea perversa;164830;164869;Zahnlose Schliessmundschnecke;Zahnlose Schliessmundschnecke – Balea perversa
6617;Bathyomphalus contortus;164830;164870;Riementellerschnecke;Riementellerschnecke – Bathyomphalus contortus
6618;Bithynia leachii;164830;164871;Bauchige Schnauzenschnecke;Bauchige Schnauzenschnecke – Bithynia leachii
6619;Bithynia tentaculata;164830;164872;Gemeine Schnauzenschnecke;Gemeine Schnauzenschnecke – Bithynia tentaculata
6621;Bythinella dunkeri;164830;164875;Dunkers Quellschnecke;Dunkers Quellschnecke – Bythinella dunkeri
6623;Bythiospeum spec.;164830;164881;Brunnenschnecke;Brunnenschnecke – Bythiospeum spec.
6624;Candidula intersecta;164830;164882;Gefleckte Heideschnecke;Gefleckte Heideschnecke – Candidula intersecta
6625;Candidula unifasciata;164830;164883;Quendelschnecke;Quendelschnecke – Candidula unifasciata
6626;Carychium minimum;164830;164884;Bauchige Zwerghornschnecke;Bauchige Zwerghornschnecke – Carychium minimum
6627;Carychium tridentatum;164830;164886;Schlanke Zwerghornschnecke;Schlanke Zwerghornschnecke – Carychium tridentatum
6628;Cecilioides acicula;164830;164887;Blindschnecke;Blindschnecke – Cecilioides acicula
6629;Cepaea hortensis;164830;164888;Weissmündige Bänderschnecke;Weissmündige Bänderschnecke – Cepaea hortensis
6630;Cepaea nemoralis;164830;164889;Schwarzmündige Bänderschnecke;Schwarzmündige Bänderschnecke – Cepaea nemoralis
6631;Cepaea spec.;164830;164890;;Cepaea spec.
6633;Clausilia bidentata;164830;164892;Zweizähnige Schliessmundschnecke;Zweizähnige Schliessmundschnecke – Clausilia bidentata
6634;Clausilia dubia;164830;164893;Gitterstreifige Schliessmundschnecke;Gitterstreifige Schliessmundschnecke – Clausilia dubia
6635;Clausilia pumila;164830;164894;Keulige Schliessmundschnecke;Keulige Schliessmundschnecke – Clausilia pumila
6636;Clausilia rugosa parvula;164830;164896;Kleine Schliessmundschnecke;Kleine Schliessmundschnecke – Clausilia rugosa parvula
6637;Clausilia spec.;164830;164897;;Clausilia spec.
6638;Cochlicopa lubrica;164830;164898;Gemeine Achatschnecke;Gemeine Achatschnecke – Cochlicopa lubrica
6639;Cochlicopa lubrica-Komplex;164830;164899;Gemeine Achatschnecke-Aggregat;Gemeine Achatschnecke-Aggregat – Cochlicopa lubrica-Komplex
6640;Cochlicopa lubricella;164830;164900;Kleine Achatschnecke;Kleine Achatschnecke – Cochlicopa lubricella
6641;Cochlicopa nitens;164830;164901;Glänzende Achatschnecke;Glänzende Achatschnecke – Cochlicopa nitens
6643;Cochlodina laminata;164830;164903;Glatte Schliessmundschnecke;Glatte Schliessmundschnecke – Cochlodina laminata
6644;Columella aspera;164830;164904;Rauhe Windelschnecke;Rauhe Windelschnecke – Columella aspera
6645;Columella edentula;164830;164905;Zahnlose Windelschnecke;Zahnlose Windelschnecke – Columella edentula
6646;Mytilopsis leucophaeata;164830;164907;Brackwasserdreiecksmuschel;Brackwasserdreiecksmuschel – Mytilopsis leucophaeata
6647;Corbicula fluminea;164830;164909;Körbchenmuschel;Körbchenmuschel – Corbicula fluminea
6648;Cornu aspersum;164830;164911;Gefleckte Weinbergschnecke;Gefleckte Weinbergschnecke – Cornu aspersum
6649;Daudebardia brevipes;164830;164912;Kleine Daudebardie;Kleine Daudebardie – Daudebardia brevipes
6650;Daudebardia rufa;164830;164913;Rötliche Daudebardie;Rötliche Daudebardie – Daudebardia rufa
6651;Deroceras agreste;164830;164914;Einfarbige Ackerschnecke;Einfarbige Ackerschnecke – Deroceras agreste
6652;Deroceras agreste-Komplex;164830;164915;Einfarbige Ackerschnecke-Aggregat;Einfarbige Ackerschnecke-Aggregat – Deroceras agreste-Komplex
6653;Deroceras laeve;164830;164917;Wasserschnegel;Wasserschnegel – Deroceras laeve
6654;Deroceras panormitanum;164830;164918;Mittelmeer-Ackerschnecke;Mittelmeer-Ackerschnecke – Deroceras panormitanum
6655;Deroceras reticulatum;164830;164919;Genetzte Ackerschnecke;Genetzte Ackerschnecke – Deroceras reticulatum
6656;Deroceras spec.;164830;164921;;Deroceras spec.
6657;Deroceras sturanyi;164830;164922;Hammerschnegel;Hammerschnegel – Deroceras sturanyi
6658;Discus rotundatus;164830;164923;Gefleckte Schüsselschnecke;Gefleckte Schüsselschnecke – Discus rotundatus
6659;Discus ruderatus;164830;164924;Braune Schüsselschnecke;Braune Schüsselschnecke – Discus ruderatus
6660;Dreissena polymorpha;164830;164925;Zebramuschel;Zebramuschel – Dreissena polymorpha
6661;Ena montana;164830;164926;Berg-Turmschnecke;Berg-Turmschnecke – Ena montana
6662;Eucobresia diaphana;164830;164927;Ohrförmige Glasschnecke;Ohrförmige Glasschnecke – Eucobresia diaphana
6663;Euconulus alderi;164830;164928;Dunkles Kegelchen;Dunkles Kegelchen – Euconulus alderi
6664;Euconulus fulvus;164830;164929;Helles Kegelchen;Helles Kegelchen – Euconulus fulvus
6665;Euomphalia strigella;164830;164931;Große Laubschnecke;Große Laubschnecke – Euomphalia strigella
6666;Ferrissia wautieri;164830;164932;Flache Mützenschnecke;Flache Mützenschnecke – Ferrissia wautieri
6668;Galba spec.;164830;164935;;Galba spec.
6669;Galba truncatula;164830;164936;Kleine Sumpfschnecke;Kleine Sumpfschnecke – Galba truncatula
6670;Granaria frumentum;164830;164937;Wulstige Kornschnecke;Wulstige Kornschnecke – Granaria frumentum
6671;Gyraulus albus;164830;164938;Weißes Posthörnchen;Weißes Posthörnchen – Gyraulus albus
6672;Gyraulus crista;164830;164939;Zwergposthörnchen;Zwergposthörnchen – Gyraulus crista
6673;Gyraulus laevis;164830;164941;Glattes Posthörnchen;Glattes Posthörnchen – Gyraulus laevis
6674;Gyraulus spec.;164830;164942;;Gyraulus spec.
6675;Helicella itala;164830;164944;Gemeine Heideschnecke;Gemeine Heideschnecke – Helicella itala
6676;Helicigona lapicida;164830;164945;Steinpicker;Steinpicker – Helicigona lapicida
6677;Helicodonta obvoluta;164830;164946;Riemenschnecke;Riemenschnecke – Helicodonta obvoluta
6679;Helix pomatia;164830;164948;Weinbergschnecke;Weinbergschnecke – Helix pomatia
6680;Hippeutis complanatus;164830;164949;Linsenförmige Tellerschnecke;Linsenförmige Tellerschnecke – Hippeutis complanatus
6681;Isognomostoma isognomostomos;164830;164951;Maskenschnecke;Maskenschnecke – Isognomostoma isognomostomos
6683;Laciniaria plicata;164830;164953;Faltenrandige Schliessmundschnecke;Faltenrandige Schliessmundschnecke – Laciniaria plicata
6684;Lauria cylindracea;164830;164954;Genabelte Puppenschnecke;Genabelte Puppenschnecke – Lauria cylindracea
6685;Lehmannia marginata;164830;164955;Baumschnegel;Baumschnegel – Lehmannia marginata
6686;Limacus flavus;164830;164956;Bierschnegel;Bierschnegel – Limacus flavus
6687;Limax cinereoniger;164830;164957;Schwarzer Schnegel;Schwarzer Schnegel – Limax cinereoniger
6688;Limax maximus;164830;164958;Großer Schnegel;Großer Schnegel – Limax maximus
6689;Lithoglyphus naticoides;164830;164959;Fluss-Steinkleber;Fluss-Steinkleber – Lithoglyphus naticoides
6690;Lymnaea stagnalis;164830;164960;Spitzhorn-Schlammschnecke;Spitzhorn-Schlammschnecke – Lymnaea stagnalis
6691;Macrogastra attenuata lineolata;164830;164962;Mittlere Schliessmundschnecke;Mittlere Schliessmundschnecke – Macrogastra attenuata lineolata
6692;Macrogastra plicatula;164830;164963;Gefältelte Schliessmundschnecke;Gefältelte Schliessmundschnecke – Macrogastra plicatula
6693;Macrogastra rolphii;164830;164964;Spindelförmige Schliessmundschnecke;Spindelförmige Schliessmundschnecke – Macrogastra rolphii
6694;Macrogastra ventricosa;164830;164965;Bauchige Schliessmundschnecke;Bauchige Schliessmundschnecke – Macrogastra ventricosa
6695;Malacolimax tenellus;164830;164967;Pilzschnegel;Pilzschnegel – Malacolimax tenellus
6696;Margaritifera margaritifera;164830;164968;Flussperlmuschel;Flussperlmuschel – Margaritifera margaritifera
6697;Marstoniopsis scholtzi;164830;164969;Schöngesichtige Zwergdeckelschnecke;Schöngesichtige Zwergdeckelschnecke – Marstoniopsis scholtzi
6698;Menetus dilatatus;164830;164970;Zwergposthornschnecke;Zwergposthornschnecke – Menetus dilatatus
6699;Merdigera obscura;164830;164971;Kleine Turmschnecke;Kleine Turmschnecke – Merdigera obscura
6700;Milax gagates;164830;164972;Dunkler Kielschnegel;Dunkler Kielschnegel – Milax gagates
6701;Monacha cantiana;164830;164973;Große Kartäuserschnecke;Große Kartäuserschnecke – Monacha cantiana
6702;Monacha cartusiana;164830;164974;Kartäuserschnecke;Kartäuserschnecke – Monacha cartusiana
6703;Monachoides incarnatus;164830;164975;Rötliche Laubschnecke;Rötliche Laubschnecke – Monachoides incarnatus
6704;Musculium lacustre;164830;164976;Häubchenmuschel;Häubchenmuschel – Musculium lacustre
6705;Myxas glutinosa;164830;164978;Mantelschnecke;Mantelschnecke – Myxas glutinosa
6706;Nesovitrea hammonis;164830;164979;Braune Streifenglanzschnecke;Braune Streifenglanzschnecke – Nesovitrea hammonis
6708;Omphiscola glabra;164830;164981;Längliche Sumpfschnecke;Längliche Sumpfschnecke – Omphiscola glabra
6709;Oxychilus alliarius;164830;164982;Knoblauch-Glanzschnecke;Knoblauch-Glanzschnecke – Oxychilus alliarius
6710;Oxychilus cellarius;164830;164983;Keller-Glanzschnecke;Keller-Glanzschnecke – Oxychilus cellarius
6711;Oxychilus draparnaudi;164830;164984;Große Glanzschnecke;Große Glanzschnecke – Oxychilus draparnaudi
6712;Oxyloma elegans;164830;164985;Schlanke Bernsteinschnecke;Schlanke Bernsteinschnecke – Oxyloma elegans
6713;Oxyloma sarsii;164830;164986;Rötliche Bernsteinschnecke;Rötliche Bernsteinschnecke – Oxyloma sarsii
6714;Perforatella bidentata;164830;164987;Zweizähnige Laubschnecke;Zweizähnige Laubschnecke – Perforatella bidentata
6717;Phenacolimax major;164830;164990;Große Glasschnecke;Große Glasschnecke – Phenacolimax major
6718;Physa fontinalis;164830;164991;Quell-Blasenschnecke;Quell-Blasenschnecke – Physa fontinalis
6719;Physella acuta;164830;164992;Spitze Blasenschnecke;Spitze Blasenschnecke – Physella acuta
6720;Physella heterostropha;164830;164993;Amerikanische Blasenschnecke;Amerikanische Blasenschnecke – Physella heterostropha
6721;Pisidium amnicum;164830;164994;Große Erbsenmuschel;Große Erbsenmuschel – Pisidium amnicum
6722;Pisidium casertanum;164830;164995;Gemeine Erbsenmuschel;Gemeine Erbsenmuschel – Pisidium casertanum
6723;Pisidium henslowanum;164830;164996;Kleine Faltenerbsenmuschel;Kleine Faltenerbsenmuschel – Pisidium henslowanum
6724;Pisidium hibernicum;164830;164997;Glatte Erbsenmuschel;Glatte Erbsenmuschel – Pisidium hibernicum
6726;Pisidium milium;164830;165000;Eckige Erbsenmuschel;Eckige Erbsenmuschel – Pisidium milium
6727;Pisidium moitessierianum;164830;165001;Winzige Falten-Erbsenmuschel;Winzige Falten-Erbsenmuschel – Pisidium moitessierianum
6728;Pisidium nitidum;164830;165002;Glänzende Erbsenmuschel;Glänzende Erbsenmuschel – Pisidium nitidum
6729;Pisidium obtusale;164830;165003;Stumpfe Erbsenmuschel;Stumpfe Erbsenmuschel – Pisidium obtusale
6730;Pisidium personatum;164830;165004;Quellerbsenmuschel;Quellerbsenmuschel – Pisidium personatum
6731;Pisidium pseudosphaerium;164830;165005;Kugelige Erbsenmuschel;Kugelige Erbsenmuschel – Pisidium pseudosphaerium
6732;Pisidium pulchellum;164830;165006;Schöne Erbsenmuschel;Schöne Erbsenmuschel – Pisidium pulchellum
6733;Pisidium spec.;164830;165007;;Pisidium spec.
6734;Pisidium subtruncatum;164830;165008;Schiefe Erbsenmuschel;Schiefe Erbsenmuschel – Pisidium subtruncatum
6735;Pisidium supinum;164830;165009;Dreieckige Erbsenmuschel;Dreieckige Erbsenmuschel – Pisidium supinum
6736;Pisidium tenuilineatum;164830;165010;Kleinste Erbsenmuschel;Kleinste Erbsenmuschel – Pisidium tenuilineatum
6737;Planorbarius corneus;164830;165011;Posthornschnecke;Posthornschnecke – Planorbarius corneus
6738;Planorbis carinatus;164830;165012;Gekielte Tellerschnecke;Gekielte Tellerschnecke – Planorbis carinatus
6739;Planorbis planorbis;164830;165013;Gemeine Tellerschnecke;Gemeine Tellerschnecke – Planorbis planorbis
6740;Planorbis spec.;164830;165014;;Planorbis spec.
6741;Platyla polita;164830;165015;Glatte Mulmnadel;Glatte Mulmnadel – Platyla polita
6742;Pomatias elegans;164830;165016;Schöne Landdeckelschnecke;Schöne Landdeckelschnecke – Pomatias elegans
6743;Potamopyrgus antipodarum;164830;165017;Neuseeländische Deckelschnecke;Neuseeländische Deckelschnecke – Potamopyrgus antipodarum
6744;Pseudanodonta complanata;164830;165019;Abgeplattete Teichmuschel;Abgeplattete Teichmuschel – Pseudanodonta complanata
6745;Pseudotrichia rubiginosa;164830;165021;Ufer-Laubschnecke;Ufer-Laubschnecke – Pseudotrichia rubiginosa
6746;Punctum pygmaeum;164830;165022;Punktschnecke;Punktschnecke – Punctum pygmaeum
6747;Pupilla muscorum;164830;165023;Moos-Puppenschnecke;Moos-Puppenschnecke – Pupilla muscorum
6748;Pupilla sterrii;164830;165027;Gestreifte Puppenschnecke;Gestreifte Puppenschnecke – Pupilla sterrii
6750;Radix ampla;164830;165029;Weitmündige Schlammschnecke;Weitmündige Schlammschnecke – Radix ampla
6751;Radix auricularia;164830;165030;Ohr-Schlammschnecke;Ohr-Schlammschnecke – Radix auricularia
6752;Radix ovata;164830;165031;Eiförmige Schlammschnecke;Eiförmige Schlammschnecke – Radix ovata
6753;Radix peregra;164830;165032;Gemeine Schlammschnecke;Gemeine Schlammschnecke – Radix peregra
6754;Radix peregra-Komplex;164830;165033;Gemeine Schlammschnecke-Aggregat;Gemeine Schlammschnecke-Aggregat – Radix peregra-Komplex
6755;Radix spec.;164830;165034;;Radix spec.
6756;Segmentina nitida;164830;165035;Glänzende Tellerschnecke;Glänzende Tellerschnecke – Segmentina nitida
6757;Semilimax semilimax;164830;165036;Weitmündige Glasschnecke;Weitmündige Glasschnecke – Semilimax semilimax
6758;Sphaerium corneum;164830;165037;Gemeine Kugelmuschel;Gemeine Kugelmuschel – Sphaerium corneum
6759;Sphaerium rivicola;164830;165038;Fluss-Kugelmuschel;Fluss-Kugelmuschel – Sphaerium rivicola
6760;Sphaerium solidum;164830;165039;Dickschalige Kugelmuschel;Dickschalige Kugelmuschel – Sphaerium solidum
6761;Sphaerium spec.;164830;165040;;Sphaerium spec.
6762;Sphyradium doliolum;164830;165041;Kleine Fässchenschnecke;Kleine Fässchenschnecke – Sphyradium doliolum
6763;Stagnicola corvus;164830;165042;Große Sumpfschnecke;Große Sumpfschnecke – Stagnicola corvus
6764;Stagnicola palustris;164830;165045;Gemeine Sumpfschnecke;Gemeine Sumpfschnecke – Stagnicola palustris
6765;Stagnicola palustris-Komplex;164830;165046;Gemeine Sumpfschnecke-Aggregat;Gemeine Sumpfschnecke-Aggregat – Stagnicola palustris-Komplex
6766;Succinea putris;164830;165047;Gemeine Bernsteinschnecke;Gemeine Bernsteinschnecke – Succinea putris
6767;Succinea spec.;164830;165048;;Succinea spec.
6768;Succinella oblonga;164830;165049;Kleine Bernsteinschnecke;Kleine Bernsteinschnecke – Succinella oblonga
6769;Tandonia rustica;164830;165050;Großer Kielschnegel;Großer Kielschnegel – Tandonia rustica
6770;Theodoxus fluviatilis;164830;165051;Gemeine Kahnschnecke;Gemeine Kahnschnecke – Theodoxus fluviatilis
6771;Trochulus hispidus;164830;165053;Gemeine Haarschnecke;Gemeine Haarschnecke – Trochulus hispidus
6772;Trochulus sericeus;164830;165054;Seidenhaarschnecke;Seidenhaarschnecke – Trochulus sericeus
6773;Trichia spec.;164830;165055;;Trichia spec.
6774;Trochulus striolatus;164830;165056;Gestreifte Haarschnecke;Gestreifte Haarschnecke – Trochulus striolatus
6775;Xerocrassa geyeri;164830;165057;Zwergheideschnecke;Zwergheideschnecke – Xerocrassa geyeri
6776;Truncatellina costulata;164830;165058;Wulstige Zylinderwindelschnecke;Wulstige Zylinderwindelschnecke – Truncatellina costulata
6777;Truncatellina cylindrica;164830;165059;Zylinder-Windelschnecke;Zylinder-Windelschnecke – Truncatellina cylindrica
6779;Unio crassus nanus;164830;165061;Kleine Flussmuschel-Rheinrasse;Kleine Flussmuschel-Rheinrasse – Unio crassus nanus
6780;Unio pictorum;164830;165062;Malermuschel;Malermuschel – Unio pictorum
6781;Unio spec.;164830;165063;;Unio spec.
6782;Unio tumidus;164830;165064;Große Flussmuschel;Große Flussmuschel – Unio tumidus
6783;Vallonia costata;164830;165065;Gerippte Grasschnecke;Gerippte Grasschnecke – Vallonia costata
6784;Vallonia declivis;164830;165066;Große Grasschnecke;Große Grasschnecke – Vallonia declivis
6785;Vallonia excentrica;164830;165067;Schiefe Grasschnecke;Schiefe Grasschnecke – Vallonia excentrica
6786;Vallonia pulchella;164830;165068;Glatte Grasschnecke;Glatte Grasschnecke – Vallonia pulchella
6787;Valvata cristata;164830;165070;Flache Federkiemenschnecke;Flache Federkiemenschnecke – Valvata cristata
6788;Valvata piscinalis;164830;165072;Gemeine Federkiemenschnecke;Gemeine Federkiemenschnecke – Valvata piscinalis
6789;Valvata pulchella;164830;165074;Niedergedrückte Federkiemenschn.;Niedergedrückte Federkiemenschn. – Valvata pulchella
6790;Valvata spec.;164830;165075;;Valvata spec.
6791;Vertigo alpestris;164830;165076;Alpen-Windelschnecke;Alpen-Windelschnecke – Vertigo alpestris
6792;Vertigo angustior;164830;165077;Schmale Windelschnecke;Schmale Windelschnecke – Vertigo angustior
6793;Vertigo antivertigo;164830;165078;Sumpf-Windelschnecke;Sumpf-Windelschnecke – Vertigo antivertigo
6795;Vertigo heldi;164830;165080;Schlanke Windelschnecke;Schlanke Windelschnecke – Vertigo heldi
6796;Vertigo moulinsiana;164830;165081;Bauchige Windelschnecke;Bauchige Windelschnecke – Vertigo moulinsiana
6797;Vertigo pusilla;164830;165082;Linksgewundene Windelschnecke;Linksgewundene Windelschnecke – Vertigo pusilla
6798;Vertigo pygmaea;164830;165083;Gemeine Windelschnecke;Gemeine Windelschnecke – Vertigo pygmaea
6799;Vertigo substriata;164830;165084;Gestreifte Windelschnecke;Gestreifte Windelschnecke – Vertigo substriata
6800;Vitrea contracta;164830;165085;Weitgenabelte Kristallschnecke;Weitgenabelte Kristallschnecke – Vitrea contracta
6801;Vitrea crystallina;164830;165086;Gemeine Kristallschnecke;Gemeine Kristallschnecke – Vitrea crystallina
6802;Vitrea diaphana;164830;165087;Ungenabelte Kristallschnecke;Ungenabelte Kristallschnecke – Vitrea diaphana
6803;Vitrina pellucida;164830;165088;Kugelige Glasschnecke;Kugelige Glasschnecke – Vitrina pellucida
6804;Vitrinobrachium breve;164830;165089;Kurze Glasschnecke;Kurze Glasschnecke – Vitrinobrachium breve
6805;Viviparus contectus;164830;165090;Spitze Sumpfdeckelschnecke;Spitze Sumpfdeckelschnecke – Viviparus contectus
6806;Viviparus viviparus;164830;165091;Stumpfe Flussdeckelschnecke;Stumpfe Flussdeckelschnecke – Viviparus viviparus
6807;Xerolenta obvia;164830;165093;Weisse Heideschnecke;Weisse Heideschnecke – Xerolenta obvia
6809;Zonitoides nitidus;164830;165096;Glänzende Dolchschnecke;Glänzende Dolchschnecke – Zonitoides nitidus
6810;Tausendfüsser;nan;165833;;Tausendfüsser
6811;Julus scandinavius;165833;165834;;Julus scandinavius
6812;Lithobius forficatus;165833;165835;;Lithobius forficatus
6813;Lithobius spec.;165833;165836;;Lithobius spec.
6814;Polydesmus spec.;165833;165837;;Polydesmus spec.
6815;Netzflügler;nan;163060;;Netzflügler
6816;Chrysopa carnea;163060;163062;;Chrysopa carnea
6817;Chrysopa perla;163060;163063;;Chrysopa perla
6818;Chrysopa spec.;163060;163064;;Chrysopa spec.
6819;Chrysopa vulgaris;163060;163065;;Chrysopa vulgaris
6820;Myrmeleon formicarius;163060;163070;Ameisenlöwe;Ameisenlöwe – Myrmeleon formicarius
6821;Osmylus fulvicephalus;163060;163073;;Osmylus fulvicephalus
6822;Osmylus spec.;163060;163074;;Osmylus spec.
6823;Sialis fuliginosa;163196;163197;;Sialis fuliginosa
6824;Sialis lutaria;163196;163198;Schlammfliege;Schlammfliege – Sialis lutaria
6825;Sialis spec.;163196;163199;;Sialis spec.
6826;Sisyra dalii;163060;163075;;Sisyra dalii
6827;Libellen;204339;245512;Odonata;Odonata – Libellen
6827;Libellen;nan;162960;Odonata;Odonata – Libellen
6828;Aeshna affinis;162960;162961;Südliche Mosaikjungfer;Südliche Mosaikjungfer – Aeshna affinis
6829;Aeshna cyanea;162960;162962;BlauGrüne Mosaikjungfer;BlauGrüne Mosaikjungfer – Aeshna cyanea
6830;Aeshna grandis;162960;162963;Braune Mosaikjungfer;Braune Mosaikjungfer – Aeshna grandis
6831;Aeshna isosceles;162960;162964;Keilfleck-Mosaikjungfer;Keilfleck-Mosaikjungfer – Aeshna isosceles
6832;Aeshna juncea;162960;162965;Torf-Mosaikjungfer;Torf-Mosaikjungfer – Aeshna juncea
6833;Aeshna mixta;162960;162966;Herbst-Mosaikjungfer;Herbst-Mosaikjungfer – Aeshna mixta
6834;Aeshna spec.;162960;162967;;Aeshna spec.
6835;Aeshna subarctica;162960;162968;Hochmoor-Mosaikjungfer;Hochmoor-Mosaikjungfer – Aeshna subarctica
6836;Aeshna viridis;162960;162969;Grüne Mosaikjungfer;Grüne Mosaikjungfer – Aeshna viridis
6837;Anax imperator;162960;162971;Große Königslibelle;Große Königslibelle – Anax imperator
6838;Anax parthenope;162960;162972;Kleine Königslibelle;Kleine Königslibelle – Anax parthenope
6839;Anax spec.;162960;162973;;Anax spec.
6840;Brachytron pratense;162960;162974;Kleine Mosaikjungfer;Kleine Mosaikjungfer – Brachytron pratense
6843;Cordulegaster spec.;162960;162994;;Cordulegaster spec.
6844;Cordulia aenea;162960;162996;Gemeine Smaragdlibelle;Gemeine Smaragdlibelle – Cordulia aenea
6845;Crocothemis erythraea;162960;162998;Feuerlibelle;Feuerlibelle – Crocothemis erythraea
6846;Epitheca bimaculata;162960;163001;Zweifleck;Zweifleck – Epitheca bimaculata
6848;Gomphus pulchellus;162960;163005;Westliche Keiljungfer;Westliche Keiljungfer – Gomphus pulchellus
6849;Gomphus vulgatissimus;162960;163006;Gemeine Keiljungfer;Gemeine Keiljungfer – Gomphus vulgatissimus
6850;Hemianax ephippiger;162960;163007;Schabrackenlibelle;Schabrackenlibelle – Hemianax ephippiger
6851;Leucorrhinia dubia;162960;163019;Kleine Moosjungfer;Kleine Moosjungfer – Leucorrhinia dubia
6852;Leucorrhinia pectoralis;162960;163020;Große Moosjungfer;Große Moosjungfer – Leucorrhinia pectoralis
6853;Leucorrhinia rubicunda;162960;163021;Nordische Moosjungfer;Nordische Moosjungfer – Leucorrhinia rubicunda
6854;Leucorrhinia spec.;162960;163022;;Leucorrhinia spec.
6855;Libellula depressa;162960;163023;Plattbauch;Plattbauch – Libellula depressa
6856;Libellula fulva;162960;163024;Spitzflecklibelle;Spitzflecklibelle – Libellula fulva
6857;Libellula quadrimaculata;162960;163025;Vierfleck;Vierfleck – Libellula quadrimaculata
6858;Libellula spec.;162960;163026;;Libellula spec.
6859;Onychogomphus forcipatus;162960;163029;Kleine Zangenlibelle;Kleine Zangenlibelle – Onychogomphus forcipatus
6860;Ophiogomphus cecilia;162960;163030;Grüne Keiljungfer;Grüne Keiljungfer – Ophiogomphus cecilia
6861;Orthetrum brunneum;162960;163031;Südlicher Blaupfeil;Südlicher Blaupfeil – Orthetrum brunneum
6862;Orthetrum cancellatum;162960;163032;Großer Blaupfeil;Großer Blaupfeil – Orthetrum cancellatum
6863;Orthetrum coerulescens;162960;163033;Kleiner Blaupfeil;Kleiner Blaupfeil – Orthetrum coerulescens
6864;Orthetrum spec.;162960;163034;;Orthetrum spec.
6866;Somatochlora arctica;162960;163039;Arktische Smaragdlibelle;Arktische Smaragdlibelle – Somatochlora arctica
6867;Somatochlora flavomaculata;162960;163040;Gefleckte Smaragdlibelle;Gefleckte Smaragdlibelle – Somatochlora flavomaculata
6868;Somatochlora metallica;162960;163041;Glänzende Smaragdlibelle;Glänzende Smaragdlibelle – Somatochlora metallica
6869;Sympetrum danae;162960;163046;Schwarze Heidelibelle;Schwarze Heidelibelle – Sympetrum danae
6870;Sympetrum depressiusculum;162960;163047;Sumpf-Heidelibelle;Sumpf-Heidelibelle – Sympetrum depressiusculum
6871;Sympetrum flaveolum;162960;163048;Gefleckte Heidelibelle;Gefleckte Heidelibelle – Sympetrum flaveolum
6872;Sympetrum fonscolombii;162960;163049;Frühe Heidelibelle;Frühe Heidelibelle – Sympetrum fonscolombii
6873;Sympetrum pedemontanum;162960;163050;Gebänderte Heidelibelle;Gebänderte Heidelibelle – Sympetrum pedemontanum
6874;Sympetrum sanguineum;162960;163051;Blutrote Heidelibelle;Blutrote Heidelibelle – Sympetrum sanguineum
6875;Sympetrum spec.;162960;163052;;Sympetrum spec.
6876;Sympetrum striolatum;162960;163053;Große Heidelibelle;Große Heidelibelle – Sympetrum striolatum
6877;Sympetrum vulgatum;162960;163054;Gemeine Heidelibelle;Gemeine Heidelibelle – Sympetrum vulgatum
6878;Calopteryx spec.;162960;162976;;Calopteryx spec.
6879;Calopteryx splendens;162960;162977;Gebänderte Prachtlibelle;Gebänderte Prachtlibelle – Calopteryx splendens
6880;Calopteryx virgo;162960;162978;Blauflügel-Prachtlibelle;Blauflügel-Prachtlibelle – Calopteryx virgo
6882;Ceriagrion tenellum;162960;162980;Späte Adonislibelle;Späte Adonislibelle – Ceriagrion tenellum
6883;Coenagrion armatum;162960;162982;Hauben-Azurjungfer;Hauben-Azurjungfer – Coenagrion armatum
6884;Coenagrion hastulatum;162960;162983;Speer-Azurjungfer;Speer-Azurjungfer – Coenagrion hastulatum
6885;Coenagrion lunulatum;162960;162984;Mond-Azurjungfer;Mond-Azurjungfer – Coenagrion lunulatum
6886;Coenagrion mercuriale;162960;162985;Helm-Azurjungfer;Helm-Azurjungfer – Coenagrion mercuriale
6887;Coenagrion ornatum;162960;162986;Vogel-Azurjungfer;Vogel-Azurjungfer – Coenagrion ornatum
6888;Coenagrion puella;162960;162987;Hufeisen-Azurjungfer;Hufeisen-Azurjungfer – Coenagrion puella
6889;Coenagrion pulchellum;162960;162988;Fledermaus-Azurjungfer;Fledermaus-Azurjungfer – Coenagrion pulchellum
6890;Coenagrion scitulum;162960;162989;Gabel-Azurjungfer;Gabel-Azurjungfer – Coenagrion scitulum
6891;Coenagrion spec.;162960;162990;;Coenagrion spec.
6892;Enallagma cyathigerum;162960;162999;Becher-Azurjungfer;Becher-Azurjungfer – Enallagma cyathigerum
6893;Enallagma spec.;162960;163000;;Enallagma spec.
6894;Erythromma najas;162960;163002;Großes Granatauge;Großes Granatauge – Erythromma najas
6895;Erythromma viridulum;162960;163003;Kleines Granatauge;Kleines Granatauge – Erythromma viridulum
6896;Ischnura elegans;162960;163008;Große Pechlibelle;Große Pechlibelle – Ischnura elegans
6897;Ischnura pumilio;162960;163009;Kleine Pechlibelle;Kleine Pechlibelle – Ischnura pumilio
6898;Ischnura spec.;162960;163010;;Ischnura spec.
6899;Lestes barbarus;162960;163011;Südliche Binsenjungfer;Südliche Binsenjungfer – Lestes barbarus
6900;Lestes dryas;162960;163012;Glänzende Binsenjungfer;Glänzende Binsenjungfer – Lestes dryas
6901;Lestes sponsa;162960;163014;Gemeine Binsenjungfer;Gemeine Binsenjungfer – Lestes sponsa
6902;Lestes virens vestalis;162960;163015;Kleine Binsenjungfer;Kleine Binsenjungfer – Lestes virens vestalis
6904;Nehalennia speciosa;162960;163028;Zwerglibelle;Zwerglibelle – Nehalennia speciosa
6905;Platycnemis pennipes;162960;163037;Federlibelle;Federlibelle – Platycnemis pennipes
6906;Pyrrhosoma nymphula;162960;163038;Frühe Adonislibelle;Frühe Adonislibelle – Pyrrhosoma nymphula
6907;Sympecma fusca;162960;163043;Gemeine Winterlibelle;Gemeine Winterlibelle – Sympecma fusca
6908;Sympecma paedisca;162960;163044;Sibirische Winterlibelle;Sibirische Winterlibelle – Sympecma paedisca
6909;Geradflügler;nan;158667;;Geradflügler
6910;Acheta domesticus;158667;158668;Heimchen;Heimchen – Acheta domesticus
6911;Apterygida media;158667;158669;Gebüschohrwurm;Gebüschohrwurm – Apterygida media
6912;Barbitistes serricauda;158667;158670;Laubholz-Säbelschrecke;Laubholz-Säbelschrecke – Barbitistes serricauda
6913;Chelidurella acanthopygia;158667;158671;Waldohrwurm;Waldohrwurm – Chelidurella acanthopygia
6914;Chorthippus albomarginatus;158667;158672;Weissrandiger Grashüpfer;Weissrandiger Grashüpfer – Chorthippus albomarginatus
6915;Chorthippus apricarius;158667;158673;Feld-Grashüpfer;Feld-Grashüpfer – Chorthippus apricarius
6916;Chorthippus biguttulus;158667;158674;Nachtigall-Grashüpfer;Nachtigall-Grashüpfer – Chorthippus biguttulus
6917;Chorthippus brunneus;158667;158675;Brauner Grashüpfer;Brauner Grashüpfer – Chorthippus brunneus
6918;Chorthippus dorsatus;158667;158676;Wiesengrashüpfer;Wiesengrashüpfer – Chorthippus dorsatus
6919;Chorthippus mollis;158667;158677;Verkannter Grashüpfer;Verkannter Grashüpfer – Chorthippus mollis
6920;Chorthippus montanus;158667;158678;Sumpfgrashüpfer;Sumpfgrashüpfer – Chorthippus montanus
6921;Chorthippus parallelus;158667;158679;Gemeiner Grashüpfer;Gemeiner Grashüpfer – Chorthippus parallelus
6922;Chorthippus spec.;158667;158680;Grashüpfer spec.;Grashüpfer spec. – Chorthippus spec.
6923;Chorthippus vagans;158667;158681;Steppengrashüpfer;Steppengrashüpfer – Chorthippus vagans
6924;Chrysochraon dispar;158667;158682;Große Goldschrecke;Große Goldschrecke – Chrysochraon dispar
6925;Conocephalus fuscus;158667;158683;Langflügelige Schwertschrecke;Langflügelige Schwertschrecke – Conocephalus fuscus
6926;Conocephalus dorsalis;158667;158684;Kurzflügelige Schwertschrecke;Kurzflügelige Schwertschrecke – Conocephalus dorsalis
6927;Conocephalus spec.;158667;158685;Schwertschrecke spec.;Schwertschrecke spec. – Conocephalus spec.
6928;Decticus verrucivorus;158667;158686;Warzenbeisser;Warzenbeisser – Decticus verrucivorus
6929;Ectobius lapponicus;158667;158687;Gewöhnliche Waldschabe;Gewöhnliche Waldschabe – Ectobius lapponicus
6930;Ectobius pallidus;158667;158688;Blasse Schabe;Blasse Schabe – Ectobius pallidus
6931;Ectobius sylvestris;158667;158689;Podas Waldschabe;Podas Waldschabe – Ectobius sylvestris
6932;Forficula auricularia;158667;158690;Gemeiner Ohrwurm;Gemeiner Ohrwurm – Forficula auricularia
6933;Gomphocerippus rufus;158667;158691;Rote Keulenschrecke;Rote Keulenschrecke – Gomphocerippus rufus
6934;Gryllotalpa gryllotalpa;158667;158692;Maulwurfsgrille;Maulwurfsgrille – Gryllotalpa gryllotalpa
6935;Gryllus campestris;158667;158693;Feldgrille;Feldgrille – Gryllus campestris
6936;Labia minor;158667;158694;Kleiner Ohrwurm;Kleiner Ohrwurm – Labia minor
6937;Leptophyes punctatissima;158667;158696;Punktierte Zartschrecke;Punktierte Zartschrecke – Leptophyes punctatissima
6938;Locusta migratoria;158667;158697;Europäische Wanderheuschrecke;Europäische Wanderheuschrecke – Locusta migratoria
6939;Meconema thalassinum;158667;158699;Gemeine Eichenschrecke;Gemeine Eichenschrecke – Meconema thalassinum
6940;Metrioptera bicolor;158667;158700;Zweifarbige Beißschrecke;Zweifarbige Beißschrecke – Metrioptera bicolor
6941;Metrioptera brachyptera;158667;158701;Kurzflügelige Beißschrecke;Kurzflügelige Beißschrecke – Metrioptera brachyptera
6942;Metrioptera roeselii;158667;158702;Rösels Beißschrecke;Rösels Beißschrecke – Metrioptera roeselii
6944;Myrmeleotettix maculatus;158667;158704;Gefleckte Keulenschrecke;Gefleckte Keulenschrecke – Myrmeleotettix maculatus
6945;Nemobius sylvestris;158667;158705;Waldgrille;Waldgrille – Nemobius sylvestris
6946;Oecanthus pellucens;158667;158706;Weinhähnchen;Weinhähnchen – Oecanthus pellucens
6947;Oedipoda caerulescens;158667;158707;Blauflügelige Ödlandschrecke;Blauflügelige Ödlandschrecke – Oedipoda caerulescens
6948;Oedipoda germanica;158667;158708;Rotflügelige Ödlandschrecke;Rotflügelige Ödlandschrecke – Oedipoda germanica
6949;Omocestus haemorrhoidalis;158667;158709;Rotleibiger Grashüpfer;Rotleibiger Grashüpfer – Omocestus haemorrhoidalis
6951;Omocestus viridulus;158667;158711;Bunter Grashüpfer;Bunter Grashüpfer – Omocestus viridulus
6952;Phaneroptera falcata;158667;158712;Gemeine Sichelschrecke;Gemeine Sichelschrecke – Phaneroptera falcata
6953;Pholidoptera griseoaptera;158667;158713;Gewöhnliche Strauchschrecke;Gewöhnliche Strauchschrecke – Pholidoptera griseoaptera
6954;Platycleis albopunctata;158667;158714;Westliche Beißschrecke;Westliche Beißschrecke – Platycleis albopunctata
6955;Psophus stridulus;158667;158715;Rotflügelige Schnarrschrecke;Rotflügelige Schnarrschrecke – Psophus stridulus
6956;Sphingonotus caerulans;158667;158716;Blauflügelige Sandschrecke;Blauflügelige Sandschrecke – Sphingonotus caerulans
6957;Stenobothrus lineatus;158667;158717;Heidegrashüpfer;Heidegrashüpfer – Stenobothrus lineatus
6958;Stenobothrus nigromaculatus;158667;158718;Schwarzfleckiger Grashüpfer;Schwarzfleckiger Grashüpfer – Stenobothrus nigromaculatus
6959;Stenobothrus spec.;158667;158719;Heidegrashüpfer spec.;Heidegrashüpfer spec. – Stenobothrus spec.
6960;Stenobothrus stigmaticus;158667;158720;Kleiner Heidegrashüpfer;Kleiner Heidegrashüpfer – Stenobothrus stigmaticus
6961;Stethophyma grossum;158667;158721;Sumpfschrecke;Sumpfschrecke – Stethophyma grossum
6962;Tachycines asynamorus;158667;158722;Gewächshausschrecke;Gewächshausschrecke – Tachycines asynamorus
6963;Tetrix bipunctata;158667;158723;Zweipunkt-Dornschrecke;Zweipunkt-Dornschrecke – Tetrix bipunctata
6964;Tetrix ceperoi;158667;158724;Westliche Dornschrecke;Westliche Dornschrecke – Tetrix ceperoi
6965;Tetrix spec.;158667;158725;Dornschrecke spec.;Dornschrecke spec. – Tetrix spec.
6966;Tetrix subulata;158667;158726;Säbeldornschrecke;Säbeldornschrecke – Tetrix subulata
6967;Tetrix tenuicornis;158667;158727;Langfühlerdornschrecke;Langfühlerdornschrecke – Tetrix tenuicornis
6968;Tetrix undulata;158667;158728;Gemeine Dornschrecke;Gemeine Dornschrecke – Tetrix undulata
6969;Tettigonia cantans;158667;158729;Zwitscherschrecke;Zwitscherschrecke – Tettigonia cantans
6970;Tettigonia spec.;158667;158730;Heupferd spec.;Heupferd spec. – Tettigonia spec.
6971;Tettigonia viridissima;158667;158731;Grünes Heupferd;Grünes Heupferd – Tettigonia viridissima
6972;Steinfliegen;nan;165789;;Steinfliegen
6973;Amphinemura spec.;165789;165790;;Amphinemura spec.
6974;Brachyptera spec.;165789;165791;;Brachyptera spec.
6975;Chloroperla spec.;165789;165793;;Chloroperla spec.
6976;Chloroperla torrentium;165789;165794;;Chloroperla torrentium
6977;Dinocras cephalotes;165789;165796;;Dinocras cephalotes
6978;Dinocras spec.;165789;165797;;Dinocras spec.
6979;Diura bicaudata;165789;165798;;Diura bicaudata
6980;Isoperla goertzi;165789;165799;;Isoperla goertzi
6981;Isoperla grammatica;165789;165800;;Isoperla grammatica
6982;Isoperla spec.;165789;165801;;Isoperla spec.
6983;Leuctra braueri;165789;165802;;Leuctra braueri
6984;Leuctra digitata;165789;165803;;Leuctra digitata
6985;Leuctra hippopus;165789;165804;;Leuctra hippopus
6986;Leuctra nigra;165789;165805;;Leuctra nigra
6987;Leuctra prima;165789;165806;;Leuctra prima
6988;Leuctra pseudosignifera;165789;165807;;Leuctra pseudosignifera
6989;Leuctra spec.;165789;165808;;Leuctra spec.
6990;Nemoura avicularis;165789;165810;;Nemoura avicularis
6991;Nemoura cambrica;165789;165811;;Nemoura cambrica
6992;Nemoura cinerea;165789;165812;;Nemoura cinerea
6993;Nemoura marginata;165789;165813;;Nemoura marginata
6994;Nemoura obtusa;165789;165814;;Nemoura obtusa
6995;Nemoura spec.;165789;165815;;Nemoura spec.
6996;Nemurella picteti;165789;165817;;Nemurella picteti
6997;Perla bipunctata;165789;165818;;Perla bipunctata
6998;Perla burmeisteriana;165789;165819;;Perla burmeisteriana
6999;Perla marginata;165789;165820;;Perla marginata
7000;Perla spec.;165789;165821;;Perla spec.
7001;Perlodes microcephala;165789;165823;;Perlodes microcephala
7002;Perlodes spec.;165789;165824;;Perlodes spec.
7003;Protonemura meyeri;165789;165826;;Protonemura meyeri
7004;Protonemura praecox;165789;165827;;Protonemura praecox
7005;Protonemura spec.;165789;165828;;Protonemura spec.
7006;Siphonoperla torrentium;165789;165829;;Siphonoperla torrentium
7007;Taeniopteryx nebulosa;165789;165831;;Taeniopteryx nebulosa
7008;Taeniopteryx spec.;165789;165832;;Taeniopteryx spec.
7009;Urtiere, Schwaemme;nan;165838;;Urtiere, Schwaemme
7010;Ephydatia fluviatilis;165838;165840;;Ephydatia fluviatilis
7011;Spongilla lacustris;165838;165842;;Spongilla lacustris
7012;Spongilla spec.;165838;165843;;Spongilla spec.
7013;Carchesium spec.;165838;165839;;Carchesium spec.
7014;Kranzfühler;nan;162911;;Kranzfühler
7015;Plumatella spec.;162911;162914;;Plumatella spec.
7016;Köcherfliegen;nan;162632;;Köcherfliegen
7017;Adicella filicornis;708823;162633;;Adicella filicornis
7018;Adicella reducta;708823;162634;;Adicella reducta
7019;Adicella spec.;708823;162635;;Adicella spec.
7020;Agapetus delicatulus;708823;162636;;Agapetus delicatulus
7021;Agapetus fuscipes;708823;162637;;Agapetus fuscipes
7022;Agapetus ochripes;708823;162638;;Agapetus ochripes
7023;Agapetus spec.;708823;162639;;Agapetus spec.
7024;Agraylea multipunctata;708823;162640;;Agraylea multipunctata
7025;Agraylea sexmaculata;708823;162641;;Agraylea sexmaculata
7026;Agraylea spec.;708823;162642;;Agraylea spec.
7027;Agrypnia obsoleta;708823;162643;;Agrypnia obsoleta
7028;Agrypnia pagetana;708823;162644;;Agrypnia pagetana
7029;Agrypnia spec.;708823;162645;;Agrypnia spec.
7030;Agrypnia varia;708823;162646;;Agrypnia varia
7031;Allogamus auricollis;708823;162647;;Allogamus auricollis
7032;Allogamus mendax;708823;162648;;Allogamus mendax
7033;Allogamus spec.;708823;162649;;Allogamus spec.
7034;Allogamus uncatus s.l.;708823;162650;;Allogamus uncatus s.l.
7035;Allotrichia pallicornis;708823;162651;;Allotrichia pallicornis
7036;Anabolia nervosa;708823;162652;;Anabolia nervosa
7037;Anabolia spec.;708823;162653;;Anabolia spec.
7038;Annitella obscurata;708823;162654;;Annitella obscurata
7039;Annitella spec.;708823;162655;;Annitella spec.
7040;Annitella thuringica;708823;162656;;Annitella thuringica
7041;Anomalopterygella chauviniana;708823;162657;;Anomalopterygella chauviniana
7042;Apatania eatoniana;708823;162658;;Apatania eatoniana
7043;Apatania fimbriata;708823;162659;;Apatania fimbriata
7044;Apatania spec.;708823;162660;;Apatania spec.
7045;Athripsodes albifrons;708823;162662;;Athripsodes albifrons
7046;Athripsodes aterrimus;708823;162663;;Athripsodes aterrimus
7047;Athripsodes bilineatus;708823;162664;;Athripsodes bilineatus
7048;Athripsodes cinereus;708823;162665;;Athripsodes cinereus
7049;Athripsodes spec.;708823;162666;;Athripsodes spec.
7050;Beraea maura;708823;162667;;Beraea maura
7051;Beraea pullata;708823;162668;;Beraea pullata
7052;Beraea spec.;708823;162669;;Beraea spec.
7054;Beraeodes minutus;708823;162672;;Beraeodes minutus
7055;Brachycentrus montanus;708823;162674;;Brachycentrus montanus
7056;Brachycentrus spec.;708823;162675;;Brachycentrus spec.
7057;Brachycentrus subnubilis;708823;162676;;Brachycentrus subnubilis
7058;Ceraclea alboguttata;708823;162678;;Ceraclea alboguttata
7059;Ceraclea annulicornis;708823;162679;;Ceraclea annulicornis
7060;Ceraclea dissimilis;708823;162680;;Ceraclea dissimilis
7061;Ceraclea fulva;708823;162681;;Ceraclea fulva
7062;Ceraclea nigronervosa;708823;162682;;Ceraclea nigronervosa
7063;Ceraclea riparia;708823;162683;;Ceraclea riparia
7064;Ceraclea senilis;708823;162684;;Ceraclea senilis
7065;Ceraclea spec.;708823;162685;;Ceraclea spec.
7066;Chaetopteryx major;708823;162686;;Chaetopteryx major
7067;Chaetopteryx spec.;708823;162687;;Chaetopteryx spec.
7068;Chaetopteryx villosa;708823;162688;;Chaetopteryx villosa
7069;Cheumatopsyche lepida;708823;162689;;Cheumatopsyche lepida
7070;Colpotaulius incisus;708823;162690;;Colpotaulius incisus
7071;Crunoecia irrorata;708823;162691;;Crunoecia irrorata
7072;Cyrnus crenaticornis;708823;162692;;Cyrnus crenaticornis
7073;Cyrnus flavidus;708823;162693;;Cyrnus flavidus
7074;Cyrnus insolutus;708823;162694;;Cyrnus insolutus
7075;Cyrnus spec.;708823;162695;;Cyrnus spec.
7076;Cyrnus trimaculatus;708823;162696;;Cyrnus trimaculatus
7077;Diplectrona felix;708823;162697;;Diplectrona felix
7078;Drusus annulatus;708823;162698;;Drusus annulatus
7079;Drusus discolor;708823;162699;;Drusus discolor
7080;Drusus spec.;708823;162700;;Drusus spec.
7081;Drusus trifidus;708823;162701;;Drusus trifidus
7082;Ecclisopteryx dalecarlica;708823;162702;;Ecclisopteryx dalecarlica
7083;Ecclisopteryx guttulata;708823;162703;;Ecclisopteryx guttulata
7084;Ecclisopteryx madida;708823;162704;;Ecclisopteryx madida
7085;Ecclisopteryx spec.;708823;162705;;Ecclisopteryx spec.
7086;Ecnomus deceptor;708823;162707;;Ecnomus deceptor
7087;Ecnomus spec.;708823;162708;;Ecnomus spec.
7088;Ecnomus tenellus;708823;162709;;Ecnomus tenellus
7089;Enoicyla pusilla;708823;162710;;Enoicyla pusilla
7090;Ernodes articularis;708823;162711;;Ernodes articularis
7091;Erotesis baltica;708823;162712;;Erotesis baltica
7092;Glossosoma boltoni;708823;162713;;Glossosoma boltoni
7093;Glossosoma conformis;708823;162714;;Glossosoma conformis
7094;Glossosoma spec.;708823;162715;;Glossosoma spec.
7095;Glyphotaelius pellucidus;708823;162717;;Glyphotaelius pellucidus
7096;Goera pilosa;708823;162718;;Goera pilosa
7097;Goera spec.;708823;162719;;Goera spec.
7098;Grammotaulius nigropunctatus;708823;162721;;Grammotaulius nigropunctatus
7099;Grammotaulius nitidus;708823;162722;;Grammotaulius nitidus
7100;Grammotaulius spec.;708823;162723;;Grammotaulius spec.
7101;Grammotaulius submaculatus;708823;162724;;Grammotaulius submaculatus
7102;Habrosyne pyritoides;163213;163316;Achat-Eulenspinner;Achat-Eulenspinner – Habrosyne pyritoides
7103;Hagenella clathrata;708823;162725;;Hagenella clathrata
7104;Halesus digitatus;708823;162726;;Halesus digitatus
7105;Halesus radiatus;708823;162727;;Halesus radiatus
7106;Halesus spec.;708823;162728;;Halesus spec.
7107;Halesus tesselatus;708823;162729;;Halesus tesselatus
7108;Holocentropus dubius;708823;162730;;Holocentropus dubius
7109;Holocentropus picicornis;708823;162731;;Holocentropus picicornis
7110;Holocentropus spec.;708823;162732;;Holocentropus spec.
7111;Holocentropus stagnalis;708823;162733;;Holocentropus stagnalis
7112;Hydatophylax infumatus;708823;162734;;Hydatophylax infumatus
7113;Hydropsyche angustipennis;708823;162735;;Hydropsyche angustipennis
7114;Hydropsyche bulgaromanorum;708823;162736;;Hydropsyche bulgaromanorum
7115;Hydropsyche contubernalis;708823;162737;;Hydropsyche contubernalis
7116;Hydropsyche dinarica;708823;162738;;Hydropsyche dinarica
7117;Hydropsyche exocellata;708823;162739;;Hydropsyche exocellata
7118;Hydropsyche fulvipes;708823;162740;;Hydropsyche fulvipes
7119;Hydropsyche incognita;708823;162741;;Hydropsyche incognita
7120;Hydropsyche instabilis;708823;162742;;Hydropsyche instabilis
7121;Hydropsyche ornatula;708823;162743;;Hydropsyche ornatula
7122;Hydropsyche pellucidula;708823;162744;;Hydropsyche pellucidula
7123;Hydropsyche saxonica;708823;162745;;Hydropsyche saxonica
7124;Hydropsyche silfvenii;708823;162746;;Hydropsyche silfvenii
7125;Hydropsyche siltalai;708823;162747;;Hydropsyche siltalai
7126;Hydropsyche spec.;708823;162748;;Hydropsyche spec.
7127;Hydropsyche tobiasi;708823;162749;;Hydropsyche tobiasi
7128;Hydroptila angulata;708823;162751;;Hydroptila angulata
7129;Hydroptila forcipata;708823;162752;;Hydroptila forcipata
7130;Hydroptila pulchricornis;708823;162753;;Hydroptila pulchricornis
7131;Hydroptila simulans;708823;162754;;Hydroptila simulans
7132;Hydroptila sparsa;708823;162755;;Hydroptila sparsa
7133;Hydroptila spec.;708823;162756;;Hydroptila spec.
7134;Hydroptila tinoides;708823;162757;;Hydroptila tinoides
7135;Hydroptila vectis;708823;162758;;Hydroptila vectis
7136;Ironoquia dubia;708823;162760;;Ironoquia dubia
7137;Ithytrichia lamellaris;708823;162761;;Ithytrichia lamellaris
7138;Lasiocephala basalis;708823;162762;;Lasiocephala basalis
7139;Lepidostoma hirtum;708823;162763;;Lepidostoma hirtum
7140;Lepidostoma spec.;708823;162764;;Lepidostoma spec.
7141;Leptocerus spec.;708823;162767;;Leptocerus spec.
7142;Leptocerus tineiformis;708823;162768;;Leptocerus tineiformis
7143;Limnephilus affinis;708823;162770;;Limnephilus affinis
7144;Limnephilus auricula;708823;162771;;Limnephilus auricula
7145;Limnephilus binotatus;708823;162772;;Limnephilus binotatus
7146;Limnephilus bipunctatus;708823;162773;;Limnephilus bipunctatus
7147;Limnephilus centralis;708823;162774;;Limnephilus centralis
7148;Limnephilus coenosus;708823;162775;;Limnephilus coenosus
7149;Limnephilus decipiens;708823;162776;;Limnephilus decipiens
7150;Limnephilus elegans;708823;162777;;Limnephilus elegans
7151;Limnephilus extricatus;708823;162778;;Limnephilus extricatus
7152;Limnephilus flavicornis;708823;162779;;Limnephilus flavicornis
7153;Limnephilus fuscicornis;708823;162780;;Limnephilus fuscicornis
7154;Limnephilus griseus;708823;162781;;Limnephilus griseus
7155;Limnephilus hirsutus;708823;162782;;Limnephilus hirsutus
7156;Limnephilus ignavus;708823;162783;;Limnephilus ignavus
7157;Limnephilus incisus;708823;162784;;Limnephilus incisus
7158;Limnephilus lunatus;708823;162785;;Limnephilus lunatus
7159;Limnephilus luridus;708823;162786;;Limnephilus luridus
7160;Limnephilus marmoratus;708823;162787;;Limnephilus marmoratus
7161;Limnephilus nigriceps;708823;162788;;Limnephilus nigriceps
7162;Limnephilus politus;708823;162789;;Limnephilus politus
7163;Limnephilus rhombicus;708823;162790;;Limnephilus rhombicus
7164;Limnephilus sparsus;708823;162791;;Limnephilus sparsus
7165;Limnephilus spec.;708823;162792;;Limnephilus spec.
7166;Limnephilus stigma;708823;162793;;Limnephilus stigma
7167;Limnephilus subcentralis;708823;162794;;Limnephilus subcentralis
7168;Limnephilus vittatus;708823;162795;;Limnephilus vittatus
7169;Lithax niger;708823;162796;;Lithax niger
7170;Lithax obscurus;708823;162797;;Lithax obscurus
7171;Lithax spec.;708823;162798;;Lithax spec.
7172;Lype phaeopa;708823;162799;;Lype phaeopa
7173;Lype reducta;708823;162800;;Lype reducta
7174;Lype spec.;708823;162801;;Lype spec.
7175;Melampophylax mucoreus;708823;162802;;Melampophylax mucoreus
7176;Metalype fragilis;708823;162803;;Metalype fragilis
7177;Micrasema longulum;708823;162804;;Micrasema longulum
7178;Micrasema minimum;708823;162805;;Micrasema minimum
7179;Micrasema setiferum;708823;162806;;Micrasema setiferum
7180;Micrasema spec.;708823;162807;;Micrasema spec.
7181;Micropterna lateralis;708823;162808;;Micropterna lateralis
7182;Micropterna nycterobia;708823;162809;;Micropterna nycterobia
7183;Micropterna sequax;708823;162810;;Micropterna sequax
7184;Micropterna spec.;708823;162811;;Micropterna spec.
7185;Micropterna testacea;708823;162812;;Micropterna testacea
7186;Molanna angustata;708823;162813;;Molanna angustata
7187;Molannodes tinctus;708823;162815;;Molannodes tinctus
7188;Mystacides azurea;708823;162816;;Mystacides azurea
7189;Mystacides longicornis;708823;162817;;Mystacides longicornis
7190;Mystacides nigra;708823;162818;;Mystacides nigra
7191;Mystacides spec.;708823;162819;;Mystacides spec.
7192;Neureclipsis bimaculata;708823;162820;;Neureclipsis bimaculata
7193;Notidobia ciliaris;708823;162821;;Notidobia ciliaris
7194;Odontocerum albicorne;708823;162823;;Odontocerum albicorne
7195;Oecetis furva;708823;162824;;Oecetis furva
7196;Oecetis lacustris;708823;162825;;Oecetis lacustris
7197;Oecetis notata;708823;162826;;Oecetis notata
7198;Oecetis ochracea;708823;162827;;Oecetis ochracea
7199;Oecetis spec.;708823;162828;;Oecetis spec.
7200;Oecetis testacea;708823;162829;;Oecetis testacea
7201;Oecismus monedula;708823;162830;;Oecismus monedula
7202;Oligoplectrum maculatum;708823;162831;;Oligoplectrum maculatum
7203;Oligostomis reticulata;708823;162832;;Oligostomis reticulata
7204;Oligotricha striata;708823;162833;;Oligotricha striata
7205;Orthotrichia costalis;708823;162834;;Orthotrichia costalis
7206;Oxyethira flavicornis;708823;162835;;Oxyethira flavicornis
7207;Oxyethira frici;708823;162836;;Oxyethira frici
7208;Oxyethira spec.;708823;162837;;Oxyethira spec.
7209;Parachiona picicornis;708823;162838;;Parachiona picicornis
7210;Phacopterxy brevipennis;708823;162839;;Phacopterxy brevipennis
7211;Philopotamus ludificatus;708823;162841;;Philopotamus ludificatus
7212;Philopotamus montanus;708823;162842;;Philopotamus montanus
7213;Philopotamus spec.;708823;162843;;Philopotamus spec.
7214;Philopotamus variegatus;708823;162844;;Philopotamus variegatus
7215;Phryganea bipunctata;708823;162845;;Phryganea bipunctata
7216;Phryganea grandis;708823;162846;;Phryganea grandis
7217;Phryganea spec.;708823;162847;;Phryganea spec.
7218;Plectrocnemia brevis;708823;162849;;Plectrocnemia brevis
7219;Plectrocnemia conspersa;708823;162850;;Plectrocnemia conspersa
7220;Plectrocnemia geniculata;708823;162851;;Plectrocnemia geniculata
7221;Plectrocnemia spec.;708823;162852;;Plectrocnemia spec.
7222;Polycentropus flavomaculatus;708823;162854;;Polycentropus flavomaculatus
7223;Polycentropus irroratus;708823;162855;;Polycentropus irroratus
7224;Polycentropus spec.;708823;162856;;Polycentropus spec.
7225;Potamophylax cingulatus;708823;162857;;Potamophylax cingulatus
7226;Potamophylax latipennis;708823;162858;;Potamophylax latipennis
7227;Potamophylax luctuosus;708823;162859;;Potamophylax luctuosus
7228;Potamophylax nigricornis;708823;162860;;Potamophylax nigricornis
7229;Potamophylax rotundipennis;708823;162861;;Potamophylax rotundipennis
7230;Potamophylax spec.;708823;162862;;Potamophylax spec.
7231;Pseudopsilopteryx zimmeri;708823;162863;;Pseudopsilopteryx zimmeri
7232;Psychomyia pusilla;708823;162864;;Psychomyia pusilla
7233;Ptilocolepus granulatus;708823;162866;;Ptilocolepus granulatus
7234;Rhadicoleptus alpestris;708823;162867;;Rhadicoleptus alpestris
7236;Rhyacophila dorsalis;708823;162868;;Rhyacophila dorsalis
7237;Rhyacophila fasciata;708823;162869;;Rhyacophila fasciata
7238;Rhyacophila laevis;708823;162870;;Rhyacophila laevis
7239;Rhyacophila nubila;708823;162871;;Rhyacophila nubila
7240;Rhyacophila obliterata;708823;162872;;Rhyacophila obliterata
7241;Rhyacophila pascoei;708823;162873;;Rhyacophila pascoei
7242;Rhyacophila philopotamoides;708823;162874;;Rhyacophila philopotamoides
7243;Rhyacophila praemorsa;708823;162875;;Rhyacophila praemorsa
7244;Rhyacophila pubescens;708823;162876;;Rhyacophila pubescens
7245;Rhyacophila spec.;708823;162877;;Rhyacophila spec.
7246;Rhyacophila tristis;708823;162878;;Rhyacophila tristis
7247;Sericostoma flavicorne;708823;162880;;Sericostoma flavicorne
7248;Sericostoma personatum;708823;162881;;Sericostoma personatum
7249;Sericostoma spec.;708823;162882;;Sericostoma spec.
7250;Setodes punctatus;708823;162884;;Setodes punctatus
7251;Silo nigricornis;708823;162885;;Silo nigricornis
7252;Silo pallipes;708823;162886;;Silo pallipes
7253;Silo piceus;708823;162887;;Silo piceus
7254;Silo spec.;708823;162888;;Silo spec.
7255;Stenophylax permistus;708823;162889;;Stenophylax permistus
7256;Stenophylax spec.;708823;162890;;Stenophylax spec.
7257;Stenophylax vibex;708823;162891;;Stenophylax vibex
7258;Synagapetus iridipennis;708823;162892;;Synagapetus iridipennis
7259;Synagapetus moselyi;708823;162893;;Synagapetus moselyi
7260;Synagapetus spec.;708823;162894;;Synagapetus spec.
7261;Tinodes assimilis;708823;162896;;Tinodes assimilis
7262;Tinodes pallidulus;708823;162897;;Tinodes pallidulus
7263;Tinodes rostocki;708823;162898;;Tinodes rostocki
7264;Tinodes spec.;708823;162899;;Tinodes spec.
7265;Tinodes unicolor;708823;162900;;Tinodes unicolor
7266;Tinodes waeneri;708823;162901;;Tinodes waeneri
7267;Triaenodes bicolor;708823;162902;;Triaenodes bicolor
7268;Triaenodes spec.;708823;162903;;Triaenodes spec.
7269;Tricholeiochiton fagesi;708823;162904;;Tricholeiochiton fagesi
7270;Trichostegia minor;708823;162905;;Trichostegia minor
7271;Wormaldia mediana;708823;162906;;Wormaldia mediana
7272;Wormaldia occipitalis;708823;162907;;Wormaldia occipitalis
7273;Wormaldia spec.;708823;162908;;Wormaldia spec.
7274;Wormaldia subnigra;708823;162909;;Wormaldia subnigra
7275;Wormaldia triangulifera;708823;162910;;Wormaldia triangulifera
7277;Crenobia alpina;163077;163079;;Crenobia alpina
7278;Dendrocoelum lacteum;163077;163080;;Dendrocoelum lacteum
7279;Phagocata vitta;163077;163086;;Phagocata vitta
7280;Planaria gonocephala;163077;163087;;Planaria gonocephala
7281;Planaria spec.;163077;163088;;Planaria spec.
7282;Planaria torva;163077;163089;;Planaria torva
7283;Polycelis felina;163077;163090;;Polycelis felina
7284;Polycelis nigra;163077;163091;;Polycelis nigra
7285;Polycelis tenuis;163077;163092;;Polycelis tenuis
7286;Rhynchodemus terrestris;163077;163093;;Rhynchodemus terrestris
7287;Allolobophora antipai;163094;163095;;Allolobophora antipai
7288;Allolobophora caliginosa;163094;163096;;Allolobophora caliginosa
7289;Allolobophora rosea;163094;163097;;Allolobophora rosea
7290;Allolobophora spec.;163094;163098;;Allolobophora spec.
7291;Eiseniella tetraedra;163094;163100;;Eiseniella tetraedra
7292;Erpobdella octoculata;163094;163101;;Erpobdella octoculata
7293;Erpobdella testacea;163094;163102;;Erpobdella testacea
7294;Glossiphonia complanata;163094;163103;;Glossiphonia complanata
7295;Glossiphonia heteroclita;163094;163104;;Glossiphonia heteroclita
7296;Haemopis sanguisuga;163094;163105;;Haemopis sanguisuga
7297;Haplotaxis gordioides;163094;163106;;Haplotaxis gordioides
7298;Helobdella stagnalis;163094;163107;;Helobdella stagnalis
7299;Hemiclepsis marginata;163094;163108;;Hemiclepsis marginata
7300;Hemiclepsis spec.;163094;163109;;Hemiclepsis spec.
7301;Hirudo medicinalis;163094;163110;Medizinischer Egel;Medizinischer Egel – Hirudo medicinalis
7302;Lumbriculus spec.;163094;163113;;Lumbriculus spec.
7303;Lumbriculus variegatus;163094;163114;;Lumbriculus variegatus
7304;Lumbricus castaneus;163094;163115;;Lumbricus castaneus
7305;Lumbricus rubellus;163094;163116;;Lumbricus rubellus
7306;Lumbricus terrestris;163094;163117;;Lumbricus terrestris
7307;Octolasion cyaneum;163094;163118;;Octolasion cyaneum
7308;Peloscolex spec.;163094;163119;;Peloscolex spec.
7309;Piscicola geometra;163094;163120;;Piscicola geometra
7310;Piscicola spec.;163094;163121;;Piscicola spec.
7311;Stylaria lacustris;163094;163122;;Stylaria lacustris
7312;Stylodrilus heringianus;163094;163123;;Stylodrilus heringianus
7313;Tubifex spec.;163094;163125;;Tubifex spec.
7314;Tubifex tubifex;163094;163126;;Tubifex tubifex
7315;Asplanchna priodonta;163200;163201;;Asplanchna priodonta
7316;Brachionus calyciflorus;163200;163202;;Brachionus calyciflorus
7317;Gordius aquaticus;163200;163203;;Gordius aquaticus
7318;Gordius spec.;163200;163204;;Gordius spec.
7319;Keratella cochlearis;163200;163205;;Keratella cochlearis
7320;Polyarthra vulgaris;163200;163208;;Polyarthra vulgaris
7321;Tripyla spec.;163200;163211;;Tripyla spec.
7473;Ferrissia clessiniana;164830;233789;;Ferrissia clessiniana
7474;Lucilla scintilla;164830;233790;Grünliche Scheibchenschnecke;Grünliche Scheibchenschnecke – Lucilla scintilla
7475;Pisidium casertanum ponderosum;164830;233791;Robuste Erbsenmuschel;Robuste Erbsenmuschel – Pisidium casertanum ponderosum
7476;Pisidium globulare;164830;233792;Sumpf-Erbsenmuschel;Sumpf-Erbsenmuschel – Pisidium globulare
7477;Pisidium nitidum crassum;164830;233793;Gerippte Erbsenmuschel;Gerippte Erbsenmuschel – Pisidium nitidum crassum
7479;Sphaerium corneum-Komplex;164830;233795;;Sphaerium corneum-Komplex
7481;Anasimyia interpuncta;166256;233798;;Anasimyia interpuncta
7482;Anasimyia transfuga;166256;233799;;Anasimyia transfuga
7483;Baccha obscuripennis;166256;233800;;Baccha obscuripennis
7484;Brachyopa dorsata;166256;233801;;Brachyopa dorsata
7485;Brachyopa panzeri;166256;233802;;Brachyopa panzeri
7486;Brachyopa plena;166256;233803;;Brachyopa plena
7487;Brachyopa scutellaris;166256;233804;;Brachyopa scutellaris
7488;Brachypalpus valgus;166256;233805;;Brachypalpus valgus
7489;Caliprobola speciosa;166256;233806;;Caliprobola speciosa
7490;Callicera aenea;166256;233807;;Callicera aenea
7491;Ceriana conopsoides;166256;233808;;Ceriana conopsoides
7492;Chamaesyrphus lusitanicus;166256;233809;;Chamaesyrphus lusitanicus
7493;Cheilosia aerea;166256;233810;;Cheilosia aerea
7494;Cheilosia chlorus;166256;233811;;Cheilosia chlorus
7495;Cheilosia cynocephala;166256;233812;;Cheilosia cynocephala
7496;Cheilosia grossa;166256;233813;;Cheilosia grossa
7497;Cheilosia spec.;166256;233814;;Cheilosia spec.
7498;Cheilosia uviformis;166256;233815;;Cheilosia uviformis
7499;Cheilosia vernalis agg.;166256;233816;;Cheilosia vernalis agg.
7500;Cheilosia vulpina;166256;233817;;Cheilosia vulpina
7501;Chrysogaster spec.;166256;233818;;Chrysogaster spec.
7502;Chrysotoxum cautum;166256;233819;;Chrysotoxum cautum
7503;Chrysotoxum festivum;166256;233820;;Chrysotoxum festivum
7504;Chrysotoxum vernale;166256;233821;;Chrysotoxum vernale
7505;Criorhina ranunculi;166256;233822;;Criorhina ranunculi
7506;Dasysyrphus spec.;166256;233823;;Dasysyrphus spec.
7507;Didea alneti;166256;233824;;Didea alneti
7508;Epistrophe eligans;166256;233825;;Epistrophe eligans
7509;Eristalinus aeneus;166256;233826;;Eristalinus aeneus
7510;Eristalis abusiva;166256;233827;;Eristalis abusiva
7511;Eristalis anthophorina;166256;233828;;Eristalis anthophorina
7512;Eristalis intricaria;166256;233829;;Eristalis intricaria
7513;Eumerus flavitarsis;166256;233830;;Eumerus flavitarsis
7514;Eumerus ornatus;166256;233831;;Eumerus ornatus
7515;Eumerus tuberculatus;166256;233832;;Eumerus tuberculatus
7516;Eurimyia lineatus;166256;233833;;Eurimyia lineatus
7517;Heringia brevidens;166256;233834;;Heringia brevidens
7518;Leucozona lucorum agg.;166256;233835;;Leucozona lucorum agg.
7519;Leucozona spec.;166256;233836;;Leucozona spec.
7520;Melangyna spec.;166256;233837;;Melangyna spec.
7521;Melanogaster parumplicata;166256;233838;;Melanogaster parumplicata
7522;Meligramma guttatum;166256;233839;;Meligramma guttatum
7523;Meligramma trianguliferum;166256;233840;;Meligramma trianguliferum
7524;Merodon equestris var. bulborum;166256;233841;;Merodon equestris var. bulborum
7525;Merodon equestris var. narcissi;166256;233842;;Merodon equestris var. narcissi
7526;Merodon equestris var. valida;166256;233843;;Merodon equestris var. valida
7527;Microdon analis;166256;233844;;Microdon analis
7528;Microdon devius;166256;233845;;Microdon devius
7529;Neoascia obliqua;166256;233846;;Neoascia obliqua
7530;Neocnemodon spec.;166256;233847;;Neocnemodon spec.
7531;Paragus albifrons;166256;233848;;Paragus albifrons
7532;Paragus majoranae;166256;233849;;Paragus majoranae
7533;Paragus spec.;166256;233850;;Paragus spec.
7534;Parasyrphus lineola;166256;233851;;Parasyrphus lineola
7535;Parasyrphus nigritarsis;166256;233852;;Parasyrphus nigritarsis
7536;Parasyrphus relictus;166256;233853;;Parasyrphus relictus
7537;Parhelophilus versicolor;166256;233854;;Parhelophilus versicolor
7538;Pipiza luteitarsis;166256;233855;;Pipiza luteitarsis
7539;Pipiza spec.;166256;233856;;Pipiza spec.
7540;Platycheirus angustatus;166256;233857;;Platycheirus angustatus
7541;Platycheirus europaeus;166256;233858;;Platycheirus europaeus
7542;Platycheirus fulviventris;166256;233859;;Platycheirus fulviventris
7543;Platycheirus occultus;166256;233860;;Platycheirus occultus
7544;Rhingia rostrata;166256;233861;;Rhingia rostrata
7545;Anasimyia contracta;166256;233880;;Anasimyia contracta
7546;Sphaerophoria fatarum;166256;233863;;Sphaerophoria fatarum
7547;Sphaerophoria ruepellii;166256;233864;;Sphaerophoria ruepellii
7548;Sphaerophoria spec.;166256;233865;;Sphaerophoria spec.
7549;Trichopsomyia flavitarsis;166256;233866;;Trichopsomyia flavitarsis
7550;Triglyphus primus;166256;233867;;Triglyphus primus
7551;Andrena propinqua;158763;233877;;Andrena propinqua
7552;Volucella inanis;166256;233869;;Volucella inanis
7553;Volucella inflata;166256;233870;;Volucella inflata
7554;Volucella zonaria;166256;233871;;Volucella zonaria
7555;Xanthogramma citrofasciatum;166256;233872;;Xanthogramma citrofasciatum
7556;Xanthogramma pedissequum;166256;233873;;Xanthogramma pedissequum
7557;Xylota ignava;166256;233874;;Xylota ignava
7558;Xylota meigeniana;166256;233875;;Xylota meigeniana
7559;Xylota xanthocnema;166256;233876;;Xylota xanthocnema
7560;Hedychrum niemelai;708822;233878;;Hedychrum niemelai
7562;Anasimyia lunulata;166256;233881;;Anasimyia lunulata
7563;Brachymyia floccosa;166256;233882;;Brachymyia floccosa
7564;Brachyopa obscura;166256;233883;;Brachyopa obscura
7565;Brachypalpus chrysites;166256;233884;;Brachypalpus chrysites
7566;Chalcosyrphus eunotus;166256;233885;;Chalcosyrphus eunotus
7567;Chalcosyrphus femoratus;166256;233886;;Chalcosyrphus femoratus
7568;Chalcosyrphus piger;166256;233887;;Chalcosyrphus piger
7569;Chalcosyrphus valgus;166256;233888;;Chalcosyrphus valgus
7570;Chamaesyrphus caledonicus;166256;233889;;Chamaesyrphus caledonicus
7571;Cheilosia brachysoma;166256;233890;;Cheilosia brachysoma
7572;Cheilosia clama;166256;233891;;Cheilosia clama
7573;Cheilosia faucis;166256;233892;;Cheilosia faucis
7574;Cheilosia gagatea;166256;233893;;Cheilosia gagatea
7575;Cheilosia gigantea;166256;233894;;Cheilosia gigantea
7576;Cheilosia griseifacies;166256;233895;;Cheilosia griseifacies
7577;Cheilosia grisella;166256;233896;;Cheilosia grisella
7578;Cheilosia impudens;166256;233897;;Cheilosia impudens
7579;Cheilosia laeviseta;166256;233898;;Cheilosia laeviseta
7580;Cheilosia laeviventris;166256;233899;;Cheilosia laeviventris
7581;Cheilosia lasiopa;166256;233900;;Cheilosia lasiopa
7582;Cheilosia laticornis;166256;233901;;Cheilosia laticornis
7583;Cheilosia loewi;166256;233902;;Cheilosia loewi
7584;Cheilosia melanopa;166256;233903;;Cheilosia melanopa
7585;Cheilosia montana;166256;233904;;Cheilosia montana
7586;Cheilosia nebulosa;166256;233905;;Cheilosia nebulosa
7587;Cheilosia nivalis;166256;233906;;Cheilosia nivalis
7588;Cheilosia pedemontana;166256;233907;;Cheilosia pedemontana
7589;Cheilosia pictipennis;166256;233908;;Cheilosia pictipennis
7590;Cheilosia pilifer;166256;233909;;Cheilosia pilifer
7591;Cheilosia psilophthalma;166256;233910;;Cheilosia psilophthalma
7592;Cheilosia pubera;166256;233911;;Cheilosia pubera
7593;Cheilosia subpictipennis;166256;233912;;Cheilosia subpictipennis
7594;Cheilosia venosa;166256;233913;;Cheilosia venosa
7595;Chrysogaster basalis;166256;233914;;Chrysogaster basalis
7596;Chrysogaster cemiteriorum;166256;233915;;Chrysogaster cemiteriorum
7597;Chrysotoxum octomaculatum;166256;233916;;Chrysotoxum octomaculatum
7598;Criorhina pachymera;166256;233917;;Criorhina pachymera
7599;Doros profuges;166256;233918;;Doros profuges
7600;Epistrophe cryptica;166256;233919;;Epistrophe cryptica
7601;Epistrophe diaphana;166256;233920;;Epistrophe diaphana
7602;Epistrophe leiophthalma;166256;233921;;Epistrophe leiophthalma
7603;Epistrophe obscuripes;166256;233922;;Epistrophe obscuripes
7604;Epistrophe ochrostoma;166256;233923;;Epistrophe ochrostoma
7605;Eristalis cryptarum;166256;233924;;Eristalis cryptarum
7606;Eristalis pseudorupium;166256;233925;;Eristalis pseudorupium
7607;Eumerus grandis;166256;233926;;Eumerus grandis
7608;Eumerus ovatus;166256;233927;;Eumerus ovatus
7609;Eumerus ruficornis;166256;233928;;Eumerus ruficornis
7610;Eumerus sabulonum;166256;233929;;Eumerus sabulonum
7611;Eumerus sinuatus;166256;233930;;Eumerus sinuatus
7612;Eumerus sogdianus;166256;233931;;Eumerus sogdianus
7613;Eumerus tarsalis;166256;233932;;Eumerus tarsalis
7614;Eumerus tricolor;166256;233933;;Eumerus tricolor
7615;Eupeodes bucculatus;166256;233934;;Eupeodes bucculatus
7616;Eupeodes lundbecki;166256;233935;;Eupeodes lundbecki
7617;Hammerschmidtia ferruginea;166256;233936;;Hammerschmidtia ferruginea
7618;Lejota ruficornis;166256;233937;;Lejota ruficornis
7619;Mallota fuciformis;166256;233938;;Mallota fuciformis
7620;Melangyna arctica;166256;233939;;Melangyna arctica
7621;Melanostoma dubium;166256;233940;;Melanostoma dubium
7622;Meligramma cingulatum;166256;233941;;Meligramma cingulatum
7623;Merodon aberrans;166256;233942;;Merodon aberrans
7624;Merodon aeneus;166256;233943;;Merodon aeneus
7625;Merodon armipes;166256;233944;;Merodon armipes
7626;Merodon avidus;166256;233945;;Merodon avidus
7627;Merodon cinereus;166256;233946;;Merodon cinereus
7628;Merodon constans;166256;233947;;Merodon constans
7629;Merodon ruficornis;166256;233948;;Merodon ruficornis
7630;Merodon rufus;166256;233949;;Merodon rufus
7631;Mesembrius peregrinus;166256;233950;;Mesembrius peregrinus
7632;Microdon miki;166256;233951;;Microdon miki
7633;Myolepta dubia;166256;233952;;Myolepta dubia
7634;Myolepta vara;166256;233953;;Myolepta vara
7635;Neoascia unifasciata;166256;233954;;Neoascia unifasciata
7636;Orthonevra tristis;166256;233955;;Orthonevra tristis
7637;Orthonevra brevicornis;166256;233956;;Orthonevra brevicornis
7638;Orthonevra elegans;166256;233957;;Orthonevra elegans
7639;Orthonevra geniculata;166256;233958;;Orthonevra geniculata
7640;Orthonevra intermedia;166256;233959;;Orthonevra intermedia
7641;Paragus bicolor;166256;233960;;Paragus bicolor
7642;Paragus constrictus;166256;233961;;Paragus constrictus
7643;Paragus finitimus;166256;233962;;Paragus finitimus
7644;Paragus flammeus;166256;233963;;Paragus flammeus
7645;Paragus punctulatus;166256;233964;;Paragus punctulatus
7646;Paragus quadrifasciatus;166256;233965;;Paragus quadrifasciatus
7647;Paragus tibialis;166256;233966;;Paragus tibialis
7648;Parhelophilus consimilis;166256;233967;;Parhelophilus consimilis
7649;Pelococera tricincta;166256;233968;;Pelococera tricincta
7650;Pipiza accola;166256;233969;;Pipiza accola
7651;Pipiza festiva;166256;233970;;Pipiza festiva
7652;Pipizella divicoi;166256;233971;;Pipizella divicoi
7653;Pipizella mongolorum;166256;233972;;Pipizella mongolorum
7654;Pipizella zeneggenensis;166256;233973;;Pipizella zeneggenensis
7655;Platycheirus ambiguus;166256;233974;;Platycheirus ambiguus
7656;Platycheirus angustipes;166256;233975;;Platycheirus angustipes
7657;Platycheirus complicatus;166256;233976;;Platycheirus complicatus
7658;Platycheirus fasciculatus;166256;233977;;Platycheirus fasciculatus
7659;Platycheirus laskai;166256;233978;;Platycheirus laskai
7660;Platycheirus immaculatus;166256;233979;;Platycheirus immaculatus
7661;Platycheirus perpallidus;166256;233980;;Platycheirus perpallidus
7662;Platycheirus podagratus;166256;233981;;Platycheirus podagratus
7663;Pocota personata;166256;233982;;Pocota personata
7664;Psarus abdominalis;166256;233983;;Psarus abdominalis
7665;Psilota anthracina;166256;233984;;Psilota anthracina
7666;Spazigaster ambulans;166256;233985;;Spazigaster ambulans
7667;Sphaerophoria bankowskae;166256;233986;;Sphaerophoria bankowskae
7668;Sphaerophoria estebani;166256;233987;;Sphaerophoria estebani
7669;Sphaerophoria shirchan;166256;233988;;Sphaerophoria shirchan
7670;Sphegina clavata;166256;233989;;Sphegina clavata
7671;Sphegina cornifera;166256;233990;;Sphegina cornifera
7672;Sphegina platychira;166256;233991;;Sphegina platychira
7673;Sphegina spheginea;166256;233992;;Sphegina spheginea
7674;Sphiximorpha subsessilis;166256;233993;;Sphiximorpha subsessilis
7675;Spilomyia diophthalma;166256;233994;;Spilomyia diophthalma
7676;Spilomyia manicata;166256;233995;;Spilomyia manicata
7677;Syrphus auberti;166256;233996;;Syrphus auberti
7678;Syrphus nitidifrons;166256;233997;;Syrphus nitidifrons
7679;Temnostoma apiforme;166256;233998;;Temnostoma apiforme
7680;Temnostoma meridionale;166256;233999;;Temnostoma meridionale
7681;Trichopsomyia joratensis;166256;234000;;Trichopsomyia joratensis
7682;Tropidia fasciata;166256;234001;;Tropidia fasciata
7683;Xanthogramma laetum;166256;234002;;Xanthogramma laetum
7728;Cyprinidae (larvae);158605;365821;Karpfenartige (nur Brut);Karpfenartige (nur Brut) – Cyprinidae (larvae)
7740;Pisces (larvae);158605;365822;Fischbrut allgemein;Fischbrut allgemein – Pisces (larvae)
7742;Salmonidae (larvae);158605;365823;Lachsartige (nur Brut);Lachsartige (nur Brut) – Salmonidae (larvae)
7780;Andrena batava;158763;234216;;Andrena batava
7781;Andrena confinis;158763;234217;;Andrena confinis
7782;Chrysis splendidula;708822;234218;;Chrysis splendidula
7783;Pemphredon enslini;708822;234219;;Pemphredon enslini
7784;Pemphredon fabricii;708822;234220;;Pemphredon fabricii
7785;Pemphredon wesmaeli;708822;234221;;Pemphredon wesmaeli
7786;Trypoxylon kostylevi;708822;234222;;Trypoxylon kostylevi
7809;Andena dorsata var. propinqua;158763;234253;;Andena dorsata var. propinqua
7853;Neogobius gymnotrachelus;158605;365866;Nackthalsgrundel;Nackthalsgrundel – Neogobius gymnotrachelus
8020;Felsbrüter;204339;366085;;Felsbrüter
8021;Spechte;204339;366086;;Spechte
8022;Greife;204339;366087;;Greife
8023;Eulen;204339;366088;;Eulen
8024;Koloniebrüter;204339;366089;;Koloniebrüter
8025;Nischenbrüter;204339;366091;;Nischenbrüter
8026;Wiesenbrüter;204339;366092;;Wiesenbrüter
8027;Bodenbrüter;204339;366093;;Bodenbrüter
8028;Niederwild;204339;366094;;Niederwild
8029;Nachtfalter;204339;366098;;Nachtfalter
8031;Heuschrecken;204339;366099;;Heuschrecken
8032;Totholzkäfer;204339;366100;;Totholzkäfer
8033;Wildbienen;204339;366101;;Wildbienen
8034;Lichtwaldarten;204339;366102;;Lichtwaldarten
8035;Saumarten;204339;366103;;Saumarten
8036;Röhrrichtarten;204339;366104;;Röhrrichtarten
8037;Pionierarten;204339;366105;;Pionierarten
8038;Biotopkomplexarten;204339;366106;;Biotopkomplexarten
8040;Kotfresser;204339;366107;Koprophage;Koprophage – Kotfresser
8041;Aasfresser;204339;366108;Nekrophage;Nekrophage – Aasfresser
8042;Xylobionte;204339;366109;;Xylobionte
8070;Kleinvögel;204339;366129;;Kleinvögel
8117;Prostoma putealis;165097;485298;;Prostoma putealis
8374;Anacridium aegyptium;158667;234818;;Anacridium aegyptium
8375;Erigone arctica;165099;234819;;Erigone arctica
8381;Arion fuscus-subfuscus-Komplex;164830;234825;;Arion fuscus-subfuscus-Komplex
8382;Eobania vermiculata;164830;234826;;Eobania vermiculata
8385;Sphaerium ovale;164830;234829;Ovale Kugelmuschel;Ovale Kugelmuschel – Sphaerium ovale
8386;Zikaden;nan;234830;;Zikaden
8387;Tretocephala ambigua;162915;234832;;Tretocephala ambigua
8388;Stephanitis oberti;166104;234833;Rhododendronwanze;Rhododendronwanze – Stephanitis oberti
8389;Gonocerus acuteangulatus;166104;234834;;Gonocerus acuteangulatus
8390;Haematoloma dorsatum;234830;234835;Kiefernblutzikade;Kiefernblutzikade – Haematoloma dorsatum
8392;Bembidion cruciatum subsp. polonicum;160553;234837;;Bembidion cruciatum subsp. polonicum
8393;Ophonus longicollis;160553;234838;;Ophonus longicollis
8394;Acalypta carinata;166104;234839;;Acalypta carinata
8395;Acalypta marginata;166104;234840;;Acalypta marginata
8396;Acalypta parvula;166104;234841;;Acalypta parvula
8397;Acalypta platycheila;166104;234842;;Acalypta platycheila
8398;Acanthosoma haemorrhoidale;166104;234843;;Acanthosoma haemorrhoidale
8399;Acetropis carinata;166104;234844;;Acetropis carinata
8400;Acetropis gimmerthalii;166104;234845;;Acetropis gimmerthalii
8401;Acompocoris alpinus;166104;234846;;Acompocoris alpinus
8402;Acompocoris pygmaeus;166104;234847;;Acompocoris pygmaeus
8403;Acompus rufipes;166104;234848;;Acompus rufipes
8404;Adelphocoris hercynicus;166104;234849;;Adelphocoris hercynicus
8405;Adelphocoris quadripunctatus;166104;234850;;Adelphocoris quadripunctatus
8406;Adelphocoris reichelii;166104;234851;;Adelphocoris reichelii
8407;Adelphocoris seticornis;166104;234852;;Adelphocoris seticornis
8408;Adomerus biguttatus;166104;234853;;Adomerus biguttatus
8409;Aellopus atratus;166104;234854;;Aellopus atratus
8410;Agnocoris reclairei;166104;234855;;Agnocoris reclairei
8411;Agnocoris rubicundus;166104;234856;;Agnocoris rubicundus
8412;Agramma laetum;166104;234857;;Agramma laetum
8413;Alloeonotus fulvipes;166104;234858;;Alloeonotus fulvipes
8414;Alloeotomus germanicus;166104;234859;;Alloeotomus germanicus
8415;Alloeotomus gothicus;166104;234860;;Alloeotomus gothicus
8416;Aneurus avenius;166104;234861;;Aneurus avenius
8417;Aneurus laevis;166104;234862;;Aneurus laevis
8418;Anthocoris amplicollis;166104;234863;;Anthocoris amplicollis
8419;Anthocoris butleri;166104;234864;;Anthocoris butleri
8420;Anthocoris gallarumulmi;166104;234865;;Anthocoris gallarumulmi
8421;Anthocoris limbatus;166104;234866;;Anthocoris limbatus
8422;Anthocoris minki;166104;234867;;Anthocoris minki
8423;Anthocoris pilosus;166104;234868;;Anthocoris pilosus
8424;Anthocoris sarothamni;166104;234869;;Anthocoris sarothamni
8425;Anthocoris simulans;166104;234870;;Anthocoris simulans
8426;Aphanus rolandri;166104;234871;;Aphanus rolandri
8427;Aphelocheirus aestivalis;166104;234872;Grundwanze;Grundwanze – Aphelocheirus aestivalis
8428;Apolygus limbatus;166104;234873;;Apolygus limbatus
8429;Apolygus lucorum;166104;234874;;Apolygus lucorum
8430;Apolygus rhamnicola;166104;234875;;Apolygus rhamnicola
8431;Apolygus spinolae;166104;234876;;Apolygus spinolae
8432;Aquarius najas;166104;234877;;Aquarius najas
8433;Aquarius paludum;166104;234878;;Aquarius paludum
8434;Aradus betulae;166104;234879;;Aradus betulae
8435;Aradus cinnamomeus;166104;234880;;Aradus cinnamomeus
8436;Aradus corticalis;166104;234881;;Aradus corticalis
8437;Aradus depressus;166104;234882;;Aradus depressus
8438;Aradus signaticornis;166104;234883;;Aradus signaticornis
8439;Arctocorisa germari;166104;234884;;Arctocorisa germari
8440;Atractotomus kolenatii;166104;234885;;Atractotomus kolenatii
8441;Atractotomus magnicornis;166104;234886;;Atractotomus magnicornis
8442;Atractotomus mali;166104;234887;;Atractotomus mali
8443;Atractotomus parvulus;166104;234888;;Atractotomus parvulus
8444;Bathysolen nubilus;166104;234889;;Bathysolen nubilus
8445;Berytinus crassipes;166104;234890;;Berytinus crassipes
8446;Berytinus clavipes;166104;234891;;Berytinus clavipes
8447;Berytinus hirticornis;166104;234892;;Berytinus hirticornis
8448;Berytinus minor;166104;234893;;Berytinus minor
8449;Blepharidopterus diaphanus;166104;234894;;Blepharidopterus diaphanus
8450;Bothrostethus annulipes;166104;234895;;Bothrostethus annulipes
8451;Brachyarthrum limitatum;166104;234896;;Brachyarthrum limitatum
8452;Brachycarenus tigrinus;166104;234897;;Brachycarenus tigrinus
8453;Brachycoleus pilicornis;166104;234898;;Brachycoleus pilicornis
8454;Brachynotocoris puncticornis;166104;234899;;Brachynotocoris puncticornis
8455;Bryocoris pteridis;166104;234900;;Bryocoris pteridis
8456;Callicorixa praeusta;166104;234901;;Callicorixa praeusta
8457;Calocoris affinis;166104;234902;;Calocoris affinis
8458;Calocoris alpestris;166104;234903;;Calocoris alpestris
8459;Calocoris roseomaculatus;166104;234904;;Calocoris roseomaculatus
8460;Camptozygum aequale;166104;234905;;Camptozygum aequale
8461;Campylomma annulicorne;166104;234906;;Campylomma annulicorne
8462;Campylomma verbasci;166104;234907;;Campylomma verbasci
8463;Campylosteira verna;166104;234908;;Campylosteira verna
8464;Canthophorus dubius;166104;234909;;Canthophorus dubius
8465;Capsodes gothicus;166104;234910;;Capsodes gothicus
8466;Capsus ater;166104;234911;;Capsus ater
8467;Capsus wagneri;166104;234912;;Capsus wagneri
8468;Carpocoris fuscispinus;166104;234913;;Carpocoris fuscispinus
8469;Carpocoris purpureipennis;166104;234914;;Carpocoris purpureipennis
8470;Catoplatus fabricii;166104;234915;;Catoplatus fabricii
8471;Ceraleptus lividus;166104;234916;;Ceraleptus lividus
8472;Ceratocombus coleoptratus;166104;234917;;Ceratocombus coleoptratus
8473;Charagochilus gyllenhalii;166104;234918;;Charagochilus gyllenhalii
8474;Chartoscirta cincta;166104;234919;;Chartoscirta cincta
8475;Chartoscirta cocksii;166104;234920;;Chartoscirta cocksii
8476;Chartoscirta elegantula;166104;234921;;Chartoscirta elegantula
8477;Chilacis typhae;166104;234922;;Chilacis typhae
8478;Chlamydatus evanescens;166104;234923;;Chlamydatus evanescens
8479;Chlamydatus pulicarius;166104;234924;;Chlamydatus pulicarius
8480;Chlamydatus pullus;166104;234925;;Chlamydatus pullus
8481;Chlamydatus saltitans;166104;234926;;Chlamydatus saltitans
8482;Chlorochroa juniperina;166104;234927;;Chlorochroa juniperina
8483;Chlorochroa pinicola;166104;234928;;Chlorochroa pinicola
8484;Chorosoma schillingii;166104;234929;;Chorosoma schillingii
8485;Cimex lectularius;166104;234930;Bettwanze;Bettwanze – Cimex lectularius
8486;Closterotomus biclavatus;166104;234931;;Closterotomus biclavatus
8487;Closterotomus fulvomaculatus;166104;234932;;Closterotomus fulvomaculatus
8488;Closterotomus norwegicus;166104;234933;;Closterotomus norwegicus
8489;Compsidolon salicellum;166104;234934;;Compsidolon salicellum
8490;Conostethus venustus;166104;234935;;Conostethus venustus
8491;Copium clavicorne;166104;234936;;Copium clavicorne
8492;Coptosoma scutellatum;166104;234937;;Coptosoma scutellatum
8493;Coranus subapterus;166104;234938;;Coranus subapterus
8494;Coriomeris denticulatus;166104;234939;;Coriomeris denticulatus
8495;Coriomeris scabricornis;166104;234940;;Coriomeris scabricornis
8496;Corixa affinis;166104;234941;;Corixa affinis
8497;Corixa dentipes;166104;234942;;Corixa dentipes
8498;Corixa panzeri;166104;234943;;Corixa panzeri
8499;Corizus hyoscyami;166104;234944;;Corizus hyoscyami
8500;Corythucha ciliata;166104;234945;Platanengitterwanze;Platanengitterwanze – Corythucha ciliata
8501;Cremnocephalus albolineatus;166104;234946;;Cremnocephalus albolineatus
8502;Criocoris crassicornis;166104;234947;;Criocoris crassicornis
8503;Cryptostemma alienum;166104;234948;;Cryptostemma alienum
8504;Cryptostemma pusillimum;166104;234949;;Cryptostemma pusillimum
8505;Cryptostemma waltli;166104;234950;;Cryptostemma waltli
8506;Cydnus aterrimus;166104;234951;;Cydnus aterrimus
8507;Cymatia bonsdorffii;166104;234952;;Cymatia bonsdorffii
8508;Cymatia coleoptrata;166104;234953;;Cymatia coleoptrata
8509;Cymus aurescens;166104;234954;;Cymus aurescens
8510;Cymus glandicolor;166104;234955;;Cymus glandicolor
8511;Cymus melanocephalus;166104;234956;;Cymus melanocephalus
8512;Cyphostethus tristriatus;166104;234957;;Cyphostethus tristriatus
8513;Deraeocoris annulipes;166104;234958;;Deraeocoris annulipes
8514;Deraeocoris flavilinea;166104;234959;;Deraeocoris flavilinea
8515;Deraeocoris olivaceus;166104;234960;;Deraeocoris olivaceus
8516;Deraeocoris trifasciatus;166104;234961;;Deraeocoris trifasciatus
8517;Derephysia foliacea;166104;234962;;Derephysia foliacea
8518;Dichrooscytus gustavi;166104;234963;;Dichrooscytus gustavi
8519;Dichrooscytus intermedius;166104;234964;;Dichrooscytus intermedius
8520;Dichrooscytus rufipennis;166104;234965;;Dichrooscytus rufipennis
8521;Dicranocephalus agilis;166104;234966;;Dicranocephalus agilis
8522;Dictyla echii;166104;234967;;Dictyla echii
8523;Dictyla humuli;166104;234968;;Dictyla humuli
8524;Dictyla lupuli;166104;234969;;Dictyla lupuli
8525;Dictyla platyoma;166104;234970;;Dictyla platyoma
8526;Dictyla rotundata;166104;234971;;Dictyla rotundata
8527;Dictyonota strichnocera;166104;234972;;Dictyonota strichnocera
8528;Dicyphus annulatus;166104;234973;;Dicyphus annulatus
8529;Dicyphus epilobii;166104;234974;;Dicyphus epilobii
8530;Dicyphus errans;166104;234975;;Dicyphus errans
8531;Dicyphus pallicornis;166104;234976;;Dicyphus pallicornis
8532;Dicyphus pallidus;166104;234977;;Dicyphus pallidus
8533;Drymus brunneus;166104;234978;;Drymus brunneus
8534;Drymus pilicornis;166104;234979;;Drymus pilicornis
8535;Dufouriellus ater;166104;234980;;Dufouriellus ater
8536;Elasmostethus minor;166104;234981;;Elasmostethus minor
8537;Elasmucha ferrugata;166104;234982;;Elasmucha ferrugata
8538;Elasmucha fieberi;166104;234983;;Elasmucha fieberi
8539;Elatophilus nigricornis;166104;234984;;Elatophilus nigricornis
8540;Emblethis verbasci;166104;234985;;Emblethis verbasci
8541;Empicoris culiciformis;166104;234986;;Empicoris culiciformis
8542;Empicoris vagabundus;166104;234987;;Empicoris vagabundus
8543;Enoplops scapha;166104;234988;;Enoplops scapha
8544;Eremocoris abietis;166104;234989;;Eremocoris abietis
8545;Eremocoris fenestratus;166104;234990;;Eremocoris fenestratus
8546;Eremocoris plebejus;166104;234991;;Eremocoris plebejus
8547;Eremocoris podagricus;166104;234992;;Eremocoris podagricus
8548;Europiella albipennis;166104;234993;;Europiella albipennis
8549;Europiella alpina;166104;234994;;Europiella alpina
8550;Eurydema dominula;166104;234995;;Eurydema dominula
8551;Eurydema ornata;166104;234996;;Eurydema ornata
8552;Eurygaster austriaca;166104;234997;;Eurygaster austriaca
8553;Eurygaster maura;166104;234998;;Eurygaster maura
8554;Eurygaster testudinaria;166104;234999;;Eurygaster testudinaria
8555;Euryopicoris nitidus;166104;235000;;Euryopicoris nitidus
8556;Eysarcoris aeneus;166104;235001;;Eysarcoris aeneus
8557;Eysarcoris fabricii;166104;235002;;Eysarcoris fabricii
8558;Gampsocoris punctipes;166104;235003;;Gampsocoris punctipes
8559;Gastrodes abietum;166104;235004;;Gastrodes abietum
8560;Gastrodes grossipes;166104;235005;;Gastrodes grossipes
8561;Geocoris ater;166104;235006;;Geocoris ater
8562;Geocoris grylloides;166104;235007;;Geocoris grylloides
8563;Geocoris lapponicus;166104;235008;;Geocoris lapponicus
8564;Geotomus elongatus;166104;235009;;Geotomus elongatus
8565;Gerris argentatus;166104;235010;;Gerris argentatus
8566;Gerris lateralis;166104;235011;;Gerris lateralis
8567;Gerris odontogaster;166104;235012;;Gerris odontogaster
8568;Gerris thoracicus;166104;235013;;Gerris thoracicus
8569;Glaenocorisa propinqua;166104;235014;;Glaenocorisa propinqua
8570;Globiceps flavomaculatus;166104;235015;;Globiceps flavomaculatus
8571;Globiceps fulvicollis;166104;235016;;Globiceps fulvicollis
8572;Globiceps juniperi;166104;235017;;Globiceps juniperi
8573;Globiceps sphaegiformis;166104;235018;;Globiceps sphaegiformis
8574;Gonianotus marginepunctatus;166104;235019;;Gonianotus marginepunctatus
8575;Hadrodemus m-flavum;166104;235024;;Hadrodemus m-flavum
8576;Gonocerus juniperi;166104;235021;;Gonocerus juniperi
8577;Graptopeltus lynceus;166104;235022;;Graptopeltus lynceus
8578;Grypocoris sexguttatus;166104;235023;;Grypocoris sexguttatus
8579;Halosalda lateralis;166104;235025;;Halosalda lateralis
8580;Halticus apterus;166104;235026;;Halticus apterus
8581;Hebrus ruficeps;166104;235027;;Hebrus ruficeps
8582;Hesperocorixa castanea;166104;235028;;Hesperocorixa castanea
8583;Hesperocorixa linnaei;166104;235029;;Hesperocorixa linnaei
8584;Hesperocorixa moesta;166104;235030;;Hesperocorixa moesta
8585;Hesperocorixa sahlbergi;166104;235031;;Hesperocorixa sahlbergi
8586;Heterocordylus genistae;166104;235032;;Heterocordylus genistae
8587;Heterocordylus leptocerus;166104;235033;;Heterocordylus leptocerus
8588;Heterocordylus tumidicornis;166104;235034;;Heterocordylus tumidicornis
8589;Heterogaster artemisiae;166104;235035;;Heterogaster artemisiae
8590;Himacerus boops;166104;235036;;Himacerus boops
8591;Himacerus major;166104;235037;;Himacerus major
8592;Himacerus mirmicoides;166104;235038;;Himacerus mirmicoides
8593;Horistus orientalis;166104;235039;;Horistus orientalis
8594;Horvathiolus superbus;166104;235040;;Horvathiolus superbus
8595;Hydrometra gracilenta;166104;235041;;Hydrometra gracilenta
8596;Ischnocoris angustulus;166104;235042;;Ischnocoris angustulus
8597;Ischnocoris hemipterus;166104;235043;;Ischnocoris hemipterus
8598;Isometopus intrusus;166104;235044;;Isometopus intrusus
8599;Jalla dumosa;166104;235045;;Jalla dumosa
8600;Lasiacantha capucina;166104;235046;;Lasiacantha capucina
8601;Lasiosomus enervis;166104;235047;;Lasiosomus enervis
8602;Legnotus picipes;166104;235048;;Legnotus picipes
8603;Leptopterna dolabrata;166104;235049;;Leptopterna dolabrata
8604;Limnoporus rufoscutellatus;166104;235050;;Limnoporus rufoscutellatus
8605;Loricula bipunctata;166104;235051;;Loricula bipunctata
8606;Loricula pselaphiformis;166104;235052;;Loricula pselaphiformis
8607;Lyctocoris campestris;166104;235053;;Lyctocoris campestris
8608;Lygocoris rugicollis;166104;235054;;Lygocoris rugicollis
8609;Lygocoris viridis;166104;235055;;Lygocoris viridis
8610;Lygus adspersus;166104;235056;;Lygus adspersus
8611;Lygus gemellatus;166104;235057;;Lygus gemellatus
8612;Macrodema microptera;166104;235058;;Macrodema microptera
8613;Macrolophus pygmaeus;166104;235059;;Macrolophus pygmaeus
8614;Macrolophus rubi;166104;235060;;Macrolophus rubi
8615;Macroplax preyssleri;166104;235061;;Macroplax preyssleri
8616;Macrosaldula scotica;166104;235062;;Macrosaldula scotica
8617;Macrotylus paykullii;166104;235063;;Macrotylus paykullii
8618;Macrotylus solitarius;166104;235064;;Macrotylus solitarius
8619;Malacocoris chlorizans;166104;235065;;Malacocoris chlorizans
8620;Mecomma ambulans;166104;235066;;Mecomma ambulans
8621;Megacoelum beckeri;166104;235067;;Megacoelum beckeri
8622;Megaloceroea recticornis;166104;235068;;Megaloceroea recticornis
8623;Megalocoleus molliculus;166104;235069;;Megalocoleus molliculus
8624;Megalocoleus tanaceti;166104;235070;;Megalocoleus tanaceti
8625;Megalonotus antennatus;166104;235071;;Megalonotus antennatus
8626;Megalonotus chiragra;166104;235072;;Megalonotus chiragra
8627;Megalonotus dilatatus;166104;235073;;Megalonotus dilatatus
8628;Megalonotus emarginatus;166104;235074;;Megalonotus emarginatus
8629;Megalonotus hirsutus;166104;235075;;Megalonotus hirsutus
8630;Megalonotus praetextatus;166104;235076;;Megalonotus praetextatus
8631;Melanocoryphus albomaculatus;166104;235077;;Melanocoryphus albomaculatus
8632;Metopoplax ditomoides;166104;235078;;Metopoplax ditomoides
8633;Micronecta griseola;166104;235079;;Micronecta griseola
8634;Micronecta scholtzi;166104;235080;;Micronecta scholtzi
8635;Microporus nigrita;166104;235081;;Microporus nigrita
8636;Microvelia buenoi;166104;235082;;Microvelia buenoi
8637;Microvelia pygmaea;166104;235083;;Microvelia pygmaea
8638;Microvelia reticulata;166104;235084;;Microvelia reticulata
8639;Miridius quadrivirgatus;166104;235085;;Miridius quadrivirgatus
8640;Miris striatus;166104;235086;;Miris striatus
8641;Monosynamma bohemanni;166104;235087;;Monosynamma bohemanni
8642;Monosynamma sabulicola;166104;235088;;Monosynamma sabulicola
8643;Myrmecoris gracilis;166104;235089;;Myrmecoris gracilis
8644;Myrmedobia coleoptrata;166104;235090;;Myrmedobia coleoptrata
8645;Myrmedobia distinguenda;166104;235091;;Myrmedobia distinguenda
8646;Nabis brevis;166104;235092;;Nabis brevis
8647;Nabis ericetorum;166104;235093;;Nabis ericetorum
8648;Nabis flavomarginatus;166104;235094;;Nabis flavomarginatus
8649;Nabis limbatus;166104;235095;;Nabis limbatus
8650;Nabis lineatus;166104;235096;;Nabis lineatus
8651;Nabis punctatus;166104;235097;;Nabis punctatus
8652;Nabis rugosus;166104;235098;;Nabis rugosus
8653;Neides tipularius;166104;235099;;Neides tipularius
8654;Neottiglossa leporina;166104;235100;;Neottiglossa leporina
8655;Neottiglossa pusilla;166104;235101;;Neottiglossa pusilla
8656;Nithecus jacobaeae;166104;235102;;Nithecus jacobaeae
8657;Notostira erratica;166104;235103;;Notostira erratica
8658;Nysius cymoides;166104;235104;;Nysius cymoides
8659;Nysius ericae;166104;235105;;Nysius ericae
8660;Nysius helveticus;166104;235106;;Nysius helveticus
8661;Nysius senecionis;166104;235107;;Nysius senecionis
8662;Odontoscelis fuliginosa;166104;235108;;Odontoscelis fuliginosa
8663;Odontoscelis lineola;166104;235109;;Odontoscelis lineola
8664;Oeciacus hirundinis;166104;235110;Schwalbenwanze;Schwalbenwanze – Oeciacus hirundinis
8665;Oncotylus punctipes;166104;235111;;Oncotylus punctipes
8666;Orius agilis;166104;235112;;Orius agilis
8667;Orius laticollis;166104;235113;;Orius laticollis
8668;Orius majusculus;166104;235114;;Orius majusculus
8669;Orius vicinus;166104;235115;;Orius vicinus
8670;Orsillus depressus;166104;235116;;Orsillus depressus
8671;Orthocephalus coriaceus;166104;235117;;Orthocephalus coriaceus
8672;Orthocephalus saltator;166104;235118;;Orthocephalus saltator
8673;Ortholomus punctipennis;166104;235119;;Ortholomus punctipennis
8674;Orthonotus rufifrons;166104;235120;;Orthonotus rufifrons
8675;Orthops basalis;166104;235121;;Orthops basalis
8676;Orthops campestris;166104;235122;;Orthops campestris
8677;Orthotylus adenocarpi;166104;235123;;Orthotylus adenocarpi
8678;Orthotylus bilineatus;166104;235124;;Orthotylus bilineatus
8679;Orthotylus concolor;166104;235125;;Orthotylus concolor
8680;Orthotylus ericetorum;166104;235126;;Orthotylus ericetorum
8681;Orthotylus flavinervis;166104;235127;;Orthotylus flavinervis
8682;Orthotylus flavosparsus;166104;235128;;Orthotylus flavosparsus
8683;Orthotylus fuscescens;166104;235129;;Orthotylus fuscescens
8684;Orthotylus marginalis;166104;235130;;Orthotylus marginalis
8685;Orthotylus prasinus;166104;235131;;Orthotylus prasinus
8686;Orthotylus virens;166104;235132;;Orthotylus virens
8687;Orthotylus virescens;166104;235133;;Orthotylus virescens
8688;Orthotylus viridinervis;166104;235134;;Orthotylus viridinervis
8689;Oxycarenus modestus;166104;235135;;Oxycarenus modestus
8690;Pachybrachius fracticollis;166104;235136;;Pachybrachius fracticollis
8691;Pachybrachius luridus;166104;235137;;Pachybrachius luridus
8692;Pachytomella parallela;166104;235138;;Pachytomella parallela
8693;Paracorixa concinna;166104;235139;;Paracorixa concinna
8694;Parapiesma quadratum;166104;235140;;Parapiesma quadratum
8695;Parapsallus vitellinus;166104;235141;;Parapsallus vitellinus
8696;Peribalus vernalis;166104;235142;;Peribalus vernalis
8697;Peritrechus lundii;166104;235143;;Peritrechus lundii
8698;Phoenicocoris modestus;166104;235144;;Phoenicocoris modestus
8699;Phoenicocoris obscurellus;166104;235145;;Phoenicocoris obscurellus
8700;Phylus coryli;166104;235146;;Phylus coryli
8701;Phylus palliceps;166104;235147;;Phylus palliceps
8702;Physatocheila costata;166104;235148;;Physatocheila costata
8703;Physatocheila dumetorum;166104;235149;;Physatocheila dumetorum
8704;Physatocheila smreczynskii;166104;235150;;Physatocheila smreczynskii
8705;Phytocoris insignis;166104;235151;;Phytocoris insignis
8706;Phytocoris intricatus;166104;235152;;Phytocoris intricatus
8707;Phytocoris longipennis;166104;235153;;Phytocoris longipennis
8708;Phytocoris pini;166104;235154;;Phytocoris pini
8709;Phytocoris populi;166104;235155;;Phytocoris populi
8710;Phytocoris reuteri;166104;235156;;Phytocoris reuteri
8711;Phytocoris singeri;166104;235157;;Phytocoris singeri
8712;Phytocoris ulmi;166104;235158;;Phytocoris ulmi
8713;Piesma capitatum;166104;235159;;Piesma capitatum
8714;Piesma maculatum;166104;235160;;Piesma maculatum
8715;Pilophorus cinnamopterus;166104;235161;;Pilophorus cinnamopterus
8716;Pilophorus clavatus;166104;235162;;Pilophorus clavatus
8717;Pilophorus confuscus;166104;235163;;Pilophorus confuscus
8718;Pilophorus simulans;166104;235164;;Pilophorus simulans
8719;Pinalitus cervinus;166104;235165;;Pinalitus cervinus
8720;Pinalitus rubricatus;166104;235166;;Pinalitus rubricatus
8721;Pinalitus viscicola;166104;235167;;Pinalitus viscicola
8722;Pinthaeus sanguinipes;166104;235168;;Pinthaeus sanguinipes
8723;Placochilus seladonicus;166104;235169;;Placochilus seladonicus
8724;Plagiognathus chrysanthemi;166104;235170;;Plagiognathus chrysanthemi
8725;Plagiognathus fulvipennis;166104;235171;;Plagiognathus fulvipennis
8726;Platyplax salviae;166104;235172;;Platyplax salviae
8727;Plesiodema pinetella;166104;235173;;Plesiodema pinetella
8728;Plinthisus brevipennis;166104;235174;;Plinthisus brevipennis
8729;Plinthisus pusillus;166104;235175;;Plinthisus pusillus
8730;Polymerus brevicornis;166104;235176;;Polymerus brevicornis
8731;Polymerus holosericeus;166104;235177;;Polymerus holosericeus
8732;Polymerus microphtalmus;166104;235178;;Polymerus microphtalmus
8733;Polymerus palustris;166104;235179;;Polymerus palustris
8734;Polymerus unifasciatus;166104;235180;;Polymerus unifasciatus
8735;Prostemma guttula;166104;235181;;Prostemma guttula
8736;Psallus assimilis;166104;235182;;Psallus assimilis
8737;Psallus confusus;166104;235183;;Psallus confusus
8738;Psallus falleni;166104;235184;;Psallus falleni
8739;Psallus flavellus;166104;235185;;Psallus flavellus
8740;Psallus haematodes;166104;235186;;Psallus haematodes
8741;Psallus lapponicus;166104;235187;;Psallus lapponicus
8742;Psallus luridus;166104;235188;;Psallus luridus
8743;Psallus mollis;166104;235189;;Psallus mollis
8744;Psallus piceae;166104;235190;;Psallus piceae
8745;Psallus pseudoplatani;166104;235191;;Psallus pseudoplatani
8746;Psallus quercus;166104;235192;;Psallus quercus
8747;Psallus salicis;166104;235193;;Psallus salicis
8748;Psallus variabilis;166104;235194;;Psallus variabilis
8749;Psallus wagneri;166104;235195;;Psallus wagneri
8750;Pseudoloxops coccineus;166104;235196;;Pseudoloxops coccineus
8751;Pterotmetus staphyliniformis;166104;235197;;Pterotmetus staphyliniformis
8752;Pygolampis bidentata;166104;235198;;Pygolampis bidentata
8753;Raglius alboacuminatus;166104;235199;;Raglius alboacuminatus
8754;Reduvius personatus;166104;235200;;Reduvius personatus
8755;Reuteria marqueti;166104;235201;;Reuteria marqueti
8756;Rhabdomiris striatellus;166104;235202;;Rhabdomiris striatellus
8757;Rhacognathus punctatus;166104;235203;;Rhacognathus punctatus
8758;Rhaphigaster nebulosa;166104;235204;;Rhaphigaster nebulosa
8759;Rhopalus maculatus;166104;235205;;Rhopalus maculatus
8760;Rhopalus rufus;166104;235206;;Rhopalus rufus
8761;Rhopalus subrufus;166104;235207;;Rhopalus subrufus
8762;Rhynocoris annulatus;166104;235208;;Rhynocoris annulatus
8763;Rhyparochromus phoeniceus;166104;235209;;Rhyparochromus phoeniceus
8764;Rhyparochromus pini;166104;235210;;Rhyparochromus pini
8765;Rhyparochromus vulgaris;166104;235211;;Rhyparochromus vulgaris
8766;Rubiconia intermedia;166104;235212;;Rubiconia intermedia
8767;Salda littoralis;166104;235213;;Salda littoralis
8768;Salda muelleri;166104;235214;;Salda muelleri
8769;Saldula arenicola;166104;235215;;Saldula arenicola
8770;Saldula c-album;166104;235216;;Saldula c-album
8771;Saldula fucicola;166104;235217;;Saldula fucicola
8772;Saldula melanoscela;166104;235218;;Saldula melanoscela
8773;Saldula opacula;166104;235219;;Saldula opacula
8774;Saldula orthochila;166104;235220;;Saldula orthochila
8775;Saldula pallipes;166104;235221;;Saldula pallipes
8776;Saldula pilosella;166104;235222;;Saldula pilosella
8777;Salicarus roseri;166104;235223;;Salicarus roseri
8778;Sciocoris cursitans;166104;235224;;Sciocoris cursitans
8779;Sciocoris umbrinus;166104;235225;;Sciocoris umbrinus
8780;Scoloposcelis pulchella;166104;235226;;Scoloposcelis pulchella
8781;Scolopostethus grandis;166104;235227;;Scolopostethus grandis
8782;Scolopostethus pictus;166104;235228;;Scolopostethus pictus
8783;Scolopostethus puberulus;166104;235229;;Scolopostethus puberulus
8784;Sehirus luctuosus;166104;235230;;Sehirus luctuosus
8785;Sehirus morio;166104;235231;;Sehirus morio
8786;Sigara distincta;166104;235232;;Sigara distincta
8787;Sigara dorsalis;166104;235233;;Sigara dorsalis
8788;Sigara falleni;166104;235234;;Sigara falleni
8789;Sigara fossarum;166104;235235;;Sigara fossarum
8790;Sigara hellensii;166104;235236;;Sigara hellensii
8791;Sigara iactans;166104;235237;;Sigara iactans
8792;Sigara lateralis;166104;235238;;Sigara lateralis
8793;Sigara limitata;166104;235239;;Sigara limitata
8794;Sigara longipalis;166104;235240;;Sigara longipalis
8795;Sigara nigrolineata;166104;235241;;Sigara nigrolineata
8796;Sigara scotti;166104;235242;;Sigara scotti
8797;Sigara semistriata;166104;235243;;Sigara semistriata
8798;Sigara stagnalis;166104;235244;;Sigara stagnalis
8799;Sigara striata;166104;235245;;Sigara striata
8800;Spathocera dahlmannii;166104;235246;;Spathocera dahlmannii
8801;Sphragisticus nebulosus;166104;235247;;Sphragisticus nebulosus
8802;Spilostethus saxatilis;166104;235248;;Spilostethus saxatilis
8803;Staria lunata;166104;235249;;Staria lunata
8804;Stenodema holsata;166104;235250;;Stenodema holsata
8805;Stenodema virens;166104;235251;;Stenodema virens
8806;Stenotus binotatus;166104;235252;;Stenotus binotatus
8807;Stephanitis rhododendri;166104;235253;Rhododendronwanze;Rhododendronwanze – Stephanitis rhododendri
8808;Stephanitis takeyai;166104;235254;;Stephanitis takeyai
8809;Sthenarus rotermundi;166104;235255;;Sthenarus rotermundi
8810;Stictopleurus crassicornis;166104;235256;;Stictopleurus crassicornis
8811;Strongylocoris leucocephalus;166104;235257;;Strongylocoris leucocephalus
8812;Strongylocoris steganoides;166104;235258;;Strongylocoris steganoides
8813;Stygnocoris rusticus;166104;235259;;Stygnocoris rusticus
8814;Syromastes rhombeus;166104;235260;;Syromastes rhombeus
8815;Taphropeltus contractus;166104;235261;;Taphropeltus contractus
8816;Temnostethus gracilis;166104;235262;;Temnostethus gracilis
8817;Temnostethus longirostris;166104;235263;;Temnostethus longirostris
8818;Temnostethus pusillus;166104;235264;;Temnostethus pusillus
8819;Temnostethus reduvinus;166104;235265;;Temnostethus reduvinus
8820;Tetraphleps bicuspis;166104;235266;;Tetraphleps bicuspis
8821;Thyreocoris scarabaeoides;166104;235267;;Thyreocoris scarabaeoides
8822;Tingis ampliata;166104;235268;;Tingis ampliata
8823;Tingis cardui;166104;235269;;Tingis cardui
8824;Tingis crispata;166104;235270;;Tingis crispata
8825;Tingis marrubii;166104;235271;;Tingis marrubii
8826;Tingis pilosa;166104;235272;;Tingis pilosa
8827;Tinicephalus hortulanus;166104;235273;;Tinicephalus hortulanus
8828;Trapezonotus arenarius;166104;235274;;Trapezonotus arenarius
8829;Trapezonotus desertus;166104;235275;;Trapezonotus desertus
8830;Trapezonotus dispar;166104;235276;;Trapezonotus dispar
8831;Trigonotylus ruficornis;166104;235277;;Trigonotylus ruficornis
8832;Tritomegas sexmaculatus;166104;235278;;Tritomegas sexmaculatus
8833;Troilus luridus;166104;235279;;Troilus luridus
8834;Tropistethus holosericeus;166104;235280;;Tropistethus holosericeus
8835;Tytthus pubescens;166104;235281;;Tytthus pubescens
8836;Tytthus pygmaeus;166104;235282;;Tytthus pygmaeus
8837;Velia saulii;166104;235283;;Velia saulii
8838;Xylocoris cursitans;166104;235284;;Xylocoris cursitans
8839;Xylocoris formicetorum;166104;235285;;Xylocoris formicetorum
8840;Xylocoris galactinus;166104;235286;;Xylocoris galactinus
8841;Acanthodelphax denticauda;234830;235287;Zahnspornzikade;Zahnspornzikade – Acanthodelphax denticauda
8842;Acanthodelphax spinosa;234830;235288;Stachelspornzikade;Stachelspornzikade – Acanthodelphax spinosa
8843;Acericerus heydenii;234830;235289;Bergahorn-Winkerzikade;Bergahorn-Winkerzikade – Acericerus heydenii
8844;Acericerus ribauti;234830;235290;Ribautwinkerzikade;Ribautwinkerzikade – Acericerus ribauti
8845;Acericerus vittifrons;234830;235291;Streifenwinkerzikade;Streifenwinkerzikade – Acericerus vittifrons
8846;Adarrus bellevoyei;234830;235292;Gefleckte Zwenkenzirpe;Gefleckte Zwenkenzirpe – Adarrus bellevoyei
8847;Adarrus multinotatus;234830;235293;Gemeine Zwenkenzirpe;Gemeine Zwenkenzirpe – Adarrus multinotatus
8848;Agallia brachyptera;234830;235294;Streifen-Dickkopfzikade;Streifen-Dickkopfzikade – Agallia brachyptera
8849;Agallia consobrina;234830;235295;Hain-Dickkopfzikade;Hain-Dickkopfzikade – Agallia consobrina
8850;Aguriahana stellulata;234830;235296;Kirschenblattzikade;Kirschenblattzikade – Aguriahana stellulata
8851;Alebra albostriella;234830;235297;Große Augenblattzikade;Große Augenblattzikade – Alebra albostriella
8852;Alebra coryli;234830;235298;Hasel-Augenblattzikade;Hasel-Augenblattzikade – Alebra coryli
8853;Alebra neglecta;234830;235299;Trug-Augenblattzikade;Trug-Augenblattzikade – Alebra neglecta
8854;Alebra viridis;234830;235300;Grüne Augenblattzikade;Grüne Augenblattzikade – Alebra viridis
8855;Alebra wahlbergi;234830;235301;Gemeine Augenblattzikade;Gemeine Augenblattzikade – Alebra wahlbergi
8856;Allygidius abbreviatus;234830;235302;Südliche Baumzirpe;Südliche Baumzirpe – Allygidius abbreviatus
8857;Allygidius atomarius;234830;235303;Ulmenbaumzirpe;Ulmenbaumzirpe – Allygidius atomarius
8858;Allygidius commutatus;234830;235304;Gabelbaumzirpe;Gabelbaumzirpe – Allygidius commutatus
8859;Allygus communis;234830;235305;Eichenbaumzirpe;Eichenbaumzirpe – Allygus communis
8860;Allygus maculatus;234830;235306;Fleckenbaumzirpe;Fleckenbaumzirpe – Allygus maculatus
8861;Allygus mixtus;234830;235307;Gemeine Baumzirpe;Gemeine Baumzirpe – Allygus mixtus
8862;Allygus modestus;234830;235308;Auenbaumzirpe;Auenbaumzirpe – Allygus modestus
8863;Alnetoidia alneti;234830;235309;Gemeine Erlenblattzikade;Gemeine Erlenblattzikade – Alnetoidia alneti
8864;Anaceratagallia ribauti;234830;235310;Wiesen-Dickkopfzikade;Wiesen-Dickkopfzikade – Anaceratagallia ribauti
8865;Anaceratagallia venosa;234830;235311;Klee-Dickkopfzikade;Klee-Dickkopfzikade – Anaceratagallia venosa
8866;Anakelisia fasciata;234830;235312;Uferseggen-Spornzikade;Uferseggen-Spornzikade – Anakelisia fasciata
8867;Anakelisia perspicillata;234830;235313;Triftenspornzikade;Triftenspornzikade – Anakelisia perspicillata
8868;Anoscopus albifrons;234830;235314;Braune Erdzikade;Braune Erdzikade – Anoscopus albifrons
8869;Anoscopus albiger;234830;235315;Salzerdzikade;Salzerdzikade – Anoscopus albiger
8870;Anoscopus flavostriatus;234830;235316;Streifenerdzikade;Streifenerdzikade – Anoscopus flavostriatus
8871;Anoscopus serratulae;234830;235317;Rasenerdzikade;Rasenerdzikade – Anoscopus serratulae
8872;Aphrodes bicincta;234830;235318;Triftenerdzikade;Triftenerdzikade – Aphrodes bicincta
8873;Aphrodes diminuta;234830;235319;Kleine Erdzikade;Kleine Erdzikade – Aphrodes diminuta
8874;Aphrodes makarovi;234830;235320;Wiesenerdzikade;Wiesenerdzikade – Aphrodes makarovi
8875;Aphrophora corticea;234830;235321;Kiefernschaumzikade;Kiefernschaumzikade – Aphrophora corticea
8876;Aphrophora major;234830;235322;Alpenschaumzikade;Alpenschaumzikade – Aphrophora major
8877;Aphrophora pectoralis;234830;235323;Bunte Weidenschaumzikade;Bunte Weidenschaumzikade – Aphrophora pectoralis
8878;Arboridia erecta;234830;235324;Nashorn-Blattzikade;Nashorn-Blattzikade – Arboridia erecta
8879;Arboridia parvula;234830;235325;Beilblattzikade;Beilblattzikade – Arboridia parvula
8880;Arboridia pusilla;234830;235326;Storchschnabel-Blattzikade;Storchschnabel-Blattzikade – Arboridia pusilla
8881;Arboridia ribauti;234830;235327;Hakenblattzikade;Hakenblattzikade – Arboridia ribauti
8882;Arboridia simillima;234830;235328;Pfriemenblattzikade;Pfriemenblattzikade – Arboridia simillima
8883;Arboridia velata;234830;235329;Segelblattzikade;Segelblattzikade – Arboridia velata
8884;Arocephalus languidus;234830;235330;Zwerggraszirpe;Zwerggraszirpe – Arocephalus languidus
8885;Arocephalus longiceps;234830;235331;Kandelabergraszirpe;Kandelabergraszirpe – Arocephalus longiceps
8886;Arocephalus punctum;234830;235332;Punktierte Graszirpe;Punktierte Graszirpe – Arocephalus punctum
8887;Arthaldeus arenarius;234830;235333;Landschilfzirpe;Landschilfzirpe – Arthaldeus arenarius
8888;Arthaldeus pascuellus;234830;235334;Hellebardenzirpe;Hellebardenzirpe – Arthaldeus pascuellus
8889;Arthaldeus striifrons;234830;235335;Rohrschwingelzirpe;Rohrschwingelzirpe – Arthaldeus striifrons
8890;Artianus interstitialis;234830;235336;Stirnbandzirpe;Stirnbandzirpe – Artianus interstitialis
8891;Asiraca clavicornis;234830;235337;Schaufelspornzikade;Schaufelspornzikade – Asiraca clavicornis
8892;Athysanus argentarius;234830;235338;Große Graszirpe;Große Graszirpe – Athysanus argentarius
8893;Athysanus quadrum;234830;235339;Sumpfzirpe;Sumpfzirpe – Athysanus quadrum
8894;Austroasca vittata;234830;235340;Grüne Wermutblattzikade;Grüne Wermutblattzikade – Austroasca vittata
8895;Balcanocerus larvatus;234830;235341;Große Schlehenwinkerzikade;Große Schlehenwinkerzikade – Balcanocerus larvatus
8896;Balcanocerus pruni;234830;235342;Kleine Schlehenwinkerzikade;Kleine Schlehenwinkerzikade – Balcanocerus pruni
8897;Balclutha calamagrostis;234830;235343;Reitgras-Winterzirpe;Reitgras-Winterzirpe – Balclutha calamagrostis
8898;Balclutha punctata;234830;235344;Gemeine Winterzirpe;Gemeine Winterzirpe – Balclutha punctata
8899;Balclutha rhenana;234830;235345;Glanzgras-Winterzirpe;Glanzgras-Winterzirpe – Balclutha rhenana
8900;Batracomorphus allionii;234830;235346;Ginsterlederzikade;Ginsterlederzikade – Batracomorphus allionii
8901;Batracomorphus irroratus;234830;235347;Sonnenröschen-Lederzikade;Sonnenröschen-Lederzikade – Batracomorphus irroratus
8902;Calamotettix taeniatus;234830;235348;Rohrzirpe;Rohrzirpe – Calamotettix taeniatus
8903;Calligypona reyi;234830;235349;Simsenspornzikade;Simsenspornzikade – Calligypona reyi
8904;Chloriona dorsata;234830;235350;Westliche Schilfspornzikade;Westliche Schilfspornzikade – Chloriona dorsata
8905;Chloriona glaucescens;234830;235351;Salz-Schilfspornzikade;Salz-Schilfspornzikade – Chloriona glaucescens
8906;Chloriona smaragdula;234830;235352;Smaragd-Schilfspornzikade;Smaragd-Schilfspornzikade – Chloriona smaragdula
8907;Chloriona unicolor;234830;235353;Trug-Schilfspornzikade;Trug-Schilfspornzikade – Chloriona unicolor
8908;Chloriona vasconica;234830;235354;Haken-Schilfspornzikade;Haken-Schilfspornzikade – Chloriona vasconica
8909;Chlorionidea flava;234830;235355;Blaugras-Spornzikade;Blaugras-Spornzikade – Chlorionidea flava
8910;Chlorita dumosa;234830;235356;Thymianblattzikade;Thymianblattzikade – Chlorita dumosa
8911;Chlorita paolii;234830;235357;Beifussblattzikade;Beifussblattzikade – Chlorita paolii
8912;Cicadella lasiocarpae;234830;235358;Sumpfschmuckzikade;Sumpfschmuckzikade – Cicadella lasiocarpae
8913;Cicadula albingensis;234830;235359;Waldsimsenzirpe;Waldsimsenzirpe – Cicadula albingensis
8914;Cicadula flori;234830;235360;Schlankseggenzirpe;Schlankseggenzirpe – Cicadula flori
8915;Cicadula frontalis;234830;235361;Große Seggenzirpe;Große Seggenzirpe – Cicadula frontalis
8916;Cicadula persimilis;234830;235362;Knaulgraszirpe;Knaulgraszirpe – Cicadula persimilis
8917;Cicadula quadrinotata;234830;235363;Gemeine Seggenzirpe;Gemeine Seggenzirpe – Cicadula quadrinotata
8918;Cicadula saturata;234830;235364;Braunseggenzirpe;Braunseggenzirpe – Cicadula saturata
8919;Cixius cunicularius;234830;235365;Busch-Glasflügelzikade;Busch-Glasflügelzikade – Cixius cunicularius
8920;Cixius distinguendus;234830;235366;Wald-Glasflügelzikade;Wald-Glasflügelzikade – Cixius distinguendus
8921;Cixius dubius;234830;235367;Hain-Glasflügelzikade;Hain-Glasflügelzikade – Cixius dubius
8922;Cixius nervosus;234830;235368;Gemeine Glasflügelzikade;Gemeine Glasflügelzikade – Cixius nervosus
8923;Cixius similis;234830;235369;Torf-Glasflügelzikade;Torf-Glasflügelzikade – Cixius similis
8924;Cixius simplex;234830;235370;Haken-Glasflügelzikade;Haken-Glasflügelzikade – Cixius simplex
8925;Cixius sticticus;234830;235371;Französische Glasflügelzikade;Französische Glasflügelzikade – Cixius sticticus
8926;Cixius stigmaticus;234830;235372;Trug-Glasflügelzikade;Trug-Glasflügelzikade – Cixius stigmaticus
8927;Cixius wagneri;234830;235373;Südliche Glasflügelzikade;Südliche Glasflügelzikade – Cixius wagneri
8928;Colobotettix morbillosus;234830;235374;Braune Fichtenzirpe;Braune Fichtenzirpe – Colobotettix morbillosus
8929;Conomelus anceps;234830;235375;Gemeine Binsenspornzikade;Gemeine Binsenspornzikade – Conomelus anceps
8930;Conomelus lorifer;234830;235376;Südliche Binsenspornzikade;Südliche Binsenspornzikade – Conomelus lorifer
8931;Conosanus obsoletus;234830;235377;Binsenzirpe;Binsenzirpe – Conosanus obsoletus
8932;Cosmotettix caudatus;234830;235378;Diademzirpe;Diademzirpe – Cosmotettix caudatus
8933;Cosmotettix costalis;234830;235379;Graue Seggenzirpe;Graue Seggenzirpe – Cosmotettix costalis
8934;Cosmotettix panzeri;234830;235380;Baltische Moorzirpe;Baltische Moorzirpe – Cosmotettix panzeri
8935;Criomorphus albomarginatus;234830;235381;Bindenspornzikade;Bindenspornzikade – Criomorphus albomarginatus
8936;Criomorphus borealis;234830;235382;Taigaspornzikade;Taigaspornzikade – Criomorphus borealis
8937;Criomorphus williamsi;234830;235383;Englische Spornzikade;Englische Spornzikade – Criomorphus williamsi
8938;Delphacinus mesomelas;234830;235384;Schwingelspornzikade;Schwingelspornzikade – Delphacinus mesomelas
8939;Delphacodes capnodes;234830;235385;Weisslippen-Spornzikade;Weisslippen-Spornzikade – Delphacodes capnodes
8940;Delphacodes venosus;234830;235386;Plumpspornzikade;Plumpspornzikade – Delphacodes venosus
8941;Delphax crassicornis;234830;235387;Bunte Schilfspornzikade;Bunte Schilfspornzikade – Delphax crassicornis
8942;Delphax pulchellus;234830;235388;Wiesen-Schilfspornzikade;Wiesen-Schilfspornzikade – Delphax pulchellus
8943;Deltocephalus maculiceps;234830;235389;Moorflohzirpe;Moorflohzirpe – Deltocephalus maculiceps
8944;Deltocephalus pulicaris;234830;235390;Wiesenflohzirpe;Wiesenflohzirpe – Deltocephalus pulicaris
8945;Dicranotropis hamata;234830;235391;Queckenspornzikade;Queckenspornzikade – Dicranotropis hamata
8946;Dictyophara europaea;234830;235392;Europäischer Laternenträger;Europäischer Laternenträger – Dictyophara europaea
8947;Dikraneura variata;234830;235393;Schmielenblattzikade;Schmielenblattzikade – Dikraneura variata
8948;Diplocolenus bohemani;234830;235394;Blasse Graszirpe;Blasse Graszirpe – Diplocolenus bohemani
8949;Ditropis pteridis;234830;235395;Farnspornzikade;Farnspornzikade – Ditropis pteridis
8950;Ditropsis flavipes;234830;235396;Trespenspornzikade;Trespenspornzikade – Ditropsis flavipes
8951;Doliotettix lunulatus;234830;235397;Frühlingsgraszirpe;Frühlingsgraszirpe – Doliotettix lunulatus
8952;Doratura exilis;234830;235398;Zwergdolchzirpe;Zwergdolchzirpe – Doratura exilis
8953;Doratura homophyla;234830;235399;Raindolchzirpe;Raindolchzirpe – Doratura homophyla
8954;Doratura horvathi;234830;235400;Thüringer Dolchzirpe;Thüringer Dolchzirpe – Doratura horvathi
8955;Doratura stylata;234830;235401;Wiesendolchzirpe;Wiesendolchzirpe – Doratura stylata
8956;Dryodurgades antoniae;234830;235402;Ginster-Dickkopfzikade;Ginster-Dickkopfzikade – Dryodurgades antoniae
8957;Edwardsiana alnicola;234830;235403;Gemeine Erlenlaubzikade;Gemeine Erlenlaubzikade – Edwardsiana alnicola
8958;Edwardsiana avellanae;234830;235404;Ochsenlaubzikade;Ochsenlaubzikade – Edwardsiana avellanae
8959;Edwardsiana bergmani;234830;235405;Birkenlaubzikade;Birkenlaubzikade – Edwardsiana bergmani
8960;Edwardsiana candidula;234830;235406;Pappellaubzikade;Pappellaubzikade – Edwardsiana candidula
8961;Edwardsiana crataegi;234830;235407;Apfellaubzikade;Apfellaubzikade – Edwardsiana crataegi
8962;Edwardsiana diversa;234830;235408;Hartriegel-Laubzikade;Hartriegel-Laubzikade – Edwardsiana diversa
8963;Edwardsiana flavescens;234830;235409;Hainbuchen-Laubzikade;Hainbuchen-Laubzikade – Edwardsiana flavescens
8964;Edwardsiana frustrator;234830;235410;Scherenlaubzikade;Scherenlaubzikade – Edwardsiana frustrator
8965;Edwardsiana geometrica;234830;235411;Gestreifte Laubzikade;Gestreifte Laubzikade – Edwardsiana geometrica
8966;Edwardsiana gratiosa;234830;235412;Schwarzerlen-Laubzikade;Schwarzerlen-Laubzikade – Edwardsiana gratiosa
8967;Edwardsiana ishidai;234830;235413;Japanische Laubzikade;Japanische Laubzikade – Edwardsiana ishidai
8968;Edwardsiana lethierryi;234830;235414;Lindenlaubzikade;Lindenlaubzikade – Edwardsiana lethierryi
8969;Edwardsiana nigriloba;234830;235415;Ahornlaubzikade;Ahornlaubzikade – Edwardsiana nigriloba
8970;Edwardsiana plebeja;234830;235416;Gemeine Ulmenlaubzikade;Gemeine Ulmenlaubzikade – Edwardsiana plebeja
8971;Edwardsiana plurispinosa;234830;235417;Hirschlaubzikade;Hirschlaubzikade – Edwardsiana plurispinosa
8972;Edwardsiana prunicola;234830;235418;Pflaumenlaubzikade;Pflaumenlaubzikade – Edwardsiana prunicola
8973;Edwardsiana rosae;234830;235419;Gemeine Rosenlaubzikade;Gemeine Rosenlaubzikade – Edwardsiana rosae
8974;Edwardsiana salicicola;234830;235420;Grauweiden-Laubzikade;Grauweiden-Laubzikade – Edwardsiana salicicola
8975;Edwardsiana sociabilis;234830;235421;Schwedische Laubzikade;Schwedische Laubzikade – Edwardsiana sociabilis
8976;Edwardsiana spinigera;234830;235422;Dornenlaubzikade;Dornenlaubzikade – Edwardsiana spinigera
8977;Edwardsiana tersa;234830;235423;Korbweiden-Laubzikade;Korbweiden-Laubzikade – Edwardsiana tersa
8978;Edwardsiana ulmiphagus;234830;235424;Englische Ulmenlaubzikade;Englische Ulmenlaubzikade – Edwardsiana ulmiphagus
8979;Elymana sulphurella;234830;235425;Schwefelgraszirpe;Schwefelgraszirpe – Elymana sulphurella
8980;Emelyanoviana mollicula;234830;235426;Schwefelblattzikade;Schwefelblattzikade – Emelyanoviana mollicula
8981;Empoasca affinis;234830;235427;Strauchblattzikade;Strauchblattzikade – Empoasca affinis
8982;Empoasca decipiens;234830;235428;Gemüseblattzikade;Gemüseblattzikade – Empoasca decipiens
8983;Empoasca pteridis;234830;235429;Grüne Kartoffelblattzikade;Grüne Kartoffelblattzikade – Empoasca pteridis
8984;Empoasca vitis;234830;235430;Rebenblattzikade;Rebenblattzikade – Empoasca vitis
8985;Erotettix cyane;234830;235431;Seerosenzirpe;Seerosenzirpe – Erotettix cyane
8986;Errastunus ocellaris;234830;235432;Bunte Graszirpe;Bunte Graszirpe – Errastunus ocellaris
8987;Errhomenus brachypterus;234830;235433;Moosschmuckzikade;Moosschmuckzikade – Errhomenus brachypterus
8988;Erythria aureola;234830;235434;Ankerblattzikade;Ankerblattzikade – Erythria aureola
8989;Erythria manderstjernii;234830;235435;Bergblattzikade;Bergblattzikade – Erythria manderstjernii
8990;Erzaleus metrius;234830;235436;Glanzgraszirpe;Glanzgraszirpe – Erzaleus metrius
8991;Euconomelus lepidus;234830;235437;Sumpfried-Spornzikade;Sumpfried-Spornzikade – Euconomelus lepidus
8992;Euides basilinea;234830;235438;Schöne Schilfspornzikade;Schöne Schilfspornzikade – Euides basilinea
8993;Eupelix cuspidata;234830;235439;Löffelzikade;Löffelzikade – Eupelix cuspidata
8994;Eupterycyba jucunda;234830;235440;Bunte Erlenblattzikade;Bunte Erlenblattzikade – Eupterycyba jucunda
8995;Eupteryx adspersa;234830;235441;Bunte Wermutblattzikade;Bunte Wermutblattzikade – Eupteryx adspersa
8996;Eupteryx atropunctata;234830;235442;Bunte Kartoffelblattzikade;Bunte Kartoffelblattzikade – Eupteryx atropunctata
8997;Eupteryx aurata;234830;235443;Goldblattzikade;Goldblattzikade – Eupteryx aurata
8998;Eupteryx calcarata;234830;235444;Rain-Nesselblattzikade;Rain-Nesselblattzikade – Eupteryx calcarata
8999;Eupteryx curtisii;234830;235445;Südliche Ziestblattzikade;Südliche Ziestblattzikade – Eupteryx curtisii
9000;Eupteryx cyclops;234830;235446;Bach-Nesselblattzikade;Bach-Nesselblattzikade – Eupteryx cyclops
9001;Eupteryx decemnotata;234830;235447;Ligurische Blattzikade;Ligurische Blattzikade – Eupteryx decemnotata
9002;Eupteryx filicum;234830;235448;Farnblattzikade;Farnblattzikade – Eupteryx filicum
9003;Eupteryx florida;234830;235449;Gartenblattzikade;Gartenblattzikade – Eupteryx florida
9004;Eupteryx immaculatifrons;234830;235450;Taubnessel-Blattzikade;Taubnessel-Blattzikade – Eupteryx immaculatifrons
9005;Eupteryx lelievrei;234830;235451;Betonienblattzikade;Betonienblattzikade – Eupteryx lelievrei
9006;Eupteryx melissae;234830;235452;Eibischblattzikade;Eibischblattzikade – Eupteryx melissae
9007;Eupteryx notata;234830;235453;Triftenblattzikade;Triftenblattzikade – Eupteryx notata
9008;Eupteryx origani;234830;235454;Majoranblattzikade;Majoranblattzikade – Eupteryx origani
9009;Eupteryx signatipennis;234830;235455;Mädesüss-Blattzikade;Mädesüss-Blattzikade – Eupteryx signatipennis
9010;Eupteryx stachydearum;234830;235456;Nördliche Ziestblattzikade;Nördliche Ziestblattzikade – Eupteryx stachydearum
9011;Eupteryx tenella;234830;235457;Schafgarben-Blattzikade;Schafgarben-Blattzikade – Eupteryx tenella
9012;Eupteryx thoulessi;234830;235458;Wasserminzen-Blattzikade;Wasserminzen-Blattzikade – Eupteryx thoulessi
9013;Eupteryx urticae;234830;235459;Wald-Nesselblattzikade;Wald-Nesselblattzikade – Eupteryx urticae
9014;Eupteryx vittata;234830;235460;Wiesenblattzikade;Wiesenblattzikade – Eupteryx vittata
9015;Eurhadina concinna;234830;235461;Blasse Elfenzikade;Blasse Elfenzikade – Eurhadina concinna
9016;Eurhadina kirschbaumi;234830;235462;Traubeneichen-Elfenzikade;Traubeneichen-Elfenzikade – Eurhadina kirschbaumi
9017;Eurhadina loewii;234830;235463;Ahornelfenzikade;Ahornelfenzikade – Eurhadina loewii
9018;Eurhadina pulchella;234830;235464;Schöne Elfenzikade;Schöne Elfenzikade – Eurhadina pulchella
9019;Eurhadina ribauti;234830;235465;Ribaut-Elfenzikade;Ribaut-Elfenzikade – Eurhadina ribauti
9020;Eurhadina saageri;234830;235466;Wagner-Elfenzikade;Wagner-Elfenzikade – Eurhadina saageri
9021;Eurybregma nigrolineata;234830;235467;Zebraspornzikade;Zebraspornzikade – Eurybregma nigrolineata
9022;Eurysa lineata;234830;235468;Streifenspornzikade;Streifenspornzikade – Eurysa lineata
9023;Eurysella brunnea;234830;235469;Mohrenspornzikade;Mohrenspornzikade – Eurysella brunnea
9024;Eurysula lurida;234830;235470;Reitgras-Spornzikade;Reitgras-Spornzikade – Eurysula lurida
9025;Euscelidius schenckii;234830;235471;Große Brachzirpe;Große Brachzirpe – Euscelidius schenckii
9026;Euscelidius variegatus;234830;235472;Bunte Brachzirpe;Bunte Brachzirpe – Euscelidius variegatus
9027;Euscelis distinguendus;234830;235473;Löwenzahnzirpe;Löwenzahnzirpe – Euscelis distinguendus
9028;Euscelis incisus;234830;235474;Wiesenkleezirpe;Wiesenkleezirpe – Euscelis incisus
9029;Euscelis lineolatus;234830;235475;Westliche Kleezirpe;Westliche Kleezirpe – Euscelis lineolatus
9030;Euscelis ohausi;234830;235476;Ginsterkleezirpe;Ginsterkleezirpe – Euscelis ohausi
9031;Euscelis venosus;234830;235477;Eberwurzzirpe;Eberwurzzirpe – Euscelis venosus
9032;Evacanthus acuminatus;234830;235478;Hainschmuckzikade;Hainschmuckzikade – Evacanthus acuminatus
9033;Fagocyba carri;234830;235479;Weisse Eichenblattzikade;Weisse Eichenblattzikade – Fagocyba carri
9034;Fagocyba cruenta;234830;235480;Buchenblattzikade;Buchenblattzikade – Fagocyba cruenta
9035;Fieberiella florii;234830;235481;Südliche Strauchzirpe;Südliche Strauchzirpe – Fieberiella florii
9036;Fieberiella septentrionalis;234830;235482;Gemeine Strauchzirpe;Gemeine Strauchzirpe – Fieberiella septentrionalis
9037;Florodelphax leptosoma;234830;235483;Florspornzikade;Florspornzikade – Florodelphax leptosoma
9038;Florodelphax paryphasma;234830;235484;Schlüsselspornzikade;Schlüsselspornzikade – Florodelphax paryphasma
9039;Forcipata citrinella;234830;235485;Riedblattzikade;Riedblattzikade – Forcipata citrinella
9040;Forcipata forcipata;234830;235486;Zangenblattzikade;Zangenblattzikade – Forcipata forcipata
9041;Fruticidia bisignata;234830;235487;Weissdorn-Blattzikade;Weissdorn-Blattzikade – Fruticidia bisignata
9042;Goniagnathus brevis;234830;235488;Thymianzirpe;Thymianzirpe – Goniagnathus brevis
9043;Graphocraerus ventralis;234830;235489;Gefleckte Graszirpe;Gefleckte Graszirpe – Graphocraerus ventralis
9044;Grypotes puncticollis;234830;235490;Gemeine Kiefernzirpe;Gemeine Kiefernzirpe – Grypotes puncticollis
9045;Hardya tenuis;234830;235491;Dornschlängelzirpe;Dornschlängelzirpe – Hardya tenuis
9046;Hauptidia distinguenda;234830;235492;Storchschnabel-Blattzikade;Storchschnabel-Blattzikade – Hauptidia distinguenda
9047;Hephathus nanus;234830;235493;Zwergmaskenzikade;Zwergmaskenzikade – Hephathus nanus
9048;Hesium domino;234830;235494;Karminzirpe;Karminzirpe – Hesium domino
9049;Hyledelphax elegantula;234830;235495;Scheckenspornzikade;Scheckenspornzikade – Hyledelphax elegantula
9050;Iassus lanio;234830;235496;Eichenlederzikade;Eichenlederzikade – Iassus lanio
9051;Iassus scutellaris;234830;235497;Ulmenlederzikade;Ulmenlederzikade – Iassus scutellaris
9052;Idiocerus herrichii;234830;235498;Bärtige Winkerzikade;Bärtige Winkerzikade – Idiocerus herrichii
9053;Idiocerus lituratus;234830;235499;Grauweiden-Winkerzikade;Grauweiden-Winkerzikade – Idiocerus lituratus
9054;Idiocerus similis;234830;235500;Purpurweiden-Winkerzikade;Purpurweiden-Winkerzikade – Idiocerus similis
9055;Idiocerus stigmaticalis;234830;235501;Flaumige Winkerzikade;Flaumige Winkerzikade – Idiocerus stigmaticalis
9056;Idiocerus vicinus;234830;235502;Südliche Winkerzikade;Südliche Winkerzikade – Idiocerus vicinus
9057;Idiodonus cruentatus;234830;235503;Blutsprenkelzirpe;Blutsprenkelzirpe – Idiodonus cruentatus
9058;Japananus hyalinus;234830;235504;Japanische Ahornzirpe;Japanische Ahornzirpe – Japananus hyalinus
9059;Jassargus allobrogicus;234830;235505;Schmielen-Spitzkopfzirpe;Schmielen-Spitzkopfzirpe – Jassargus allobrogicus
9060;Jassargus flori;234830;235506;Hain-Spitzkopfzirpe;Hain-Spitzkopfzirpe – Jassargus flori
9061;Jassargus obtusivalvis;234830;235507;Mainzer Spitzkopfzirpe;Mainzer Spitzkopfzirpe – Jassargus obtusivalvis
9062;Jassargus pseudocellaris;234830;235508;Wiesen-Spitzkopfzirpe;Wiesen-Spitzkopfzirpe – Jassargus pseudocellaris
9063;Jassargus sursumflexus;234830;235509;Ried-Spitzkopfzirpe;Ried-Spitzkopfzirpe – Jassargus sursumflexus
9064;Jassidaeus lugubris;234830;235510;Zwergspornzikade;Zwergspornzikade – Jassidaeus lugubris
9065;Javesella discolor;234830;235511;Flossenspornzikade;Flossenspornzikade – Javesella discolor
9066;Javesella dubia;234830;235512;Säbelspornzikade;Säbelspornzikade – Javesella dubia
9067;Javesella forcipata;234830;235513;Zangenspornzikade;Zangenspornzikade – Javesella forcipata
9068;Javesella obscurella;234830;235514;Schlammspornzikade;Schlammspornzikade – Javesella obscurella
9069;Javesella pellucida;234830;235515;Wiesenspornzikade;Wiesenspornzikade – Javesella pellucida
9070;Javesella stali;234830;235516;Schachtelhalm-Spornzikade;Schachtelhalm-Spornzikade – Javesella stali
9071;Kelisia guttula;234830;235517;Fleckenspornzikade;Fleckenspornzikade – Kelisia guttula
9072;Kelisia guttulifera;234830;235518;Wegspornzikade;Wegspornzikade – Kelisia guttulifera
9073;Kelisia irregulata;234830;235519;Blauseggen-Spornzikade;Blauseggen-Spornzikade – Kelisia irregulata
9074;Kelisia minima;234830;235520;Elfenspornzikade;Elfenspornzikade – Kelisia minima
9075;Kelisia monoceros;234830;235521;Einhorn-Spornzikade;Einhorn-Spornzikade – Kelisia monoceros
9076;Kelisia pallidula;234830;235522;Weisse Spornzikade;Weisse Spornzikade – Kelisia pallidula
9077;Kelisia punctulum;234830;235523;Punktierte Spornzikade;Punktierte Spornzikade – Kelisia punctulum
9078;Kelisia ribauti;234830;235524;Schwarzlippen-Spornzikade;Schwarzlippen-Spornzikade – Kelisia ribauti
9079;Kelisia sabulicola;234830;235525;Dünenspornzikade;Dünenspornzikade – Kelisia sabulicola
9080;Kelisia sima;234830;235526;Gelbseggen-Spornzikade;Gelbseggen-Spornzikade – Kelisia sima
9081;Kelisia vittipennis;234830;235527;Wollgras-Spornzikade;Wollgras-Spornzikade – Kelisia vittipennis
9082;Kosswigianella exigua;234830;235528;Heidespornzikade;Heidespornzikade – Kosswigianella exigua
9083;Kyboasca bipunctata;234830;235529;Zweipunktblattzikade;Zweipunktblattzikade – Kyboasca bipunctata
9084;Kybos abstrusus;234830;235530;Schwarzpappel-Würfelzikade;Schwarzpappel-Würfelzikade – Kybos abstrusus
9085;Kybos butleri;234830;235531;Mandelweiden-Würfelzikade;Mandelweiden-Würfelzikade – Kybos butleri
9086;Kybos limpidus;234830;235532;Korbweiden-Würfelzikade;Korbweiden-Würfelzikade – Kybos limpidus
9087;Kybos lindbergi;234830;235533;Echte Birkenwürfelzikade;Echte Birkenwürfelzikade – Kybos lindbergi
9088;Kybos mucronatus;234830;235534;Flossenwürfelzikade;Flossenwürfelzikade – Kybos mucronatus
9089;Kybos populi;234830;235535;Echte Pappelwürfelzikade;Echte Pappelwürfelzikade – Kybos populi
9090;Kybos rufescens;234830;235536;Purpurweiden-Würfelzikade;Purpurweiden-Würfelzikade – Kybos rufescens
9091;Kybos smaragdula;234830;235537;Smaragdwürfelzikade;Smaragdwürfelzikade – Kybos smaragdula
9092;Kybos strigilifer;234830;235538;Grauweiden-Würfelzikade;Grauweiden-Würfelzikade – Kybos strigilifer
9093;Kybos virgator;234830;235539;Silberweiden-Würfelzikade;Silberweiden-Würfelzikade – Kybos virgator
9094;Lamprotettix nitidulus;234830;235540;Glanzzirpe;Glanzzirpe – Lamprotettix nitidulus
9095;Laodelphax striatella;234830;235541;Wanderspornzikade;Wanderspornzikade – Laodelphax striatella
9096;Ledra aurita;234830;235542;Ohrzikade;Ohrzikade – Ledra aurita
9097;Lepyronia coleoptrata;234830;235543;Wanstschaumzikade;Wanstschaumzikade – Lepyronia coleoptrata
9098;Liguropia juniperi;234830;235544;Zypressenblattzikade;Zypressenblattzikade – Liguropia juniperi
9099;Limotettix striola;234830;235545;Sumpfriedzirpe;Sumpfriedzirpe – Limotettix striola
9100;Lindbergina aurovittata;234830;235546;Goldband-Blattzikade;Goldband-Blattzikade – Lindbergina aurovittata
9101;Linnavuoriana decempunctata;234830;235547;Birken-Fleckenblattzikade;Birken-Fleckenblattzikade – Linnavuoriana decempunctata
9102;Linnavuoriana sexmaculata;234830;235548;Weiden-Fleckenblattzikade;Weiden-Fleckenblattzikade – Linnavuoriana sexmaculata
9103;Macropsis brabantica;234830;235549;Brabantische Maskenzikade;Brabantische Maskenzikade – Macropsis brabantica
9104;Macropsis cerea;234830;235550;Gemeine Maskenzikade;Gemeine Maskenzikade – Macropsis cerea
9105;Macropsis fuscinervis;234830;235551;Espenmaskenzikade;Espenmaskenzikade – Macropsis fuscinervis
9106;Macropsis fuscula;234830;235552;Himbeer-Maskenzikade;Himbeer-Maskenzikade – Macropsis fuscula
9107;Macropsis glandacea;234830;235553;Ulmenmaskenzikade;Ulmenmaskenzikade – Macropsis glandacea
9108;Macropsis graminea;234830;235554;Schwarzpappel-Maskenzikade;Schwarzpappel-Maskenzikade – Macropsis graminea
9109;Macropsis gravesteini;234830;235555;Große Maskenzikade;Große Maskenzikade – Macropsis gravesteini
9110;Macropsis haupti;234830;235556;Gebänderte Maskenzikade;Gebänderte Maskenzikade – Macropsis haupti
9111;Macropsis impura;234830;235557;Kleine Maskenzikade;Kleine Maskenzikade – Macropsis impura
9112;Macropsis infuscata;234830;235558;Salweiden-Maskenzikade;Salweiden-Maskenzikade – Macropsis infuscata
9113;Macropsis marginata;234830;235559;Bunte Maskenzikade;Bunte Maskenzikade – Macropsis marginata
9114;Macropsis megerlei;234830;235560;Rosenmaskenzikade;Rosenmaskenzikade – Macropsis megerlei
9115;Macropsis najas;234830;235561;Rotbraune Maskenzikade;Rotbraune Maskenzikade – Macropsis najas
9116;Macropsis notata;234830;235562;Dreipunkt-Maskenzikade;Dreipunkt-Maskenzikade – Macropsis notata
9117;Macropsis ocellata;234830;235563;Schwarzweisse Maskenzikade;Schwarzweisse Maskenzikade – Macropsis ocellata
9118;Macropsis prasina;234830;235564;Grüne Maskenzikade;Grüne Maskenzikade – Macropsis prasina
9119;Macropsis scotti;234830;235565;Brombeer-Maskenzikade;Brombeer-Maskenzikade – Macropsis scotti
9120;Macropsis scutellata;234830;235566;Nesselmaskenzikade;Nesselmaskenzikade – Macropsis scutellata
9121;Macropsis viridinervis;234830;235567;Mandelweiden-Maskenzikade;Mandelweiden-Maskenzikade – Macropsis viridinervis
9122;Macrosteles cristatus;234830;235568;Kammwanderzirpe;Kammwanderzirpe – Macrosteles cristatus
9123;Macrosteles fieberi;234830;235569;Schlenkenwanderzirpe;Schlenkenwanderzirpe – Macrosteles fieberi
9124;Macrosteles frontalis;234830;235570;Schachtelhalm-Wanderzirpe;Schachtelhalm-Wanderzirpe – Macrosteles frontalis
9125;Macrosteles horvathi;234830;235571;Binsenwanderzirpe;Binsenwanderzirpe – Macrosteles horvathi
9126;Macrosteles laevis;234830;235572;Ackerwanderzirpe;Ackerwanderzirpe – Macrosteles laevis
9127;Macrosteles lividus;234830;235573;Teichwanderzirpe;Teichwanderzirpe – Macrosteles lividus
9128;Macrosteles maculosus;234830;235574;Knöterichwanderzirpe;Knöterichwanderzirpe – Macrosteles maculosus
9129;Macrosteles ossiannilssoni;234830;235575;Moorwanderzirpe;Moorwanderzirpe – Macrosteles ossiannilssoni
9130;Macrosteles quadripunctulatus;234830;235576;Sandwanderzirpe;Sandwanderzirpe – Macrosteles quadripunctulatus
9131;Macrosteles sardus;234830;235577;Sardenwanderzirpe;Sardenwanderzirpe – Macrosteles sardus
9132;Macrosteles septemnotatus;234830;235578;Mädesüss-Wanderzirpe;Mädesüss-Wanderzirpe – Macrosteles septemnotatus
9133;Macrosteles sexnotatus;234830;235579;Wiesenwanderzirpe;Wiesenwanderzirpe – Macrosteles sexnotatus
9134;Macrosteles variatus;234830;235580;Nesselwanderzirpe;Nesselwanderzirpe – Macrosteles variatus
9136;Macustus grisescens;234830;235582;Maskengraszirpe;Maskengraszirpe – Macustus grisescens
9137;Megadelphax sordidula;234830;235583;Haferspornzikade;Haferspornzikade – Megadelphax sordidula
9138;Megamelodes lequesnei;234830;235584;Trugspornzikade;Trugspornzikade – Megamelodes lequesnei
9139;Megamelodes quadrimaculatus;234830;235585;Quellspornzikade;Quellspornzikade – Megamelodes quadrimaculatus
9140;Megamelus notula;234830;235586;Gemeine Seggenspornzikade;Gemeine Seggenspornzikade – Megamelus notula
9141;Megophthalmus scanicus;234830;235587;Gemeine Kappenzikade;Gemeine Kappenzikade – Megophthalmus scanicus
9142;Metalimnus formosus;234830;235588;Schöne Marmorzirpe;Schöne Marmorzirpe – Metalimnus formosus
9143;Metidiocerus elegans;234830;235589;Punktierte Winkerzikade;Punktierte Winkerzikade – Metidiocerus elegans
9144;Metidiocerus impressifrons;234830;235590;Korbweiden-Winkerzikade;Korbweiden-Winkerzikade – Metidiocerus impressifrons
9145;Metidiocerus rutilans;234830;235591;Rötliche Winkerzikade;Rötliche Winkerzikade – Metidiocerus rutilans
9146;Mirabella albifrons;234830;235592;Weisskopf-Spornzikade;Weisskopf-Spornzikade – Mirabella albifrons
9147;Mocuellus collinus;234830;235593;Ödlandgraszirpe;Ödlandgraszirpe – Mocuellus collinus
9148;Mocydia crocea;234830;235594;Safrangraszirpe;Safrangraszirpe – Mocydia crocea
9149;Mocydiopsis attenuata;234830;235595;Westliche Märzzirpe;Westliche Märzzirpe – Mocydiopsis attenuata
9150;Mocydiopsis intermedia;234830;235596;Rispenmärzzirpe;Rispenmärzzirpe – Mocydiopsis intermedia
9151;Mocydiopsis monticola;234830;235597;Waldmärzzirpe;Waldmärzzirpe – Mocydiopsis monticola
9152;Mocydiopsis parvicauda;234830;235598;Heidemärzzirpe;Heidemärzzirpe – Mocydiopsis parvicauda
9153;Muellerianella brevipennis;234830;235599;Schmielenspornzikade;Schmielenspornzikade – Muellerianella brevipennis
9154;Muellerianella extrusa;234830;235600;Pfeifengras-Spornzikade;Pfeifengras-Spornzikade – Muellerianella extrusa
9155;Muellerianella fairmairei;234830;235601;Amazonenspornzikade;Amazonenspornzikade – Muellerianella fairmairei
9156;Muirodelphax aubei;234830;235602;Ödlandspornzikade;Ödlandspornzikade – Muirodelphax aubei
9157;Myndus musivus;234830;235603;Weiden-Glasflügelzikade;Weiden-Glasflügelzikade – Myndus musivus
9158;Neoaliturus fenestratus;234830;235604;Trauerzirpe;Trauerzirpe – Neoaliturus fenestratus
9159;Neophilaenus albipennis;234830;235605;Zwenkenschaumzikade;Zwenkenschaumzikade – Neophilaenus albipennis
9160;Neophilaenus campestris;234830;235606;Feldschaumzikade;Feldschaumzikade – Neophilaenus campestris
9161;Neophilaenus exclamationis;234830;235607;Waldschaumzikade;Waldschaumzikade – Neophilaenus exclamationis
9162;Neophilaenus lineatus;234830;235608;Grasschaumzikade;Grasschaumzikade – Neophilaenus lineatus
9163;Neophilaenus minor;234830;235609;Zwergschaumzikade;Zwergschaumzikade – Neophilaenus minor
9164;Nothodelphax distincta;234830;235610;Hochmoor-Spornzikade;Hochmoor-Spornzikade – Nothodelphax distincta
9165;Notus flavipennis;234830;235611;Gemeine Seggenblattzikade;Gemeine Seggenblattzikade – Notus flavipennis
9166;Oncodelphax pullula;234830;235612;Klauenspornzikade;Klauenspornzikade – Oncodelphax pullula
9167;Oncopsis alni;234830;235613;Erlenmaskenzikade;Erlenmaskenzikade – Oncopsis alni
9168;Oncopsis appendiculata;234830;235614;Hakenmaskenzikade;Hakenmaskenzikade – Oncopsis appendiculata
9169;Oncopsis avellanae;234830;235615;Haselmaskenzikade;Haselmaskenzikade – Oncopsis avellanae
9170;Oncopsis carpini;234830;235616;Hainbuchen-Maskenzikade;Hainbuchen-Maskenzikade – Oncopsis carpini
9171;Oncopsis flavicollis;234830;235617;Gemeine Birkenmaskenzikade;Gemeine Birkenmaskenzikade – Oncopsis flavicollis
9172;Oncopsis subangulata;234830;235618;Herzmaskenzikade;Herzmaskenzikade – Oncopsis subangulata
9173;Oncopsis tristis;234830;235619;Kleine Birkenmaskenzikade;Kleine Birkenmaskenzikade – Oncopsis tristis
9174;Ophiola cornicula;234830;235620;Moorheidezirpe;Moorheidezirpe – Ophiola cornicula
9175;Ophiola decumana;234830;235621;Ödlandheidezirpe;Ödlandheidezirpe – Ophiola decumana
9176;Ophiola russeola;234830;235622;Zwergheidezirpe;Zwergheidezirpe – Ophiola russeola
9177;Opsius stactogalus;234830;235623;Tamariskenzirpe;Tamariskenzirpe – Opsius stactogalus
9178;Ossiannilssonola callosa;234830;235624;Große Ahornblattzikade;Große Ahornblattzikade – Ossiannilssonola callosa
9179;Paluda flaveola;234830;235625;Große Reitgraszirpe;Große Reitgraszirpe – Paluda flaveola
9180;Paradelphacodes paludosa;234830;235626;Sumpfspornzikade;Sumpfspornzikade – Paradelphacodes paludosa
9181;Paraliburnia adela;234830;235627;Glanzgras-Spornzikade;Glanzgras-Spornzikade – Paraliburnia adela
9182;Paraliburnia clypealis;234830;235628;Braune Spornzikade;Braune Spornzikade – Paraliburnia clypealis
9183;Paralimnus phragmitis;234830;235629;Gemeine Schilfzirpe;Gemeine Schilfzirpe – Paralimnus phragmitis
9184;Pediopsis tiliae;234830;235630;Lindenmaskenzikade;Lindenmaskenzikade – Pediopsis tiliae
9185;Pentastiridius leporinus;234830;235631;Schilf-Glasflügelzikade;Schilf-Glasflügelzikade – Pentastiridius leporinus
9186;Penthimia nigra;234830;235632;Mönchszikade;Mönchszikade – Penthimia nigra
9187;Perotettix pictus;234830;235633;Marmorfichtenzirpe;Marmorfichtenzirpe – Perotettix pictus
9188;Pithyotettix abietinus;234830;235634;Scheckenfichtenzirpe;Scheckenfichtenzirpe – Pithyotettix abietinus
9189;Planaphrodes bifasciata;234830;235635;Bergerdzikade;Bergerdzikade – Planaphrodes bifasciata
9190;Planaphrodes nigrita;234830;235636;Walderdzikade;Walderdzikade – Planaphrodes nigrita
9191;Planaphrodes trifasciata;234830;235637;Heideerdzikade;Heideerdzikade – Planaphrodes trifasciata
9192;Platymetopius major;234830;235638;Große Schönzirpe;Große Schönzirpe – Platymetopius major
9193;Platymetopius undatus;234830;235639;Flaggenschönzirpe;Flaggenschönzirpe – Platymetopius undatus
9194;Populicerus albicans;234830;235640;Weisse Winkerzikade;Weisse Winkerzikade – Populicerus albicans
9195;Populicerus confusus;234830;235641;Gelbe Winkerzikade;Gelbe Winkerzikade – Populicerus confusus
9196;Populicerus laminatus;234830;235642;Große Espenwinkerzikade;Große Espenwinkerzikade – Populicerus laminatus
9197;Populicerus nitidissimus;234830;235643;Glanzwinkerzikade;Glanzwinkerzikade – Populicerus nitidissimus
9198;Populicerus populi;234830;235644;Echte Espenwinkerzikade;Echte Espenwinkerzikade – Populicerus populi
9199;Psammotettix albomarginatus;234830;235645;Flechtensandzirpe;Flechtensandzirpe – Psammotettix albomarginatus
9200;Psammotettix alienus;234830;235646;Wandersandzirpe;Wandersandzirpe – Psammotettix alienus
9201;Psammotettix cephalotes;234830;235647;Zittergras-Sandzirpe;Zittergras-Sandzirpe – Psammotettix cephalotes
9202;Psammotettix confinis;234830;235648;Wiesensandzirpe;Wiesensandzirpe – Psammotettix confinis
9203;Psammotettix excisus;234830;235649;Silbergras-Sandzirpe;Silbergras-Sandzirpe – Psammotettix excisus
9204;Psammotettix helvolus;234830;235650;Löffelsandzirpe;Löffelsandzirpe – Psammotettix helvolus
9205;Psammotettix nodosus;234830;235651;Heidesandzirpe;Heidesandzirpe – Psammotettix nodosus
9206;Recilia coronifer;234830;235652;Kronengraszirpe;Kronengraszirpe – Recilia coronifer
9207;Reptalus panzeri;234830;235653;Rosen-Glasflügelzikade;Rosen-Glasflügelzikade – Reptalus panzeri
9208;Reptalus quinquecostatus;234830;235654;Pfriemen-Glasflügelzikade;Pfriemen-Glasflügelzikade – Reptalus quinquecostatus
9209;Rhopalopyx adumbrata;234830;235655;Bergschwingelzirpe;Bergschwingelzirpe – Rhopalopyx adumbrata
9210;Rhopalopyx elongata;234830;235656;Spanische Graszirpe;Spanische Graszirpe – Rhopalopyx elongata
9211;Rhopalopyx preyssleri;234830;235657;Rispengraszirpe;Rispengraszirpe – Rhopalopyx preyssleri
9212;Rhopalopyx vitripennis;234830;235658;Grüne Schwingelzirpe;Grüne Schwingelzirpe – Rhopalopyx vitripennis
9213;Rhytidodus decimusquartus;234830;235659;Große Winkerzikade;Große Winkerzikade – Rhytidodus decimusquartus
9214;Rhytistylus proceps;234830;235660;Heidegraszirpe;Heidegraszirpe – Rhytistylus proceps
9215;Ribautiana alces;234830;235661;Elchblattzikade;Elchblattzikade – Ribautiana alces
9216;Ribautiana cruciata;234830;235662;Kreuzblattzikade;Kreuzblattzikade – Ribautiana cruciata
9217;Ribautiana debilis;234830;235663;Brombeer-Blattzikade;Brombeer-Blattzikade – Ribautiana debilis
9218;Ribautiana scalaris;234830;235664;Strichelblattzikade;Strichelblattzikade – Ribautiana scalaris
9219;Ribautiana tenerrima;234830;235665;Beerenblattzikade;Beerenblattzikade – Ribautiana tenerrima
9220;Ribautiana ulmi;234830;235666;Gefleckte Ulmenblattzikade;Gefleckte Ulmenblattzikade – Ribautiana ulmi
9221;Ribautodelphax albostriata;234830;235667;Rispenspornzikade;Rispenspornzikade – Ribautodelphax albostriata
9222;Ribautodelphax angulosa;234830;235668;Ruchgras-Spornzikade;Ruchgras-Spornzikade – Ribautodelphax angulosa
9223;Ribautodelphax collina;234830;235669;Hügelspornzikade;Hügelspornzikade – Ribautodelphax collina
9224;Ribautodelphax imitans;234830;235670;Rohrschwingel-Spornzikade;Rohrschwingel-Spornzikade – Ribautodelphax imitans
9225;Ribautodelphax pungens;234830;235671;Zwenkenspornzikade;Zwenkenspornzikade – Ribautodelphax pungens
9226;Ribautodelphax vinealis;234830;235672;Sandspornzikade;Sandspornzikade – Ribautodelphax vinealis
9227;Sagatus punctifrons;234830;235673;Grüne Weidenzirpe;Grüne Weidenzirpe – Sagatus punctifrons
9228;Sardius argus;234830;235674;Arguszirpe;Arguszirpe – Sardius argus
9229;Scottianella dalei;234830;235675;Atlantische Spornzikade;Atlantische Spornzikade – Scottianella dalei
9230;Sorhoanus assimilis;234830;235676;Echte Riedzirpe;Echte Riedzirpe – Sorhoanus assimilis
9231;Sorhoanus xanthoneurus;234830;235677;Hochmoor-Riedzirpe;Hochmoor-Riedzirpe – Sorhoanus xanthoneurus
9232;Speudotettix subfusculus;234830;235678;Braune Waldzirpe;Braune Waldzirpe – Speudotettix subfusculus
9233;Stenidiocerus poecilus;234830;235679;Bunte Winkerzikade;Bunte Winkerzikade – Stenidiocerus poecilus
9234;Stenocranus fuscovittatus;234830;235680;Bunte Spornzikade;Bunte Spornzikade – Stenocranus fuscovittatus
9235;Stenocranus longipennis;234830;235681;Ruderspornzikade;Ruderspornzikade – Stenocranus longipennis
9236;Stenocranus major;234830;235682;Große Spornzikade;Große Spornzikade – Stenocranus major
9237;Stenocranus minutus;234830;235683;Knaulgras-Spornzikade;Knaulgras-Spornzikade – Stenocranus minutus
9238;Stictocephala bisonia;234830;235684;Büffelzikade;Büffelzikade – Stictocephala bisonia
9239;Stictocoris picturatus;234830;235685;Hauhechelzirpe;Hauhechelzirpe – Stictocoris picturatus
9240;Stiroma affinis;234830;235686;Hainspornzikade;Hainspornzikade – Stiroma affinis
9241;Stiroma bicarinata;234830;235687;Waldspornzikade;Waldspornzikade – Stiroma bicarinata
9242;Streptanus aemulans;234830;235688;Wiesengraszirpe;Wiesengraszirpe – Streptanus aemulans
9243;Streptanus confinis;234830;235689;Rasenschmielenzirpe;Rasenschmielenzirpe – Streptanus confinis
9244;Streptanus marginatus;234830;235690;Schlängelschmielenzirpe;Schlängelschmielenzirpe – Streptanus marginatus
9245;Streptanus okaensis;234830;235691;Sumpfreitgraszirpe;Sumpfreitgraszirpe – Streptanus okaensis
9246;Streptanus sordidus;234830;235692;Straussgraszirpe;Straussgraszirpe – Streptanus sordidus
9247;Stroggylocephalus agrestis;234830;235693;Sumpferdzikade;Sumpferdzikade – Stroggylocephalus agrestis
9248;Stroggylocephalus livens;234830;235694;Moorerdzikade;Moorerdzikade – Stroggylocephalus livens
9249;Struebingianella lugubrina;234830;235695;Schwadenspornzikade;Schwadenspornzikade – Struebingianella lugubrina
9250;Tachycixius pilosus;234830;235696;Pelz-Glasflügelzikade;Pelz-Glasflügelzikade – Tachycixius pilosus
9251;Tettigometra impressopunctata;234830;235697;Gemeine Ameisenzikade;Gemeine Ameisenzikade – Tettigometra impressopunctata
9252;Tettigometra leucophaea;234830;235698;Punktierte Ameisenzikade;Punktierte Ameisenzikade – Tettigometra leucophaea
9253;Tettigometra virescens;234830;235699;Grüne Ameisenzikade;Grüne Ameisenzikade – Tettigometra virescens
9254;Thamnotettix confinis;234830;235700;Grüne Waldzirpe;Grüne Waldzirpe – Thamnotettix confinis
9255;Thamnotettix dilutior;234830;235701;Hainzirpe;Hainzirpe – Thamnotettix dilutior
9256;Toya propinqua;234830;235702;Fieberspornzikade;Fieberspornzikade – Toya propinqua
9257;Tremulicerus distinguendus;234830;235703;Gebänderte Winkerzikade;Gebänderte Winkerzikade – Tremulicerus distinguendus
9258;Tremulicerus fulgidus;234830;235704;Kupferwinkerzikade;Kupferwinkerzikade – Tremulicerus fulgidus
9259;Tremulicerus tremulae;234830;235705;Kleine Espenwinkerzikade;Kleine Espenwinkerzikade – Tremulicerus tremulae
9260;Tremulicerus vitreus;234830;235706;Glaswinkerzikade;Glaswinkerzikade – Tremulicerus vitreus
9261;Trigonocranus emmeae;234830;235707;Weisse Glasflügelzikade;Weisse Glasflügelzikade – Trigonocranus emmeae
9262;Turrutus socialis;234830;235708;Triftengraszirpe;Triftengraszirpe – Turrutus socialis
9263;Typhlocyba quercus;234830;235709;Leopardenblattzikade;Leopardenblattzikade – Typhlocyba quercus
9264;Ulopa reticulata;234830;235710;Heidekrautzikade;Heidekrautzikade – Ulopa reticulata
9265;Utecha trivia;234830;235711;Triftenzikade;Triftenzikade – Utecha trivia
9266;Verdanus abdominalis;234830;235712;Schwarzgrüne Graszirpe;Schwarzgrüne Graszirpe – Verdanus abdominalis
9267;Viridicerus ustulatus;234830;235713;Grüne Winkerzikade;Grüne Winkerzikade – Viridicerus ustulatus
9268;Wagneriala incisa;234830;235714;Thenblattzikade;Thenblattzikade – Wagneriala incisa
9269;Wagneriala sinuata;234830;235715;Blauseggen-Blattzikade;Blauseggen-Blattzikade – Wagneriala sinuata
9270;Wagneripteryx germari;234830;235716;Kiefernblattzikade;Kiefernblattzikade – Wagneripteryx germari
9271;Xanthodelphax flaveola;234830;235717;Gelbe Spornzikade;Gelbe Spornzikade – Xanthodelphax flaveola
9272;Xanthodelphax straminea;234830;235718;Strohspornzikade;Strohspornzikade – Xanthodelphax straminea
9273;Zonocyba bifasciata;234830;235719;Gebänderte Blattzikade;Gebänderte Blattzikade – Zonocyba bifasciata
9274;Zygina angusta;234830;235720;Schlankfeuerzikade;Schlankfeuerzikade – Zygina angusta
9275;Zygina flammigera;234830;235721;Gemeine Feuerzikade;Gemeine Feuerzikade – Zygina flammigera
9276;Zygina griseombra;234830;235722;Hainbuchen-Feuerzikade;Hainbuchen-Feuerzikade – Zygina griseombra
9277;Zygina hyperici;234830;235723;Gemeine Johanniskrautzikade;Gemeine Johanniskrautzikade – Zygina hyperici
9278;Zygina lunaris;234830;235724;Mondfeuerzikade;Mondfeuerzikade – Zygina lunaris
9279;Zygina nigritarsis;234830;235725;Ringelfeuerzikade;Ringelfeuerzikade – Zygina nigritarsis
9280;Zygina nivea;234830;235726;Schneefeuerzikade;Schneefeuerzikade – Zygina nivea
9281;Zygina ordinaria;234830;235727;Weidenfeuerzikade;Weidenfeuerzikade – Zygina ordinaria
9282;Zygina rosea;234830;235728;Moorfeuerzikade;Moorfeuerzikade – Zygina rosea
9283;Zygina rosincola;234830;235729;Rosenfeuerzikade;Rosenfeuerzikade – Zygina rosincola
9284;Zygina rubrovittata;234830;235730;Heidefeuerzikade;Heidefeuerzikade – Zygina rubrovittata
9285;Zygina schneideri;234830;235731;Schlehenfeuerzikade;Schlehenfeuerzikade – Zygina schneideri
9286;Zygina suavis;234830;235732;Faulbaum-Feuerzikade;Faulbaum-Feuerzikade – Zygina suavis
9287;Zygina tiliae;234830;235733;Erlenfeuerzikade;Erlenfeuerzikade – Zygina tiliae
9288;Zyginella pulchra;234830;235734;Diademblattzikade;Diademblattzikade – Zyginella pulchra
9289;Zyginidia mocsaryi;234830;235735;Blaugras-Blattzikade;Blaugras-Blattzikade – Zyginidia mocsaryi
9290;Zyginidia scutellaris;234830;235736;Maisblattzikade;Maisblattzikade – Zyginidia scutellaris
9293;Agyneta olivacea;165099;235739;;Agyneta olivacea
9294;Zodarion gallicum;165099;235740;;Zodarion gallicum
9295;Amara pulpani;160553;235741;;Amara pulpani
9296;Agrilus viridis fagi (Buchenform);161165;235742;Buchen-Prachtkäfer (Buchenform);Buchen-Prachtkäfer (Buchenform) – Agrilus viridis fagi (Buchenform)
9297;Agrilus viridis nocivus;161165;235743;Buchen-Prachtkäfer (Blaue Form);Buchen-Prachtkäfer (Blaue Form) – Agrilus viridis nocivus
9298;Agrilus viridis typicus;161165;235744;Buchen-Prachtkäfer (Weidenform);Buchen-Prachtkäfer (Weidenform) – Agrilus viridis typicus
9299;Arhopalus tristis;161165;235745;Schwarzbrauner Gruben-Halsbock;Schwarzbrauner Gruben-Halsbock – Arhopalus tristis
9300;Nysson niger;708822;235746;;Nysson niger
9301;Baetis calcaratus;158540;235747;;Baetis calcaratus
9302;Baetis vardarensis;158540;235748;;Baetis vardarensis
9303;Caenis horaria;158540;235749;;Caenis horaria
9304;Caenis rivulorum;158540;235750;;Caenis rivulorum
9305;Cloeon cognatum;158540;235751;;Cloeon cognatum
9306;Cloeon inscriptum;158540;235752;;Cloeon inscriptum
9307;Ecdyonurus subalpinus;158540;235753;;Ecdyonurus subalpinus
9308;Ecdyonurus submontanus;158540;235754;;Ecdyonurus submontanus
9309;Electrogena affinis;158540;235755;;Electrogena affinis
9310;Epeorus assimilis;158540;235756;;Epeorus assimilis
9311;Ephemera glaucops;158540;235757;;Ephemera glaucops
9312;Heptagenia coerulans;158540;235758;;Heptagenia coerulans
9313;Heptagenia longicauda;158540;235759;;Heptagenia longicauda
9314;Oligoneuriella rhenana;158540;235760;;Oligoneuriella rhenana
9315;Palingenia longicauda;158540;235761;;Palingenia longicauda
9316;Rhithrogena beskidensis;158540;235762;;Rhithrogena beskidensis
9317;Rhithrogena picteti;158540;235763;;Rhithrogena picteti
9318;Rhithrogena puytoraci;158540;235764;;Rhithrogena puytoraci
9319;Serratella mesoleuca;158540;235765;;Serratella mesoleuca
9320;Torleya major;158540;235766;;Torleya major
9321;Arion fuscus;164830;235767;Braune Wegschnecke;Braune Wegschnecke – Arion fuscus
9322;Cernuella cisalpina;164830;235768;Ödland-Heideschnecke;Ödland-Heideschnecke – Cernuella cisalpina
9323;Cernuella virgata;164830;235769;Sandheideschnecke;Sandheideschnecke – Cernuella virgata
9325;Musculium transversum;164830;235771;Eckige Häubchenmuschel;Eckige Häubchenmuschel – Musculium transversum
9326;Planorbella anceps;164830;235772;Gekielte Posthornschnecke;Gekielte Posthornschnecke – Planorbella anceps
9330;Agrilus viridis fagi (Birkenform);161165;235776;Buchen-Prachtkäfer (Birkenform);Buchen-Prachtkäfer (Birkenform) – Agrilus viridis fagi (Birkenform)
9331;Hamaticherus batus;161165;235777;;Hamaticherus batus
9332;Alces alces;163127;235778;Elch;Elch – Alces alces
9333;Genetta genetta;163127;235779;Ginsterkatze;Ginsterkatze – Genetta genetta
9334;Phocoena phocoena;163127;235780;Schweinswal;Schweinswal – Phocoena phocoena
9335;Orcinus orca;163127;235781;Schwertwal;Schwertwal – Orcinus orca
9336;Phoca vitulina;163127;235782;Seehund;Seehund – Phoca vitulina
9337;Delphinapterus leucas;163127;235783;Weisswal;Weisswal – Delphinapterus leucas
9368;Oplodontha viridula;166256;235936;;Oplodontha viridula
9369;Oxycera leonina;166256;235937;;Oxycera leonina
9370;Pachygaster atra;166256;235938;;Pachygaster atra
9371;Pachygaster leachii;166256;235939;;Pachygaster leachii
9372;Sargus bipunctatus;166256;235940;;Sargus bipunctatus
9373;Solva marginata;166256;235941;;Solva marginata
9374;Stratiomys singularior;166256;235942;;Stratiomys singularior
9375;Rana catesbeiana;158512;235943;Amerikanischer Ochsenfrosch;Amerikanischer Ochsenfrosch – Rana catesbeiana
15042;Trachemys scripta-scripta-elegans-Komplex;158512;244080;Gelb- und Rotwangen-Schmuckschildkröten-Komplex;Gelb- und Rotwangen-Schmuckschildkröten-Komplex – Trachemys scripta-scripta-elegans-Komplex
15043;Leiobonum spec.;165099;244081;Großer Weberknecht;Großer Weberknecht – Leiobonum spec.
15049;Ponticola kessleri;158605;244087;Kesslergrundel;Kesslergrundel – Ponticola kessleri
15050;Proterorhinus marmoratus;158605;244088;Marmorgrundel;Marmorgrundel – Proterorhinus marmoratus
15149;Anyphaena sabina;165099;244211;;Anyphaena sabina
15150;Diplocephalus crassilobus;165099;244212;;Diplocephalus crassilobus
15151;Drassodes myogaster;165099;244213;;Drassodes myogaster
15152;Drassodes voigti;165099;244214;;Drassodes voigti
15153;Incestophantes annulatus;165099;244215;;Incestophantes annulatus
15154;Micaria rossica;165099;244216;;Micaria rossica
15155;Neon pictus;165099;244217;;Neon pictus
15156;Philaeus superciliosus;165099;244218;;Philaeus superciliosus
15157;Philodromus micans;165099;244219;;Philodromus micans
15158;Phrurolithus corsicus;165099;244220;;Phrurolithus corsicus
15159;Poecilochroa albomaculata;165099;244221;;Poecilochroa albomaculata
15160;Tegenaria duellica;165099;244222;;Tegenaria duellica
15161;Agenioideus ciliatus;708822;244226;;Agenioideus ciliatus
15162;Anoplius aeruginosus;708822;244227;;Anoplius aeruginosus
15163;Anoplius caviventris;708822;244228;;Anoplius caviventris
15164;Anoplius tenuicornis;708822;244229;;Anoplius tenuicornis
15165;Aporinellus sexmaculatus;708822;244230;;Aporinellus sexmaculatus
15166;Arachnospila alvarabnormis;708822;244231;;Arachnospila alvarabnormis
15167;Arachnospila consobrina;708822;244232;;Arachnospila consobrina
15168;Arachnospila fumipennis;708822;244233;;Arachnospila fumipennis
15169;Arachnospila fuscomarginata;708822;244234;;Arachnospila fuscomarginata
15170;Arachnospila nivalabnormis;708822;244235;;Arachnospila nivalabnormis
15171;Arachnospila opinata;708822;244236;;Arachnospila opinata
15172;Arachnospila silvana;708822;244237;;Arachnospila silvana
15173;Arachnospila sogdianoides;708822;244238;;Arachnospila sogdianoides
15174;Arachnospila virgilabnormis;708822;244239;;Arachnospila virgilabnormis
15175;Batozonellus lacerticida;708822;244240;;Batozonellus lacerticida
15176;Ceropales albicinctus;708822;244241;;Ceropales albicinctus
15177;Ceropales variegatus;708822;244242;;Ceropales variegatus
15178;Cryptocheilus elegans;708822;244243;;Cryptocheilus elegans
15179;Cryptocheilus variabilis;708822;244244;;Cryptocheilus variabilis
15180;Dipogon austriacus;708822;244245;;Dipogon austriacus
15181;Dipogon monticolus;708822;244246;;Dipogon monticolus
15182;Dipogon vechti;708822;244247;;Dipogon vechti
15183;Entomobora crassitarsis;708822;244248;;Entomobora crassitarsis
15184;Eoferreola rhombica;708822;244249;;Eoferreola rhombica
15185;Episyron arrogans;708822;244250;;Episyron arrogans
15186;Episyron gallicum;708822;244251;;Episyron gallicum
15187;Evagetes littoralis;708822;244252;;Evagetes littoralis
15188;Evagetes subglaber;708822;244253;;Evagetes subglaber
15189;Evagetes tumidosus;708822;244254;;Evagetes tumidosus
15190;Ferreola diffinis;708822;244255;;Ferreola diffinis
15191;Nanoclavelia leucoptera;708822;244256;;Nanoclavelia leucoptera
15192;Poecilagenia rubicans;708822;244257;;Poecilagenia rubicans
15193;Priocnemis balthica;708822;244258;;Priocnemis balthica
15194;Priocnemis diversa;708822;244259;;Priocnemis diversa
15195;Priocnemis fallax;708822;244260;;Priocnemis fallax
15196;Priocnemis hankoi;708822;244261;;Priocnemis hankoi
15197;Priocnemis mesobrometi;708822;244262;;Priocnemis mesobrometi
15198;Priocnemis rugosa;708822;244263;;Priocnemis rugosa
15199;Tachyagetes filicornis;708822;244264;;Tachyagetes filicornis
15309;Natrix tessellata;158512;244381;Würfelnatter;Würfelnatter – Natrix tessellata
15310;Agapetus laniger;708823;244382;;Agapetus laniger
15311;Chirocephalus diaphanus;162915;244383;;Chirocephalus diaphanus
15312;Limnadia lenticularis;162915;244384;;Limnadia lenticularis
15313;Orconectes immunis;162915;244385;Kalikokrebs;Kalikokrebs – Orconectes immunis
15314;Dendroleon pantherinus;163060;244386;Panther-Ameisenjungfer;Panther-Ameisenjungfer – Dendroleon pantherinus
15315;Distoleon tetragrammicus;163060;244387;Langfühlerige Ameisenjungfer;Langfühlerige Ameisenjungfer – Distoleon tetragrammicus
15316;Euroleon nostras;163060;244388;Gefleckte Ameisenjungfer;Gefleckte Ameisenjungfer – Euroleon nostras
15317;Myrmeleon bore;163060;244389;Dünen-Ameisenjungfer;Dünen-Ameisenjungfer – Myrmeleon bore
15318;Mustela lutreola;163127;244390;Europäischer Nerz;Europäischer Nerz – Mustela lutreola
15319;Pipistrellus pygmaeus;163127;244391;Mückenfledermaus;Mückenfledermaus – Pipistrellus pygmaeus
15320;Sialis nigripes;163196;244392;;Sialis nigripes
15321;Larus genei;165844;244393;Dünnschnabelmöwe;Dünnschnabelmöwe – Larus genei
15322;Anas rubripes;165844;244394;Dunkelente;Dunkelente – Anas rubripes
15323;Larus ichthyaetus;165844;244395;Fischmöwe;Fischmöwe – Larus ichthyaetus
15324;Acridotheres tristis;165844;244396;Hirtenmaina;Hirtenmaina – Acridotheres tristis
15325;Anser canagicus;165844;244397;Kaisergans;Kaisergans – Anser canagicus
15326;Pelecanus crispus;165844;244398;Krauskopfpelikan;Krauskopfpelikan – Pelecanus crispus
15327;Somateria spectabilis;165844;244399;Prachteiderente;Prachteiderente – Somateria spectabilis
15328;Tadorna radjah;165844;244400;Radjahgans;Radjahgans – Tadorna radjah
15329;Pelecanus onocrotalus;165844;244401;Rosa-Pelikan;Rosa-Pelikan – Pelecanus onocrotalus
15330;Phalacrocorax pygmaeus;165844;244402;Zwergscharbe;Zwergscharbe – Phalacrocorax pygmaeus
15331;Salamandra salamandra;158512;244403;Feuersalamander;Feuersalamander – Salamandra salamandra
15332;Salmo trutta;158605;244404;Forelle;Forelle – Salmo trutta
15333;Hypophthalmichthys nobilis;158605;244405;Marmorkarpfen;Marmorkarpfen – Hypophthalmichthys nobilis
15334;Acipenser ruthenus;158605;244406;Sterlet;Sterlet – Acipenser ruthenus
15335;Leuciscus souffia;158605;244407;Strömer;Strömer – Leuciscus souffia
15336;Ballerus sapa;158605;244408;Zobel;Zobel – Ballerus sapa
15337;Blatta orientalis;158667;244409;Küchenschabe;Küchenschabe – Blatta orientalis
15338;Blattella germanica;158667;244410;Deutsche Schabe;Deutsche Schabe – Blattella germanica
15339;Chelidurella guentheri;158667;244411;Waldohrwurm;Waldohrwurm – Chelidurella guentheri
15340;Ectobius lucidus;158667;244412;Verkannte Waldschabe;Verkannte Waldschabe – Ectobius lucidus
15341;Eumodicogryllus bordigalensis;158667;244413;Südliche Grille;Südliche Grille – Eumodicogryllus bordigalensis
15342;Gryllodes sigillatus;158667;244414;Südliche Hausgrille;Südliche Hausgrille – Gryllodes sigillatus
15343;Mantis religiosa;158667;244415;Gottesanbeterin;Gottesanbeterin – Mantis religiosa
15344;Periplaneta americana;158667;244416;Amerikanische Großschabe;Amerikanische Großschabe – Periplaneta americana
15345;Periplaneta australasiae;158667;244417;Südliche Großschabe;Südliche Großschabe – Periplaneta australasiae
15346;Troglophilus neglectus;158667;244418;Bedornte Höhlenschrecke;Bedornte Höhlenschrecke – Troglophilus neglectus
15350;Clausilia rugosa;164830;244422;Kleine Schliessmundschnecke;Kleine Schliessmundschnecke – Clausilia rugosa
15351;Gyraulus acronicus;164830;244423;Verbogenes Posthörnchen;Verbogenes Posthörnchen – Gyraulus acronicus
15358;Vallonia suevica;164830;244430;Schwäbische Grasschnecke;Schwäbische Grasschnecke – Vallonia suevica
15360;Eilema caniola;163213;244432;Weissgraues Flechtenbärchen;Weissgraues Flechtenbärchen – Eilema caniola
15393;Eupithecia silenata;164283;244465;Taubenkopf-Blütenspanner;Taubenkopf-Blütenspanner – Eupithecia silenata
15395;Idaea degeneraria;164283;244467;Veränderlicher Staudenspanner;Veränderlicher Staudenspanner – Idaea degeneraria
15396;Idaea moniliata;164283;244468;Gelblicher Trockenrasen-Kleinspanner;Gelblicher Trockenrasen-Kleinspanner – Idaea moniliata
15400;Acanthocinus reticulatus;161165;244472;Gerippter Zimmerbock;Gerippter Zimmerbock – Acanthocinus reticulatus
15401;Acmaeoderella flavofasciata;161165;244473;Weißschuppiger Ohnschild-Prachtkäfer;Weißschuppiger Ohnschild-Prachtkäfer – Acmaeoderella flavofasciata
15402;Agapanthia dahli;161165;244474;Sonnenblumenbock;Sonnenblumenbock – Agapanthia dahli
15403;Agapanthia intermedia;161165;244475;Langhaariger Scheckhornbock;Langhaariger Scheckhornbock – Agapanthia intermedia
15404;Agrilus antiquus;161165;244476;Mulsants Schmal-Prachtkäfer;Mulsants Schmal-Prachtkäfer – Agrilus antiquus
15405;Agrilus auricollis;161165;244477;Kleiner Linden-Prachtkäfer;Kleiner Linden-Prachtkäfer – Agrilus auricollis
15406;Agrilus delphinensis;161165;244478;Blauer Schmal-Prachtkäfer;Blauer Schmal-Prachtkäfer – Agrilus delphinensis
15407;Agrilus guerini;161165;244479;Guerins Schmal-Prachtkäfer;Guerins Schmal-Prachtkäfer – Agrilus guerini
15408;Agrilus ribesi;161165;244480;Johannisbeer-Schmalprachtkäfer;Johannisbeer-Schmalprachtkäfer – Agrilus ribesi
15409;Agrilus suvorovi;161165;244481;Suvorovs Schmal-Prachtkäfer;Suvorovs Schmal-Prachtkäfer – Agrilus suvorovi
15410;Amphimallon ochraceum;161165;244482;;Amphimallon ochraceum
15411;Anoxia villosa;161165;244483;Wollhaariger Haarschuppen-Laubkäfer;Wollhaariger Haarschuppen-Laubkäfer – Anoxia villosa
15412;Anthaxia fulgurans;161165;244484;Fleckhalsiger Eckschild-Prachtkäfer;Fleckhalsiger Eckschild-Prachtkäfer – Anthaxia fulgurans
15413;Anthaxia podolica;161165;244485;Rosthörniger Eckschild-Prachtkäfer;Rosthörniger Eckschild-Prachtkäfer – Anthaxia podolica
15414;Aphodius constans;161165;244486;Hirsch-Dungkäfer;Hirsch-Dungkäfer – Aphodius constans
15415;Aphodius satellitius;161165;244487;Gezeichneter Dungkäfer;Gezeichneter Dungkäfer – Aphodius satellitius
15416;Buprestis octoguttata;161165;244488;Achtpunktiger Kiefern-Prachtkäfer;Achtpunktiger Kiefern-Prachtkäfer – Buprestis octoguttata
15417;Ceruchus chrysomelinus;161165;244489;Rindenschröter;Rindenschröter – Ceruchus chrysomelinus
15418;Chlorophorus herbstii;161165;244490;Grünlichgelber Wollkrautwidderbock;Grünlichgelber Wollkrautwidderbock – Chlorophorus herbstii
15419;Chlorophorus pilosus;161165;244491;Haariger Widderbock;Haariger Widderbock – Chlorophorus pilosus
15420;Clytus lama;161165;244492;Nadelholz-Widderbock;Nadelholz-Widderbock – Clytus lama
15421;Coraebus florentinus;161165;244493;Zweibindiger Eichen-Prachtkäfer;Zweibindiger Eichen-Prachtkäfer – Coraebus florentinus
15422;Corymbia hybrida;161165;244494;;Corymbia hybrida
15423;Dicerca alni;161165;244495;Erlen-Prachtkäfer;Erlen-Prachtkäfer – Dicerca alni
15424;Dicerca berolinensis;161165;244496;Eckfleckiger Zahnflügel-Prachtkäfer;Eckfleckiger Zahnflügel-Prachtkäfer – Dicerca berolinensis
15425;Eurythyrea quercus;161165;244497;Eckschildiger Glanz-Prachtkäfer;Eckschildiger Glanz-Prachtkäfer – Eurythyrea quercus
15426;Gymnopleurus geoffroyi;161165;244498;Seidiger Pillenwälzer;Seidiger Pillenwälzer – Gymnopleurus geoffroyi
15427;Meloe cicatricosus;161165;244499;Narbiger Maiwurmkäfer;Narbiger Maiwurmkäfer – Meloe cicatricosus
15428;Meloe coriarius;161165;244500;Glänzendschwarzer Maiwurmkäfer;Glänzendschwarzer Maiwurmkäfer – Meloe coriarius
15429;Meloe decorus;161165;244501;Violetthalsiger Maiwurmkäfer;Violetthalsiger Maiwurmkäfer – Meloe decorus
15430;Meloe hungarus;161165;244502;Gelbrandiger Maiwurmkäfer;Gelbrandiger Maiwurmkäfer – Meloe hungarus
15431;Melolontha pectoralis;161165;244503;Kaukasischer Maikäfer;Kaukasischer Maikäfer – Melolontha pectoralis
15432;Menesia bipunctata;161165;244504;Zweipunktiger Kreuzdornbock;Zweipunktiger Kreuzdornbock – Menesia bipunctata
15433;Molorchus marmottani;161165;244505;Marmottans Kurzdeckenbock;Marmottans Kurzdeckenbock – Molorchus marmottani
15434;Neoclytus acuminatus;161165;244506;;Neoclytus acuminatus
15435;Onthophagus illyricus;161165;244507;;Onthophagus illyricus
15436;Onthophagus vitulus;161165;244508;Kamel-Pillenkäfer;Kamel-Pillenkäfer – Onthophagus vitulus
15437;Oplosia fennica;161165;244509;Totholz-Lindenbock;Totholz-Lindenbock – Oplosia fennica
15438;Penichroa fasciata;161165;244510;;Penichroa fasciata
15439;Phytoecia molybdaena;161165;244511;Klatschmohn-Walzenhalsbock;Klatschmohn-Walzenhalsbock – Phytoecia molybdaena
15440;Phytoecia rubropunctata;161165;244512;Rotpunktierter Walzenhalsbock;Rotpunktierter Walzenhalsbock – Phytoecia rubropunctata
15441;Phytoecia scutellata;161165;244513;;Phytoecia scutellata
15442;Protaetia aeruginosa;161165;244514;Großer Goldkäfer;Großer Goldkäfer – Protaetia aeruginosa
15443;Saperda perforata;161165;244515;Gefleckter Espenbock;Gefleckter Espenbock – Saperda perforata
15444;Saperda punctata;161165;244516;Vielpunktierter Pappelbock;Vielpunktierter Pappelbock – Saperda punctata
15445;Scintillatrix dives;161165;244517;Großer Ulmen-Prachtkäfer;Großer Ulmen-Prachtkäfer – Scintillatrix dives
15446;Scintillatrix mirifica;161165;244518;Wunderbarer Ulmen-Prachtkäfer;Wunderbarer Ulmen-Prachtkäfer – Scintillatrix mirifica
15447;Sisyphus schaefferi;161165;244519;Matter Pillenwälzer;Matter Pillenwälzer – Sisyphus schaefferi
15448;Stenidea genei;161165;244520;;Stenidea genei
15449;Trichius sexualis;161165;244521;Südöstlicher Pinselkäfer;Südöstlicher Pinselkäfer – Trichius sexualis
15450;Trichoferus pallidus;161165;244522;Bleicher Alteichen-Nachtbock;Bleicher Alteichen-Nachtbock – Trichoferus pallidus
15451;Trox perrisii;161165;244523;Perris-Erdkäfer;Perris-Erdkäfer – Trox perrisii
15453;Temnothorax albipennis;158742;244525;;Temnothorax albipennis
15454;Andrena curtula;158763;244526;;Andrena curtula
15455;Anthidium septemspinosum;158763;244527;Siebendornwollbiene;Siebendornwollbiene – Anthidium septemspinosum
15456;Anthophora crassipes;158763;244528;;Anthophora crassipes
15457;Ceratina chalybea;158763;244529;;Ceratina chalybea
15458;Coelioxys brevis;158763;244530;Kurze Kegelbiene;Kurze Kegelbiene – Coelioxys brevis
15459;Colletes hederae;158763;244531;;Colletes hederae
15460;Halictus langobardicus;158763;244532;;Halictus langobardicus
15461;Halictus pollinosus;158763;244533;;Halictus pollinosus
15462;Halictus sajoi;158763;244534;;Halictus sajoi
15463;Hylaeus kahri;158763;244535;;Hylaeus kahri
15464;Hylaeus lepidulus;158763;244536;;Hylaeus lepidulus
15465;Hylaeus spilotus;158763;244537;;Hylaeus spilotus
15466;Hylaeus taeniolatus;158763;244538;;Hylaeus taeniolatus
15467;Lasioglossum angusticeps;158763;244539;;Lasioglossum angusticeps
15468;Lasioglossum bluethgeni;158763;244540;;Lasioglossum bluethgeni
15469;Lasioglossum buccale;158763;244541;;Lasioglossum buccale
15470;Lasioglossum clypeare;158763;244542;;Lasioglossum clypeare
15471;Lasioglossum convexiusculum;158763;244543;;Lasioglossum convexiusculum
15472;Lasioglossum euboeense;158763;244544;;Lasioglossum euboeense
15473;Lasioglossum puncticolle;158763;244545;;Lasioglossum puncticolle
15474;Lasioglossum quadrisignatum;158763;244546;;Lasioglossum quadrisignatum
15475;Lasioglossum subhirtum;158763;244547;;Lasioglossum subhirtum
15476;Lithurgus chrysurus;158763;244548;;Lithurgus chrysurus
15477;Megachile leachella;158763;244549;;Megachile leachella
15478;Megachile pyrenaea;158763;244550;;Megachile pyrenaea
15479;Nomada posthuma;158763;244551;;Nomada posthuma
15480;Nomada symphyti;158763;244552;;Nomada symphyti
15481;Osmia gallarum;158763;244553;;Osmia gallarum
15482;Osmia melanogaster;158763;244554;;Osmia melanogaster
15483;Osmia versicolor;158763;244555;;Osmia versicolor
15484;Sphecodes croaticus;158763;244556;;Sphecodes croaticus
15485;Stelis franconica;158763;244557;;Stelis franconica
15486;Cimbex luteus;159105;244558;Gelbe Pappelkeulhornblattwespe;Gelbe Pappelkeulhornblattwespe – Cimbex luteus
15487;Corynis crassicornis;159105;244559;;Corynis crassicornis
15488;Corynis obscura;159105;244560;;Corynis obscura
15489;Trichiosoma tibiale;159105;244561;;Trichiosoma tibiale
15490;Alastor atropos;708822;244562;;Alastor atropos
15491;Allodynerus delphinalis;708822;244563;;Allodynerus delphinalis
15492;Allodynerus floricola;708822;244564;;Allodynerus floricola
15493;Ancistrocerus auctus;708822;244565;;Ancistrocerus auctus
15494;Ancistrocerus ichneumonideus;708822;244566;;Ancistrocerus ichneumonideus
15495;Ancistrocerus renimacula;708822;244567;Harzgallenwespe;Harzgallenwespe – Ancistrocerus renimacula
15496;Bembecinus hungaricus;708822;244568;;Bembecinus hungaricus
15497;Bembecinus tridens;708822;244569;Dreizähniger Zikadenjäger;Dreizähniger Zikadenjäger – Bembecinus tridens
15498;Bembix tarsata;708822;244570;Kurzflügelige Kreiselwespe;Kurzflügelige Kreiselwespe – Bembix tarsata
15499;Cerceris flavilabris;708822;244571;;Cerceris flavilabris
15500;Cerceris hortivaga;708822;244572;;Cerceris hortivaga
15501;Cerceris sabulosa;708822;244573;;Cerceris sabulosa
15502;Crabro loewi;708822;244574;Löws Silbermundwespe;Löws Silbermundwespe – Crabro loewi
15503;Crossocerus acanthophorus;708822;244575;;Crossocerus acanthophorus
15504;Crossocerus denticoxa;708822;244576;;Crossocerus denticoxa
15505;Dolichurus bicolor;708822;244577;;Dolichurus bicolor
15506;Ectemnius confinis;708822;244578;;Ectemnius confinis
15507;Ectemnius fossorius;708822;244579;Furchen-Fliegengrabwespe;Furchen-Fliegengrabwespe – Ectemnius fossorius
15508;Eumenes sareptanus;708822;244580;;Eumenes sareptanus
15509;Euodynerus dantici;708822;244581;;Euodynerus dantici
15510;Euodynerus notatus;708822;244582;;Euodynerus notatus
15511;Harpactus elegans;708822;244583;;Harpactus elegans
15512;Harpactus exiguus;708822;244584;;Harpactus exiguus
15513;Harpactus formosus;708822;244585;;Harpactus formosus
15514;Harpactus laevis;708822;244586;;Harpactus laevis
15515;Hoplisoides punctuosus;708822;244587;;Hoplisoides punctuosus
15516;Lamellocossus terebra;708822;244588;Zitterpappel-Holzbohrer;Zitterpappel-Holzbohrer – Lamellocossus terebra
15517;Larra anathema;708822;244589;;Larra anathema
15518;Leptochilus alpestris;708822;244590;;Leptochilus alpestris
15519;Lindenius subaeneus;708822;244591;;Lindenius subaeneus
15520;Microdynerus longicollis;708822;244592;;Microdynerus longicollis
15521;Microdynerus timidus;708822;244593;;Microdynerus timidus
15522;Mimumesa littoralis;708822;244594;;Mimumesa littoralis
15523;Nitela fallax;708822;244595;;Nitela fallax
15524;Nysson hrubanti;708822;244596;;Nysson hrubanti
15525;Oxybelus latro;708822;244597;;Oxybelus latro
15526;Oxybelus lineatus;708822;244598;;Oxybelus lineatus
15527;Passaloecus vandeli;708822;244599;Vandels Blattlausgrabwespe;Vandels Blattlausgrabwespe – Passaloecus vandeli
15528;Pemphredon austriaca;708822;244600;Eichengallen-Grabwespe;Eichengallen-Grabwespe – Pemphredon austriaca
15529;Pemphredon beaumonti;708822;244601;;Pemphredon beaumonti
15530;Pemphredon podagrica;708822;244602;;Pemphredon podagrica
15531;Philanthus coronatus;708822;244603;Großer Bienenwolf;Großer Bienenwolf – Philanthus coronatus
15532;Psen exaratus;708822;244604;;Psen exaratus
15533;Psenulus fulvicornis;708822;244605;;Psenulus fulvicornis
15534;Pseudomicrodynerus parvulus;708822;244606;;Pseudomicrodynerus parvulus
15535;Solierella compedita;708822;244607;Zwerggrabwespe;Zwerggrabwespe – Solierella compedita
15536;Stenodynerus chevrieranus;708822;244608;;Stenodynerus chevrieranus
15537;Symmorphus murarius;708822;244609;;Symmorphus murarius
15538;Tachysphex panzeri;708822;244610;;Tachysphex panzeri
15539;Tachytes panzeri;708822;244611;;Tachytes panzeri
15540;Trypoxylon beaumonti;708822;244612;;Trypoxylon beaumonti
15541;Trypoxylon deceptorium;708822;244613;;Trypoxylon deceptorium
15542;Anthidium scapulare;158763;244614;;Anthidium scapulare
15543;Anthidium strigatum;158763;244615;;Anthidium strigatum
15544;Eucera dentata;158763;244616;;Eucera dentata
15545;Eucera macroglossa;158763;244617;Malven-Langhornbiene;Malven-Langhornbiene – Eucera macroglossa
15546;Eucera salicariae;158763;244618;;Eucera salicariae
15547;Pseudapis femoralis;158763;244619;Schienenbiene;Schienenbiene – Pseudapis femoralis
15548;Delta unguiculatum;708822;244620;;Delta unguiculatum
15549;Ovis ammon domesticus;163127;244621;Hausschaf;Hausschaf – Ovis ammon domesticus
15550;Ovis ammon;163127;244622;Wildschaf;Wildschaf – Ovis ammon
15551;Ophonus brevicollis;160553;244623;;Ophonus brevicollis
15552;Mus musculus;163127;244624;Hausmaus;Hausmaus – Mus musculus
15553;Monochamus saltuarius;161165;244625;Waldgebirgs-Langhornbock;Waldgebirgs-Langhornbock – Monochamus saltuarius
15554;Poecilonota variolosa;161165;244626;Espen-Prachtkäfer;Espen-Prachtkäfer – Poecilonota variolosa
15555;Stenopterus ater;161165;244627;;Stenopterus ater
15562;Formica picea;158742;244636;;Formica picea
15565;Myrmica bibikoffi;158742;244638;;Myrmica bibikoffi
15566;Neogobius fluviatilis;158605;244639;Flussgrundel;Flussgrundel – Neogobius fluviatilis
15567;Proterorhinus semilunaris;158605;244640;Marmorierte Grundel;Marmorierte Grundel – Proterorhinus semilunaris
15568;Neogobius melanostomus;158605;244641;Schwarzmundgrundel;Schwarzmundgrundel – Neogobius melanostomus
15569;Amara quenseli silvicola;160553;244642;;Amara quenseli silvicola
15570;Carabus variolosus;160553;244643;Grubenlaufkäfer;Grubenlaufkäfer – Carabus variolosus
15571;Moebelia berolinensis;165099;244644;;Moebelia berolinensis
15738;Trichoniscus pusillus;162915;245445;;Trichoniscus pusillus
15739;Caenacis inflexa;159099;245446;;Caenacis inflexa
15740;Eupelmus urozonus;159099;245447;;Eupelmus urozonus
15741;Eurytoma rosae;159099;245448;;Eurytoma rosae
15742;Glyphomerus stigma;159099;245449;;Glyphomerus stigma
15743;Orthopelma mediator;159099;245450;;Orthopelma mediator
15744;Periclistus brandtii;159099;245451;;Periclistus brandtii
15745;Pteromalus bedeguaris;159099;245452;;Pteromalus bedeguaris
15746;Torymus bedeguaris;159099;245453;;Torymus bedeguaris
15747;Craspedosoma rawlinsi;165833;245454;;Craspedosoma rawlinsi
15748;Craspedosoma rawlinsi rawlinsi;165833;245455;;Craspedosoma rawlinsi rawlinsi
15749;Cryptops hortensis;165833;245456;;Cryptops hortensis
15750;Cylindroiulus latestriatus;165833;245457;;Cylindroiulus latestriatus
15751;Cylindroiulus punctatus;165833;245458;;Cylindroiulus punctatus
15752;Geophilus truncorum;165833;245459;;Geophilus truncorum
15753;Glomeris marginata;165833;245460;;Glomeris marginata
15754;Lamyctes emarginatus;165833;245461;;Lamyctes emarginatus
15755;Leptoiulus proximus;165833;245462;;Leptoiulus proximus
15756;Lithobius agilis;165833;245463;;Lithobius agilis
15757;Lithobius calcaratus;165833;245464;;Lithobius calcaratus
15758;Lithobius crassipes;165833;245465;;Lithobius crassipes
15759;Lithobius dentatus;165833;245466;;Lithobius dentatus
15760;Lithobius melanops;165833;245467;;Lithobius melanops
15761;Lithobius microps;165833;245468;;Lithobius microps
15762;Litobius muticus;165833;245469;;Litobius muticus
15763;Megaphyllum projectum;165833;245470;;Megaphyllum projectum
15764;Melogona voigti;165833;245471;;Melogona voigti
15765;Mycogona germanica;165833;245472;;Mycogona germanica
15766;Nemasoma varicorne;165833;245473;;Nemasoma varicorne
15767;Ommatoiulus sabulosus;165833;245474;;Ommatoiulus sabulosus
15768;Pachymerium ferrugineum;165833;245475;;Pachymerium ferrugineum
15769;Polydesmus angustus;165833;245476;;Polydesmus angustus
15770;Polydesmus denticulatus;165833;245477;;Polydesmus denticulatus
15771;Polyxenus lagurus;165833;245478;;Polyxenus lagurus
15772;Proteroiulus fuscus;165833;245479;;Proteroiulus fuscus
15773;Schendyla nemorensis;165833;245480;;Schendyla nemorensis
15774;Strigamia acuminata;165833;245481;;Strigamia acuminata
15775;Tachypodoiulus niger;165833;245482;;Tachypodoiulus niger
15776;Aneurus avenius avenius;166104;245483;;Aneurus avenius avenius
15777;Capsus pilifer;166104;245484;;Capsus pilifer
15778;Drymus brunneus brunneus;166104;245485;;Drymus brunneus brunneus
15779;Elasmucha grisea grisea;166104;245486;;Elasmucha grisea grisea
15780;Eurygaster testudinaria testudinaria;166104;245487;;Eurygaster testudinaria testudinaria
15781;Kleidocerys resedae resedae;166104;245488;;Kleidocerys resedae resedae
15782;Notonecta glauca glauca;166104;245489;;Notonecta glauca glauca
15783;Orthotylus ericetorum ericetorum;166104;245490;;Orthotylus ericetorum ericetorum
15784;Peritrechus angusticollis;166104;245491;;Peritrechus angusticollis
15785;Scolopostethus pilosus;166104;245492;;Scolopostethus pilosus
15786;Scolopostethus pilosus pilosus;166104;245493;;Scolopostethus pilosus pilosus
15787;Sigara nigrolineata nigrolineata;166104;245494;;Sigara nigrolineata nigrolineata
15788;Otiorhynchus crataegi;161165;245495;;Otiorhynchus crataegi
15789;Thamiocolus sahlbergi;161165;245496;;Thamiocolus sahlbergi
15790;Ogcodes gibbosus;166256;245497;;Ogcodes gibbosus
15791;Paracrocera orbicula;166256;245498;;Paracrocera orbicula
15800;Microchiroptera;204339;245508;Fledermäuse;Fledermäuse – Microchiroptera
15801;Amphibien;204339;245509;;Amphibien
15802;Reptilien;204339;245510;;Reptilien
15803;Stechimmen;204339;245511;;Stechimmen
15804;Wasserinsekten;204339;245515;;Wasserinsekten
15805;Wasservoegel;204339;245518;;Wasservoegel
16386;Phoenicopterus ruber ruber;165844;278988;Kubaflamingo;Kubaflamingo – Phoenicopterus ruber ruber
18582;Andrena scotica;158763;310300;;Andrena scotica
18583;Carassius gibelio f. auratus;158605;310301;Goldfisch;Goldfisch – Carassius gibelio f. auratus
18604;Ameiurus spec.;158605;365775;;Ameiurus spec.
18613;Cottus spec.;158605;365780;;Cottus spec.
18621;Lampetra spec.;158605;365781;;Lampetra spec.
18684;Temnothorax interruptus;158742;363056;Querfleck-Schmalbrustameise;Querfleck-Schmalbrustameise – Temnothorax interruptus
18986;Procambarus spec.;162915;365824;Marmorkrebs;Marmorkrebs – Procambarus spec.
19042;Myotis spec.;163127;544256;Myotis-Art unbestimmt;Myotis-Art unbestimmt – Myotis spec.
19049;update;0;916603;;update
19581;update;0;916602;;update
19582;update;0;916601;;update
19711;Antrobathynella stammeri;162915;362948;;Antrobathynella stammeri
19712;Krumbachia subterranea;163077;362950;;Krumbachia subterranea
19769;Carabus variolosus subsp. nodulosus;160553;363117;Gruben-Grosslaufkäfer;Gruben-Grosslaufkäfer – Carabus variolosus subsp. nodulosus
23951;Trogulus aquaticus;165099;365494;;Trogulus aquaticus
23952;Trogulus banaticus;165099;365495;;Trogulus banaticus
23953;Trogulus cisalpinus;165099;365496;;Trogulus cisalpinus
23954;Trogulus closanicus;165099;365497;;Trogulus closanicus
23955;Trogulus corcyraeus;165099;365498;;Trogulus corcyraeus
23956;Trogulus coriziformis;165099;365499;;Trogulus coriziformis
23957;Trogulus falcipenis;165099;365500;;Trogulus falcipenis
23958;Trogulus galasensis;165099;365501;;Trogulus galasensis
23959;Trogulus graecus;165099;365502;;Trogulus graecus
23960;Trogulus gypseus;165099;365503;;Trogulus gypseus
23961;Trogulus lusitanicus;165099;365504;;Trogulus lusitanicus
23962;Trogulus martensi;165099;365505;;Trogulus martensi
23963;Trogulus oltenicus;165099;365506;;Trogulus oltenicus
23964;Trogulus tingiformis;165099;365507;;Trogulus tingiformis
23965;Trogulus torosus;165099;365508;;Trogulus torosus
23966;Trogulus tricarinatus;165099;365509;;Trogulus tricarinatus
23975;Nemastoma dentigerum;165099;365519;;Nemastoma dentigerum
102317;Amph-Reptilien;nan;158512;;Amph-Reptilien
102318;Anguis fragilis;158512;158514;Blindschleiche;Blindschleiche – Anguis fragilis
102319;Podarcis muralis;158512;158528;Mauereidechse;Mauereidechse – Podarcis muralis
102320;Lacerta vivipara;158512;158536;Waldeidechse;Waldeidechse – Lacerta vivipara
102321;Lacerta agilis;158512;158539;Zauneidechse;Zauneidechse – Lacerta agilis
102322;Bufo bufo;158512;158515;Erdkröte;Erdkröte – Bufo bufo
102323;Alytes obstetricans;158512;158519;Geburtshelferkröte;Geburtshelferkröte – Alytes obstetricans
102324;Bombina variegata;158512;158520;Gelbbauchunke;Gelbbauchunke – Bombina variegata
102325;Rana temporaria;158512;158521;Grasfrosch;Grasfrosch – Rana temporaria
102328;Pelobates fuscus;158512;158524;Knoblauchkröte;Knoblauchkröte – Pelobates fuscus
102329;Bufo calamita;158512;158525;Kreuzkröte;Kreuzkröte – Bufo calamita
102330;Hyla arborea;158512;158527;Laubfrosch;Laubfrosch – Hyla arborea
102331;Rana arvalis;158512;158529;Moorfrosch;Moorfrosch – Rana arvalis
102332;Rana ridibunda;158512;158532;Seefrosch;Seefrosch – Rana ridibunda
102333;Rana dalmatina;158512;158533;Springfrosch;Springfrosch – Rana dalmatina
102335;Bufo viridis;158512;158538;Wechselkröte;Wechselkröte – Bufo viridis
102336;Emys orbicularis;158512;158516;Europäische Sumpfschildkröte;Europäische Sumpfschildkröte – Emys orbicularis
102337;Vipera berus;158512;158526;Kreuzotter;Kreuzotter – Vipera berus
102338;Natrix natrix;158512;158530;Ringelnatter;Ringelnatter – Natrix natrix
102339;Coronella austriaca;158512;158531;Schlingnatter;Schlingnatter – Coronella austriaca
102340;Triturus alpestris;158512;158513;Bergmolch;Bergmolch – Triturus alpestris
102341;Triturus helveticus;158512;158517;Fadenmolch;Fadenmolch – Triturus helveticus
102342;Salamandra salamandra terrestris;158512;158518;Gebänderter Feuersalamander;Gebänderter Feuersalamander – Salamandra salamandra terrestris
102343;Triturus cristatus;158512;158522;Kammmolch;Kammmolch – Triturus cristatus
102344;Triturus vulgaris;158512;158535;Teichmolch;Teichmolch – Triturus vulgaris
102345;Spinnentiere;nan;165099;;Spinnentiere
102346;Achaearanea lunata;165099;165102;;Achaearanea lunata
102347;Achaearanea riparia;165099;165103;;Achaearanea riparia
102348;Achaearanea simulans;165099;165104;;Achaearanea simulans
102349;Achaearanea tepidariorum;165099;165105;;Achaearanea tepidariorum
102350;Aculepeira ceropegia;165099;165106;Eichenblattspinne;Eichenblattspinne – Aculepeira ceropegia
102351;Aelurillus v-insignitus;165099;165107;V-Fleck-Springspinne;V-Fleck-Springspinne – Aelurillus v-insignitus
102352;Agalenatea redii;165099;165108;Körbchenspinne;Körbchenspinne – Agalenatea redii
102353;Agelena gracilens;165099;165109;;Agelena gracilens
102354;Agelena labyrinthica;165099;165110;Labyrinthspinne;Labyrinthspinne – Agelena labyrinthica
102355;Liocranoeca striata;165099;165111;;Liocranoeca striata
102356;Agroeca brunnea;165099;165112;Braune Feldspinne;Braune Feldspinne – Agroeca brunnea
102357;Agroeca cuprea;165099;165113;Kupfernde Feldspinne;Kupfernde Feldspinne – Agroeca cuprea
102358;Agroeca proxima;165099;165115;Verwandte Feldspinne;Verwandte Feldspinne – Agroeca proxima
102359;Agyneta cauta;165099;165116;;Agyneta cauta
102360;Agyneta conigera;165099;165117;;Agyneta conigera
102361;Agyneta decora;165099;165118;;Agyneta decora
102362;Agyneta ramosa;165099;165119;;Agyneta ramosa
102363;Agyneta subtilis;165099;165120;;Agyneta subtilis
102364;Allomengea vidua;165099;165121;;Allomengea vidua
102365;Alopecosa accentuata;165099;165122;Auffällige Tarantel;Auffällige Tarantel – Alopecosa accentuata
102366;Alopecosa aculeata;165099;165123;Dunkelbraune Tarantel;Dunkelbraune Tarantel – Alopecosa aculeata
102367;Alopecosa cuneata;165099;165124;Keilförmige Tarantel;Keilförmige Tarantel – Alopecosa cuneata
102368;Alopecosa cursor;165099;165125;Umherschweifende Tarantel;Umherschweifende Tarantel – Alopecosa cursor
102369;Alopecosa inquilina;165099;165127;Zugewanderte Tarantel;Zugewanderte Tarantel – Alopecosa inquilina
102370;Alopecosa pulverulenta;165099;165128;überstäubte Tarantel;überstäubte Tarantel – Alopecosa pulverulenta
102371;Alopecosa sulzeri;165099;165131;;Alopecosa sulzeri
102372;Amaurobius fenestralis;165099;165134;Fensterspinne;Fensterspinne – Amaurobius fenestralis
102373;Amaurobius ferox;165099;165135;Kellerspinne;Kellerspinne – Amaurobius ferox
102374;Amaurobius similis;165099;165138;ähnliche Finsterspinne;ähnliche Finsterspinne – Amaurobius similis
102375;Anelasmocephalus cambridgei;165099;165139;;Anelasmocephalus cambridgei
102376;Anelosimus pulchellus;165099;165140;;Anelosimus pulchellus
102377;Amaurobius jugorum;165099;165142;;Amaurobius jugorum
102378;Antistea elegans;165099;165143;Moor-Bodenspinne;Moor-Bodenspinne – Antistea elegans
102379;Anyphaena accentuata;165099;165144;Auffällige Zartspinne;Auffällige Zartspinne – Anyphaena accentuata
102380;Aphileta misera;165099;165145;;Aphileta misera
102381;Apostenus fuscus;165099;165146;Moosläufer;Moosläufer – Apostenus fuscus
102382;Araeoncus crassiceps;165099;165147;;Araeoncus crassiceps
102383;Araeoncus humilis;165099;165148;;Araeoncus humilis
102384;Araneus alsine;165099;165149;Rote Kreuzspinne;Rote Kreuzspinne – Araneus alsine
102385;Araneus angulatus;165099;165150;Gehörnte Kreuzspinne;Gehörnte Kreuzspinne – Araneus angulatus
102386;Araneus diadematus;165099;165151;Garten-Kreuzspinne;Garten-Kreuzspinne – Araneus diadematus
102387;Araneus marmoreus;165099;165152;Marmorierte Kreuzspinne;Marmorierte Kreuzspinne – Araneus marmoreus
102388;Araneus quadratus;165099;165153;Vierfleck-Kreuzspinne;Vierfleck-Kreuzspinne – Araneus quadratus
102389;Araneus spec.;165099;165154;;Araneus spec.
102390;Araneus sturmi;165099;165155;;Araneus sturmi
102391;Araneus triguttatus;165099;165156;;Araneus triguttatus
102392;Araniella alpica;165099;165157;;Araniella alpica
102393;Araniella cucurbitina;165099;165158;Kürbisspinne;Kürbisspinne – Araniella cucurbitina
102394;Araniella opisthographa;165099;165160;;Araniella opisthographa
102395;Arctosa cinerea;165099;165161;Flussufer-Wolfspinne;Flussufer-Wolfspinne – Arctosa cinerea
102396;Arctosa figurata;165099;165162;Gestaltete Bärin;Gestaltete Bärin – Arctosa figurata
102397;Arctosa leopardus;165099;165163;Leopard-Bärin;Leopard-Bärin – Arctosa leopardus
102398;Arctosa lutetiana;165099;165164;Pariser Bärin;Pariser Bärin – Arctosa lutetiana
102399;Arctosa perita;165099;165165;Erfahrene Bärin;Erfahrene Bärin – Arctosa perita
102400;Argenna subnigra;165099;165167;;Argenna subnigra
102401;Argiope bruennichi;165099;165168;Wespenspinne;Wespenspinne – Argiope bruennichi
102402;Argyroneta aquatica;165099;165169;Wasserspinne;Wasserspinne – Argyroneta aquatica
102403;Asthenargus paganus;165099;165170;;Asthenargus paganus
102404;Atypus affinis;165099;165171;Tapezierspinne;Tapezierspinne – Atypus affinis
102405;Aulonia albimana;165099;165173;;Aulonia albimana
102406;Ballus chalybeius;165099;165174;;Ballus chalybeius
102407;Baryphyma pratense;165099;165175;;Baryphyma pratense
102408;Baryphyma trifrons;165099;165176;;Baryphyma trifrons
102409;Bathyphantes approximatus;165099;165177;;Bathyphantes approximatus
102410;Bathyphantes gracilis;165099;165178;;Bathyphantes gracilis
102411;Bathyphantes nigrinus;165099;165179;;Bathyphantes nigrinus
102412;Bathyphantes parvulus;165099;165180;;Bathyphantes parvulus
102413;Bathyphantes setiger;165099;165181;;Bathyphantes setiger
102414;Sibianor aurocinctus;165099;165182;;Sibianor aurocinctus
102415;Bolyphantes alticeps;165099;165183;;Bolyphantes alticeps
102416;Bolyphantes luteolus;165099;165184;;Bolyphantes luteolus
102417;Callilepis nocturna;165099;165185;Ameisenfressende Plattbauchspinne;Ameisenfressende Plattbauchspinne – Callilepis nocturna
102418;Centromerita bicolor;165099;165186;;Centromerita bicolor
102419;Centromerita concinna;165099;165187;;Centromerita concinna
102420;Centromerus brevivulvatus;165099;165188;;Centromerus brevivulvatus
102421;Centromerus arcanus;165099;165189;;Centromerus arcanus
102422;Centromerus capucinus;165099;165190;;Centromerus capucinus
102423;Centromerus dilutus;165099;165192;;Centromerus dilutus
102424;Centromerus incilium;165099;165193;;Centromerus incilium
102425;Centromerus leruthi;165099;165194;;Centromerus leruthi
102426;Centromerus levitarsis;165099;165195;;Centromerus levitarsis
102427;Centromerus pabulator;165099;165196;;Centromerus pabulator
102428;Centromerus piccolo;165099;165197;;Centromerus piccolo
102429;Centromerus prudens;165099;165198;;Centromerus prudens
102430;Centromerus semiater;165099;165200;;Centromerus semiater
102431;Centromerus serratus;165099;165201;;Centromerus serratus
102432;Centromerus silvicola;165099;165202;;Centromerus silvicola
102433;Centromerus sylvaticus;165099;165203;;Centromerus sylvaticus
102434;Ceratinella brevipes;165099;165204;;Ceratinella brevipes
102435;Ceratinella brevis;165099;165205;;Ceratinella brevis
102436;Ceratinella scabrosa;165099;165206;;Ceratinella scabrosa
102437;Ceratinella wideri;165099;165207;;Ceratinella wideri
102438;Styloctetor stativus;165099;165208;;Styloctetor stativus
102439;Cercidia prominens;165099;165209;Erd-Kreuzspinne;Erd-Kreuzspinne – Cercidia prominens
102440;Ceto laticeps;165099;165210;;Ceto laticeps
102441;Cheiracanthium erraticum;165099;165213;Umherirrender Dornfinger;Umherirrender Dornfinger – Cheiracanthium erraticum
102442;Cheiracanthium oncognathum;165099;165214;ähnlicher Dornfinger;ähnlicher Dornfinger – Cheiracanthium oncognathum
102443;Cheiracanthium virescens;165099;165216;Grüner Dornfinger;Grüner Dornfinger – Cheiracanthium virescens
102444;Chelifer spec.;165099;165217;;Chelifer spec.
102445;Cicurina cicur;165099;165218;Herbststreu-Spinne;Herbststreu-Spinne – Cicurina cicur
102446;Clubiona brevipes;165099;165220;Kurzbeinige Sackspinne;Kurzbeinige Sackspinne – Clubiona brevipes
102447;Clubiona caerulescens;165099;165221;Bläuliche Sackspinne;Bläuliche Sackspinne – Clubiona caerulescens
102448;Clubiona comta;165099;165222;Gefällige Sackspinne;Gefällige Sackspinne – Clubiona comta
102449;Clubiona corticalis;165099;165223;Rinden-Sackspinne;Rinden-Sackspinne – Clubiona corticalis
102450;Clubiona diversa;165099;165224;Verschiedenartige Sackspinne;Verschiedenartige Sackspinne – Clubiona diversa
102451;Clubiona frisia;165099;165225;Friesen-Sackspinne;Friesen-Sackspinne – Clubiona frisia
102452;Clubiona frutetorum;165099;165226;;Clubiona frutetorum
102453;Clubiona germanica;165099;165227;Deutsche Sackspinne;Deutsche Sackspinne – Clubiona germanica
102454;Clubiona lutescens;165099;165228;Leuchtende Sackspinne;Leuchtende Sackspinne – Clubiona lutescens
102455;Clubiona neglecta;165099;165229;übersehene Sackspinne;übersehene Sackspinne – Clubiona neglecta
102456;Clubiona norvegica;165099;165230;Norwegische Sackspinne;Norwegische Sackspinne – Clubiona norvegica
102457;Clubiona pallidula;165099;165231;Blasse Sackspinne;Blasse Sackspinne – Clubiona pallidula
102458;Clubiona phragmitis;165099;165232;Schilf-Sackspinne;Schilf-Sackspinne – Clubiona phragmitis
102459;Clubiona reclusa;165099;165233;Einsiedler-Sackspinne;Einsiedler-Sackspinne – Clubiona reclusa
102460;Clubiona stagnatilis;165099;165234;Sumpf-Sackspinne;Sumpf-Sackspinne – Clubiona stagnatilis
102461;Clubiona subsultans;165099;165235;;Clubiona subsultans
102462;Clubiona subtilis;165099;165236;;Clubiona subtilis
102463;Clubiona terrestris;165099;165237;Erd-Sackspinne;Erd-Sackspinne – Clubiona terrestris
102464;Clubiona trivialis;165099;165238;Gewöhnliche Sackspinne;Gewöhnliche Sackspinne – Clubiona trivialis
102465;Cnephalocotes obscurus;165099;165239;;Cnephalocotes obscurus
102466;Eurocoelotes inermis;165099;165241;;Eurocoelotes inermis
102467;Coelotes terrestris;165099;165242;Waldboden-Finsterspinne;Waldboden-Finsterspinne – Coelotes terrestris
102468;Collinsia distincta;165099;165243;;Collinsia distincta
102469;Collinsia inerrans;165099;165244;;Collinsia inerrans
102470;Bathyphantes similis;165099;165245;;Bathyphantes similis
102471;Coriarachne depressa;165099;165247;Wanzenspinne;Wanzenspinne – Coriarachne depressa
102472;Crustulina guttata;165099;165248;;Crustulina guttata
102473;Cryphoeca silvicola;165099;165249;;Cryphoeca silvicola
102474;Cyclosa conica;165099;165250;Konische Kreisspinne;Konische Kreisspinne – Cyclosa conica
102475;Cyclosa oculata;165099;165251;;Cyclosa oculata
102476;Dendryphantes rudis;165099;165253;;Dendryphantes rudis
102477;Diaea dorsata;165099;165254;Grüne Krabbenspinne;Grüne Krabbenspinne – Diaea dorsata
102478;Dicranocephalus medius;166104;165255;;Dicranocephalus medius
102479;Dictyna arundinacea;165099;165256;Gewöhnliche Kräuselspinne;Gewöhnliche Kräuselspinne – Dictyna arundinacea
102480;Dictyna latens;165099;165257;;Dictyna latens
102481;Dictyna pusilla;165099;165258;;Dictyna pusilla
102482;Dictyna uncinata;165099;165259;Heckenlauerspinne;Heckenlauerspinne – Dictyna uncinata
102483;Dicymbium nigrum;165099;165260;;Dicymbium nigrum
102484;Dicymbium nigrum brevisetosum;165099;165261;;Dicymbium nigrum brevisetosum
102485;Dicymbium tibiale;165099;165262;;Dicymbium tibiale
102486;Diplocephalus connatus;165099;165263;Triebhafter Doppelkopf;Triebhafter Doppelkopf – Diplocephalus connatus
102487;Walckenaeria cristatus;165099;165264;;Walckenaeria cristatus
102488;Diplocephalus dentatus;165099;165265;Gezähnter Doppelkopf;Gezähnter Doppelkopf – Diplocephalus dentatus
102489;Diplocephalus latifrons;165099;165266;Breitstirniger Doppelkopf;Breitstirniger Doppelkopf – Diplocephalus latifrons
102490;Diplocephalus lusiscus;165099;165267;;Diplocephalus lusiscus
102491;Diplocephalus permixtus;165099;165268;Verwechselter Doppelkopf;Verwechselter Doppelkopf – Diplocephalus permixtus
102492;Diplocephalus picinus;165099;165269;Wald-Doppelkopf;Wald-Doppelkopf – Diplocephalus picinus
102493;Diplocephalus protuberans;165099;165270;Vorstehender Doppelkopf;Vorstehender Doppelkopf – Diplocephalus protuberans
102494;Diplostyla concolor;165099;165271;;Diplostyla concolor
102495;Dipoena melanogaster;165099;165273;;Dipoena melanogaster
102496;Lasaeola prona;165099;165274;;Lasaeola prona
102497;Dismodicus bifrons;165099;165275;;Dismodicus bifrons
102498;Dismodicus elevatus;165099;165276;;Dismodicus elevatus
102499;Kochiura aulica;165099;165277;;Kochiura aulica
102500;Donacochara speciosa;165099;165280;;Donacochara speciosa
102501;Drapetisca socialis;165099;165281;;Drapetisca socialis
102502;Drassodes cupreus;165099;165282;Kupfernde Mausspinne;Kupfernde Mausspinne – Drassodes cupreus
102503;Drassodes heeri;165099;165283;;Drassodes heeri
102504;Drassodes hypocrita;165099;165284;;Drassodes hypocrita
102505;Drassodes lapidosus;165099;165285;Stein-Mausspinne;Stein-Mausspinne – Drassodes lapidosus
102506;Drassodes pubescens;165099;165286;;Drassodes pubescens
102507;Drassyllus lutetianus;165099;165288;;Drassyllus lutetianus
102508;Drassyllus praeficus;165099;165289;;Drassyllus praeficus
102509;Drassyllus pumilus;165099;165290;;Drassyllus pumilus
102510;Drassyllus pusillus;165099;165291;;Drassyllus pusillus
102511;Drassyllus villicus;165099;165292;;Drassyllus villicus
102512;Drepanotylus uncatus;165099;165293;;Drepanotylus uncatus
102513;Dysdera crocata;165099;165294;Safran-Sechsaugenspinne;Safran-Sechsaugenspinne – Dysdera crocata
102514;Dysdera erythrina;165099;165295;Rote Sechsaugenspinne;Rote Sechsaugenspinne – Dysdera erythrina
102515;Enoplognatha latimana;165099;165298;;Enoplognatha latimana
102516;Enoplognatha mordax;165099;165299;;Enoplognatha mordax
102517;Enoplognatha ovata;165099;165300;;Enoplognatha ovata
102519;Enoplognatha thoracica;165099;165302;;Enoplognatha thoracica
102520;Entelecara acuminata;165099;165303;;Entelecara acuminata
102521;Entelecara congenera;165099;165304;;Entelecara congenera
102522;Entelecara erythropus;165099;165305;;Entelecara erythropus
102523;Entelecara flavipes;165099;165306;;Entelecara flavipes
102524;Eperigone eschatologica;165099;165307;;Eperigone eschatologica
102525;Episinus angulatus;165099;165308;Seilspinne;Seilspinne – Episinus angulatus
102526;Araeoncus anguineus;165099;165310;;Araeoncus anguineus
102527;Eresus cinnaberinus;165099;165311;;Eresus cinnaberinus
102528;Erigone arctica maritima;165099;165312;;Erigone arctica maritima
102529;Erigone atra;165099;165313;Glücksspinne;Glücksspinne – Erigone atra
102530;Erigone dentipalpis;165099;165314;Gewöhnliche Glücksspinne;Gewöhnliche Glücksspinne – Erigone dentipalpis
102531;Erigone longipalpis;165099;165315;Langpalpen Zwergspinne;Langpalpen Zwergspinne – Erigone longipalpis
102532;Erigonella hiemalis;165099;165317;;Erigonella hiemalis
102533;Erigonella ignobilis;165099;165318;;Erigonella ignobilis
102534;Ero aphana;165099;165320;;Ero aphana
102535;Baryphyma duffeyi;165099;165321;;Baryphyma duffeyi
102536;Ero furcata;165099;165323;Gefurchter Spinnenfresser;Gefurchter Spinnenfresser – Ero furcata
102537;Ero tuberculata;165099;165324;Gehöckerter Spinnenfresser;Gehöckerter Spinnenfresser – Ero tuberculata
102538;Pseudeuophrys erratica;165099;165325;;Pseudeuophrys erratica
102539;Euophrys frontalis;165099;165326;;Euophrys frontalis
102540;Pseudeuophrys lanigera;165099;165328;;Pseudeuophrys lanigera
102541;Atypus muralis;165099;165329;;Atypus muralis
102542;Euryopis flavomaculata;165099;165330;;Euryopis flavomaculata
102543;Euryopis quinqueguttata;165099;165331;;Euryopis quinqueguttata
102544;Evarcha arcuata;165099;165332;;Evarcha arcuata
102545;Evarcha falcata;165099;165333;;Evarcha falcata
102546;Evarcha laetabunda;165099;165334;;Evarcha laetabunda
102547;Floronia bucculenta;165099;165335;;Floronia bucculenta
102548;Acantholycosa lignaria;165099;165336;;Acantholycosa lignaria
102549;Gibbaranea gibbosa;165099;165339;Buckel-Kreuzspinne;Buckel-Kreuzspinne – Gibbaranea gibbosa
102550;Gibbaranea omoeda;165099;165340;Wipfel-Kreuzspinne;Wipfel-Kreuzspinne – Gibbaranea omoeda
102551;Glyphesis cottonae;165099;165341;;Glyphesis cottonae
102552;Glyphesis servulus;165099;165342;;Glyphesis servulus
102553;Gnathonarium dentatum;165099;165348;;Gnathonarium dentatum
102554;Araneus circe;165099;165351;;Araneus circe
102555;Gonatium rubens;165099;165353;;Gonatium rubens
102556;Gongylidiellum latebricola;165099;165354;;Gongylidiellum latebricola
102557;Gongylidiellum murcidum;165099;165355;;Gongylidiellum murcidum
102558;Gongylidiellum vivum;165099;165356;;Gongylidiellum vivum
102559;Gongylidium rufipes;165099;165357;;Gongylidium rufipes
102560;Hahnia helveola;165099;165358;;Hahnia helveola
102561;Hahnia montana;165099;165359;Berg-Bodenspinne;Berg-Bodenspinne – Hahnia montana
102562;Hahnia nava;165099;165360;;Hahnia nava
102563;Hahnia ononidum;165099;165361;;Hahnia ononidum
102564;Hahnia pusilla;165099;165362;Behaarte Bodenspinne;Behaarte Bodenspinne – Hahnia pusilla
102565;Haplodrassus kulczynskii;165099;165363;;Haplodrassus kulczynskii
102566;Haplodrassus signifer;165099;165364;;Haplodrassus signifer
102567;Haplodrassus silvestris;165099;165365;Wald-Mausspinne;Wald-Mausspinne – Haplodrassus silvestris
102568;Haplodrassus soerenseni;165099;165366;;Haplodrassus soerenseni
102569;Haplodrassus umbratilis;165099;165367;;Haplodrassus umbratilis
102570;Harpactea hombergi;165099;165368;Hombergs Sechsaugenspinne;Hombergs Sechsaugenspinne – Harpactea hombergi
102571;Harpactea rubicunda;165099;165370;Rubinfarbene Sechsaugenspinne;Rubinfarbene Sechsaugenspinne – Harpactea rubicunda
102572;Hasarius adansoni;165099;165371;;Hasarius adansoni
102573;Heliophanus aeneus;165099;165372;;Heliophanus aeneus
102574;Heliophanus auratus;165099;165373;;Heliophanus auratus
102575;Heliophanus cupreus;165099;165374;;Heliophanus cupreus
102576;Heliophanus dampfi;165099;165375;;Heliophanus dampfi
102577;Heliophanus flavipes;165099;165376;;Heliophanus flavipes
102578;Helophora insignis;165099;165377;;Helophora insignis
102579;Hilaira excisa;165099;165378;;Hilaira excisa
102580;Histopona torpida;165099;165379;;Histopona torpida
102581;Holocnemus pluchei;165099;165380;;Holocnemus pluchei
102582;Hygrolycosa rubrofasciata;165099;165381;;Hygrolycosa rubrofasciata
102583;Hylyphantes graminicola;165099;165382;;Hylyphantes graminicola
102584;Hylyphantes nigritus;165099;165383;;Hylyphantes nigritus
102585;Hypomma bituberculatum;165099;165384;;Hypomma bituberculatum
102586;Hypomma cornutum;165099;165385;;Hypomma cornutum
102587;Hypomma fulvum;165099;165386;;Hypomma fulvum
102588;Hypselistes jacksoni;165099;165387;;Hypselistes jacksoni
102589;Hypsosinga albovittata;165099;165388;Weissfleckige Glanzkreuzspinne;Weissfleckige Glanzkreuzspinne – Hypsosinga albovittata
102590;Hypsosinga pygmaea;165099;165389;Zwerg-Glanzspinne;Zwerg-Glanzspinne – Hypsosinga pygmaea
102591;Hypsosinga sanguinea;165099;165390;Rote Glanzspinne;Rote Glanzspinne – Hypsosinga sanguinea
102592;Hyptiotes paradoxus;165099;165391;Dreiecksspinne;Dreiecksspinne – Hyptiotes paradoxus
102593;Icius subinermis;165099;165392;;Icius subinermis
102594;Ischyropsalis helwigi;165099;165393;;Ischyropsalis helwigi
102595;Ixodes rizinus;165099;165394;;Ixodes rizinus
102596;Ixodes spec.;165099;165395;;Ixodes spec.
102597;Jacksonella falconeri;165099;165396;;Jacksonella falconeri
102598;Alopecosa schmidti;165099;165397;;Alopecosa schmidti
102599;Kaestneria pullata;165099;165399;;Kaestneria pullata
102600;Labulla thoracica;165099;165400;;Labulla thoracica
102601;Lacinius horridus;165099;165401;;Lacinius horridus
102602;Larinioides cornutus;165099;165402;Schilf-Radnetzspinne;Schilf-Radnetzspinne – Larinioides cornutus
102603;Larinioides suspicax;165099;165403;;Larinioides suspicax
102604;Larinioides patagiatus;165099;165404;Hecken-Kreuzspinne;Hecken-Kreuzspinne – Larinioides patagiatus
102605;Araneus grossus;165099;165406;;Araneus grossus
102606;Lasaeola tristis;165099;165407;;Lasaeola tristis
102607;Lathys humilis;165099;165408;;Lathys humilis
102608;Lathys stigmatisata;165099;165409;;Lathys stigmatisata
102609;Tenuiphantes alacris;165099;165410;Lebhafte Zartweberin;Lebhafte Zartweberin – Tenuiphantes alacris
102610;Oryphantes angulatus;165099;165411;Eckige Zartweberin;Eckige Zartweberin – Oryphantes angulatus
102611;Anguliphantes angulipalpis;165099;165412;Winkelpalpen-Zartweberin;Winkelpalpen-Zartweberin – Anguliphantes angulipalpis
102612;Tenuiphantes cristatus;165099;165413;Kamm-Zartweberin;Kamm-Zartweberin – Tenuiphantes cristatus
102613;Palliduphantes ericaeus;165099;165415;Heide-Zartweberin;Heide-Zartweberin – Palliduphantes ericaeus
102614;Agnyphantes expunctus;165099;165416;Getilgte Zartweberin;Getilgte Zartweberin – Agnyphantes expunctus
102615;Tenuiphantes flavipes;165099;165417;Gelbbeinige Zartweberin;Gelbbeinige Zartweberin – Tenuiphantes flavipes
102616;Palliduphantes insignis;165099;165418;Auffällige Zartweberin;Auffällige Zartweberin – Palliduphantes insignis
102617;Lepthyphantes leprosus;165099;165419;Aussätzige Zartweberin;Aussätzige Zartweberin – Lepthyphantes leprosus
102618;Formiphantes lepthyphantiformis;165099;165420;Zartweberförmige Zartweberin;Zartweberförmige Zartweberin – Formiphantes lepthyphantiformis
102619;Tenuiphantes mengei;165099;165421;Menges Zartweberin;Menges Zartweberin – Tenuiphantes mengei
102620;Lepthyphantes minutus;165099;165422;Kleine Zartweberin;Kleine Zartweberin – Lepthyphantes minutus
102621;Agnyphantes monticola;165099;165423;;Agnyphantes monticola
102622;Acantholycosa pedestris;165099;165424;;Acantholycosa pedestris
102623;Obscuriphantes obscurus;165099;165425;Verborgene Zartweberin;Verborgene Zartweberin – Obscuriphantes obscurus
102624;Palliduphantes pallidus;165099;165426;Bleiche Zartweberin;Bleiche Zartweberin – Palliduphantes pallidus
102625;Tenuiphantes tenebricola;165099;165427;Dunkle Zartweberin;Dunkle Zartweberin – Tenuiphantes tenebricola
102626;Tenuiphantes tenuis;165099;165428;Gewöhnliche Zartweberin;Gewöhnliche Zartweberin – Tenuiphantes tenuis
102627;Tenuiphantes zimmermanni;165099;165429;Zimmermanns Zartweberin;Zimmermanns Zartweberin – Tenuiphantes zimmermanni
102628;Leptorhoptrum robustum;165099;165430;;Leptorhoptrum robustum
102629;Lessertia dentichelis;165099;165431;;Lessertia dentichelis
102630;Linyphia hortensis;165099;165432;Garten-Baldachinspinne;Garten-Baldachinspinne – Linyphia hortensis
102631;Linyphia tenuipalpis;165099;165433;Zartpalpige Baldachinspinne;Zartpalpige Baldachinspinne – Linyphia tenuipalpis
102632;Linyphia triangularis;165099;165434;Dreieckige Baldachinspinne;Dreieckige Baldachinspinne – Linyphia triangularis
102633;Lophomma punctatum;165099;165436;;Lophomma punctatum
102634;Macaroeris nidicolens;165099;165437;;Macaroeris nidicolens
102635;Macrargus carpenteri;165099;165438;;Macrargus carpenteri
102636;Macrargus rufus;165099;165439;;Macrargus rufus
102637;Mangora acalypha;165099;165440;Streifen-Radnetzspinne;Streifen-Radnetzspinne – Mangora acalypha
102638;Maro lepidus;165099;165441;;Maro lepidus
102639;Maro minutus;165099;165442;;Maro minutus
102640;Marpissa muscosa;165099;165443;;Marpissa muscosa
102641;Marpissa radiata;165099;165444;;Marpissa radiata
102642;Maso gallicus;165099;165445;;Maso gallicus
102643;Maso sundevalli;165099;165446;;Maso sundevalli
102644;Theridion ohlerti;165099;165449;;Theridion ohlerti
102645;Alopecosa mariae;165099;165450;;Alopecosa mariae
102646;Meioneta gulosa;165099;165452;;Meioneta gulosa
102647;Meioneta innotabilis;165099;165453;;Meioneta innotabilis
102648;Meioneta mollis;165099;165454;;Meioneta mollis
102649;Meioneta rurestris;165099;165455;;Meioneta rurestris
102650;Meioneta saxatilis;165099;165456;;Meioneta saxatilis
102651;Meioneta simplicitarsis;165099;165457;;Meioneta simplicitarsis
102652;Meta menardi;165099;165458;Höhlen-Kreuzspinne;Höhlen-Kreuzspinne – Meta menardi
102653;Meta segmentata;165099;165459;Herbstspinne;Herbstspinne – Meta segmentata
102654;Metellina mengei;165099;165460;Menges Herbstspinne;Menges Herbstspinne – Metellina mengei
102655;Metellina merianae;165099;165461;;Metellina merianae
102656;Metellina segmentata;165099;165462;Herbstspinne;Herbstspinne – Metellina segmentata
102657;Metopobactrus prominulus;165099;165463;;Metopobactrus prominulus
102658;Micaria fulgens;165099;165464;Glänzende Ameisenplattbauchspinne;Glänzende Ameisenplattbauchspinne – Micaria fulgens
102659;Micaria lenzi;165099;165466;Blasse Ameisenplattbauchspinne;Blasse Ameisenplattbauchspinne – Micaria lenzi
102660;Micaria pulicaria;165099;165468;Ameisenspinne;Ameisenspinne – Micaria pulicaria
102661;Micaria subopaca;165099;165470;Dunkle Ameisenplattbauchspinne;Dunkle Ameisenplattbauchspinne – Micaria subopaca
102662;Micrargus herbigradus;165099;165471;;Micrargus herbigradus
102663;Micrargus subaequalis;165099;165472;;Micrargus subaequalis
102664;Araneus nordmanni;165099;165473;;Araneus nordmanni
102665;Microlinyphia impigra;165099;165474;;Microlinyphia impigra
102666;Micrommata virescens;165099;165476;Grüne Huschspinne;Grüne Huschspinne – Micrommata virescens
102667;Microneta viaria;165099;165477;;Microneta viaria
102668;Minicia marginella;165099;165478;;Minicia marginella
102669;Minyriolus pusillus;165099;165479;;Minyriolus pusillus
102670;Mioxena blanda;165099;165480;;Mioxena blanda
102671;Misumena vatia;165099;165481;Veränderliche Krabbenspinne;Veränderliche Krabbenspinne – Misumena vatia
102672;Ebrechtella tricuspidata;165099;165482;;Ebrechtella tricuspidata
102673;Moebelia penicillata;165099;165483;;Moebelia penicillata
102674;Monocephalus fuscipes;165099;165485;Gelbbeiniger Einkopf;Gelbbeiniger Einkopf – Monocephalus fuscipes
102675;Myrmarachne formicaria;165099;165486;Ameisenspringspinne;Ameisenspringspinne – Myrmarachne formicaria
102676;Nematogmus sanguinolentus;165099;165487;;Nematogmus sanguinolentus
102677;Neobisium spec.;165099;165488;;Neobisium spec.
102678;Neon levis;165099;165489;;Neon levis
102679;Neon reticulatus;165099;165490;;Neon reticulatus
102680;Neoscona adianta;165099;165492;Heide-Radnetzspinne;Heide-Radnetzspinne – Neoscona adianta
102681;Neriene clathrata;165099;165494;;Neriene clathrata
102682;Neriene emphana;165099;165495;;Neriene emphana
102683;Neriene hammeni;165099;165497;Van der Hammens Baldachinspinne;Van der Hammens Baldachinspinne – Neriene hammeni
102684;Neriene montana;165099;165498;Berg-Baldachinspinne;Berg-Baldachinspinne – Neriene montana
102685;Neriene peltata;165099;165499;;Neriene peltata
102686;Neriene radiata;165099;165500;;Neriene radiata
102687;Nesticus cellulanus;165099;165501;Höhlenspinne;Höhlenspinne – Nesticus cellulanus
102688;Nesticus eremita;165099;165502;Einsiedler Höhlenspinne;Einsiedler Höhlenspinne – Nesticus eremita
102689;Nigma flavescens;165099;165503;Gelbe Kräuselspinne;Gelbe Kräuselspinne – Nigma flavescens
102690;Nigma puella;165099;165504;;Nigma puella
102691;Nigma walckenaeri;165099;165505;Fassadenbewohnende Kräuselspinne;Fassadenbewohnende Kräuselspinne – Nigma walckenaeri
102692;Notioscopus sarcinatus;165099;165506;;Notioscopus sarcinatus
102693;Nuctenea umbratica;165099;165507;Spalten-Kreuzspinne;Spalten-Kreuzspinne – Nuctenea umbratica
102694;Oedothorax agrestis;165099;165508;;Oedothorax agrestis
102695;Oedothorax apicatus;165099;165509;;Oedothorax apicatus
102696;Oedothorax fuscus;165099;165510;;Oedothorax fuscus
102697;Oedothorax gibbosus;165099;165511;;Oedothorax gibbosus
102698;Oedothorax retusus;165099;165512;;Oedothorax retusus
102699;Oonops domesticus;165099;165513;Haus-Zwergsechsaugenspinne;Haus-Zwergsechsaugenspinne – Oonops domesticus
102700;Opilio spec.;165099;165514;;Opilio spec.
102701;Ostearius melanopygius;165099;165515;;Ostearius melanopygius
102702;Oxyopes ramosus;165099;165516;Luchsspinne;Luchsspinne – Oxyopes ramosus
102703;Ozyptila atomaria;165099;165517;;Ozyptila atomaria
102704;Ozyptila brevipes;165099;165519;;Ozyptila brevipes
102705;Ozyptila claveata;165099;165520;;Ozyptila claveata
102706;Ozyptila praticola;165099;165521;;Ozyptila praticola
102707;Ozyptila pullata;165099;165522;;Ozyptila pullata
102708;Ozyptila rauda;165099;165523;;Ozyptila rauda
102709;Agroeca dentigera;165099;165525;;Agroeca dentigera
102710;Ozyptila simplex;165099;165527;;Ozyptila simplex
102711;Ozyptila trux;165099;165528;;Ozyptila trux
102712;Pachygnatha clercki;165099;165529;Clercks Dickkiefer-Spinne;Clercks Dickkiefer-Spinne – Pachygnatha clercki
102713;Pachygnatha degeeri;165099;165530;Boden-Streckerspinne;Boden-Streckerspinne – Pachygnatha degeeri
102714;Pachygnatha listeri;165099;165531;Listers Dickkiefer-Spinne;Listers Dickkiefer-Spinne – Pachygnatha listeri
102715;Paidiscura pallens;165099;165532;Blasse Kugelspinne;Blasse Kugelspinne – Paidiscura pallens
102716;Panamomops sulcifrons;165099;165534;;Panamomops sulcifrons
102717;Pardosa agrestis;165099;165536;Feld-Wolfspinne;Feld-Wolfspinne – Pardosa agrestis
102718;Pardosa agricola;165099;165537;Acker-Wolfspinne;Acker-Wolfspinne – Pardosa agricola
102719;Pardosa amentata;165099;165538;Wahnsinnige Wolfspinne;Wahnsinnige Wolfspinne – Pardosa amentata
102720;Pardosa hortensis;165099;165539;Garten-Wolfspinne;Garten-Wolfspinne – Pardosa hortensis
102721;Pardosa lugubris;165099;165540;;Pardosa lugubris
102722;Pardosa monticola;165099;165541;Berg-Wolfspinne;Berg-Wolfspinne – Pardosa monticola
102723;Pardosa nigriceps;165099;165543;Schwarzköpfige Wolfspinne;Schwarzköpfige Wolfspinne – Pardosa nigriceps
102724;Pardosa palustris;165099;165545;Sumpf-Wolfspinne;Sumpf-Wolfspinne – Pardosa palustris
102725;Pardosa prativaga;165099;165546;Wieseb-Wolfspinne;Wieseb-Wolfspinne – Pardosa prativaga
102726;Pardosa pullata;165099;165547;Schwarzgekleidete Wolfspinne;Schwarzgekleidete Wolfspinne – Pardosa pullata
102727;Pardosa spec.;165099;165548;;Pardosa spec.
102728;Pelecopsis mengei;165099;165549;;Pelecopsis mengei
102729;Araneus saevus;165099;165553;;Araneus saevus
102730;Araniella inconspicua;165099;165554;Unauffällige Kreuzspinne;Unauffällige Kreuzspinne – Araniella inconspicua
102731;Peponocranium ludicrum;165099;165555;;Peponocranium ludicrum
102732;Peponocranium orbiculatum;165099;165556;;Peponocranium orbiculatum
102733;Phaeocedus braccatus;165099;165557;;Phaeocedus braccatus
102734;Phalangium opilio;165099;165558;;Phalangium opilio
102735;Philodromus albidus;165099;165559;Weisse Laufspinne;Weisse Laufspinne – Philodromus albidus
102736;Philodromus aureolus;165099;165560;Goldfarbige Laufspinne;Goldfarbige Laufspinne – Philodromus aureolus
102737;Philodromus buxi;165099;165561;;Philodromus buxi
102738;Philodromus cespitum;165099;165562;;Philodromus cespitum
102739;Philodromus collinus;165099;165563;Hügel-Laufspinne;Hügel-Laufspinne – Philodromus collinus
102740;Philodromus dispar;165099;165564;;Philodromus dispar
102741;Philodromus emarginatus;165099;165565;;Philodromus emarginatus
102742;Philodromus fuscomarginatus;165099;165566;;Philodromus fuscomarginatus
102743;Philodromus histrio;165099;165567;;Philodromus histrio
102744;Philodromus longipalpis;165099;165568;;Philodromus longipalpis
102745;Philodromus praedatus;165099;165569;räuberische Laufspinne;räuberische Laufspinne – Philodromus praedatus
102746;Philodromus rufus;165099;165570;Rote Laufspinne;Rote Laufspinne – Philodromus rufus
102747;Phlegra fasciata;165099;165571;;Phlegra fasciata
102748;Pholcomma gibbum;165099;165572;;Pholcomma gibbum
102749;Pholcus opilionoides;165099;165573;;Pholcus opilionoides
102750;Pholcus phalangioides;165099;165574;Zitterspinne;Zitterspinne – Pholcus phalangioides
102751;Phrurolithus festivus;165099;165575;;Phrurolithus festivus
102752;Phrurolithus minimus;165099;165576;;Phrurolithus minimus
102753;Pirata hygrophilus;165099;165577;Feuchteliebender Wasserjäger;Feuchteliebender Wasserjäger – Pirata hygrophilus
102754;Pirata knorri;165099;165578;Gebirgsbach Wasserjäger;Gebirgsbach Wasserjäger – Pirata knorri
102755;Pirata latitans;165099;165579;;Pirata latitans
102756;Pirata piraticus;165099;165580;Piraten-Wasserjäger;Piraten-Wasserjäger – Pirata piraticus
102757;Pirata piscatorius;165099;165581;Fischener Wasserjäger;Fischener Wasserjäger – Pirata piscatorius
102758;Pirata tenuitarsis;165099;165582;Zartfüssiger Wasserjäger;Zartfüssiger Wasserjäger – Pirata tenuitarsis
102759;Pirata uliginosus;165099;165583;Moor-Wasserjäger;Moor-Wasserjäger – Pirata uliginosus
102760;Pisaura mirabilis;165099;165584;Listspinne;Listspinne – Pisaura mirabilis
102761;Pityohyphantes phrygianus;165099;165586;;Pityohyphantes phrygianus
102762;Pocadicnemis juncea;165099;165587;;Pocadicnemis juncea
102763;Pocadicnemis pumila;165099;165588;;Pocadicnemis pumila
102764;Poecilochroa variana;165099;165590;;Poecilochroa variana
102765;Poeciloneta variegata;165099;165591;;Poeciloneta variegata
102766;Porrhomma campbelli;165099;165592;Campbells Fernauge;Campbells Fernauge – Porrhomma campbelli
102767;Porrhomma convexum;165099;165593;Gewölbtes Fernauge;Gewölbtes Fernauge – Porrhomma convexum
102768;Porrhomma egeria;165099;165594;Nymphen-Fernauge;Nymphen-Fernauge – Porrhomma egeria
102769;Porrhomma errans;165099;165595;Verwechseltes Fernauge;Verwechseltes Fernauge – Porrhomma errans
102770;Alopecosa pinetorum;165099;165596;;Alopecosa pinetorum
102771;Porrhomma lativelum;165099;165597;Breitsegel-Fernauge;Breitsegel-Fernauge – Porrhomma lativelum
102772;Porrhomma microcavense;165099;165598;Kleinhöhlen-Fernauge;Kleinhöhlen-Fernauge – Porrhomma microcavense
102773;Araniella proxima;165099;165599;;Araniella proxima
102774;Porrhomma microps;165099;165601;Winziges Fernauge;Winziges Fernauge – Porrhomma microps
102775;Porrhomma oblitum;165099;165603;Vergessenes Fernauge;Vergessenes Fernauge – Porrhomma oblitum
102776;Porrhomma pallidum;165099;165604;Bleiches Fernauge;Bleiches Fernauge – Porrhomma pallidum
102777;Porrhomma pygmaeum;165099;165605;Zwerg-Fernauge;Zwerg-Fernauge – Porrhomma pygmaeum
102778;Porrhomma rosenhaueri;165099;165606;Rosenhauers Fernauge;Rosenhauers Fernauge – Porrhomma rosenhaueri
102779;Asthenargus helveticus;165099;165607;;Asthenargus helveticus
102780;Pseudocarorita thaleri;165099;165609;;Pseudocarorita thaleri
102781;Baryphyma maritimum;165099;165611;;Baryphyma maritimum
102782;Robertus arundineti;165099;165613;Schilf-Robert;Schilf-Robert – Robertus arundineti
102783;Robertus lividus;165099;165614;Bläulicher Robert;Bläulicher Robert – Robertus lividus
102784;Robertus neglectus;165099;165615;übersehener Robert;übersehener Robert – Robertus neglectus
102785;Robertus scoticus;165099;165616;Schottischer Robert;Schottischer Robert – Robertus scoticus
102786;Robertus truncorum;165099;165617;;Robertus truncorum
102787;Rugathodes instabilis;165099;165618;;Rugathodes instabilis
102788;Saaristoa abnormis;165099;165619;;Saaristoa abnormis
102789;Saaristoa firma;165099;165620;;Saaristoa firma
102790;Saloca diceros;165099;165621;;Saloca diceros
102791;Salticus cingulatus;165099;165622;;Salticus cingulatus
102792;Salticus scenicus;165099;165623;Harlekinspringspinne;Harlekinspringspinne – Salticus scenicus
102793;Salticus zebraneus;165099;165624;;Salticus zebraneus
102794;Savignia frontata;165099;165625;;Savignia frontata
102795;Scotina celans;165099;165626;;Scotina celans
102796;Scotina gracilipes;165099;165627;;Scotina gracilipes
102797;Scotophaeus blackwalli;165099;165629;;Scotophaeus blackwalli
102798;Scotophaeus quadripunctatus;165099;165630;;Scotophaeus quadripunctatus
102799;Scotophaeus scutulatus;165099;165631;;Scotophaeus scutulatus
102800;Scytodes thoracica;165099;165632;Speispinne;Speispinne – Scytodes thoracica
102801;Segestria bavarica;165099;165633;Bayerische Fischernetzspinne;Bayerische Fischernetzspinne – Segestria bavarica
102802;Segestria senoculata;165099;165634;Fischernetzspinne;Fischernetzspinne – Segestria senoculata
102803;Silometopus bonessi;165099;165635;;Silometopus bonessi
102804;Silometopus elegans;165099;165636;;Silometopus elegans
102805;Silometopus reussi;165099;165637;;Silometopus reussi
102806;Singa hamata;165099;165639;;Singa hamata
102807;Singa nitidula;165099;165640;;Singa nitidula
102808;Sintula corniger;165099;165641;;Sintula corniger
102809;Sitticus caricis;165099;165642;Seggen-Springerin;Seggen-Springerin – Sitticus caricis
102810;Sitticus floricola;165099;165644;Blumenbewohnende Springerin;Blumenbewohnende Springerin – Sitticus floricola
102811;Sitticus pubescens;165099;165645;Behaarte Springerin;Behaarte Springerin – Sitticus pubescens
102812;Sitticus saltator;165099;165647;Tanzende Springerin;Tanzende Springerin – Sitticus saltator
102813;Sitticus saxicola;165099;165648;;Sitticus saxicola
102814;Steatoda albomaculata;165099;165650;Weissfleckige Fettspinne;Weissfleckige Fettspinne – Steatoda albomaculata
102815;Steatoda bipunctata;165099;165651;Zweipunkt-Fettspinne;Zweipunkt-Fettspinne – Steatoda bipunctata
102816;Steatoda grossa;165099;165652;;Steatoda grossa
102817;Steatoda phalerata;165099;165653;;Steatoda phalerata
102818;Steatoda triangulosa;165099;165654;;Steatoda triangulosa
102819;Stemonyphantes lineatus;165099;165655;;Stemonyphantes lineatus
102820;Syedra myrmicarum;165099;165657;;Syedra myrmicarum
102821;Alopecosa solitaria;165099;165659;;Alopecosa solitaria
102822;Talavera aequipes;165099;165660;;Talavera aequipes
102823;Tallusia experta;165099;165662;;Tallusia experta
102824;Tapinocyba insecta;165099;165664;;Tapinocyba insecta
102825;Tapinocyba pallens;165099;165665;;Tapinocyba pallens
102826;Tapinocyba praecox;165099;165666;;Tapinocyba praecox
102827;Tapinocyboides pygmaeus;165099;165667;;Tapinocyboides pygmaeus
102828;Tapinopa longidens;165099;165668;;Tapinopa longidens
102829;Taranucnus setosus;165099;165669;;Taranucnus setosus
102830;Tegenaria agrestis;165099;165670;Acker-Winkelspinne;Acker-Winkelspinne – Tegenaria agrestis
102831;Tegenaria atrica;165099;165671;Gewöhnliche Winkelspinne;Gewöhnliche Winkelspinne – Tegenaria atrica
102832;Tegenaria campestris;165099;165672;;Tegenaria campestris
102833;Tegenaria domestica;165099;165673;Haus-Winkelspinne;Haus-Winkelspinne – Tegenaria domestica
102834;Tegenaria ferruginea;165099;165674;;Tegenaria ferruginea
102835;Tegenaria picta;165099;165676;;Tegenaria picta
102836;Tegenaria silvestris;165099;165677;;Tegenaria silvestris
102837;Tetragnatha dearmata;165099;165678;Unbewehrte Streckerspinne;Unbewehrte Streckerspinne – Tetragnatha dearmata
102838;Tetragnatha extensa;165099;165679;Lange Streckerspinne;Lange Streckerspinne – Tetragnatha extensa
102839;Tetragnatha montana;165099;165680;Berg-Streckerspinne;Berg-Streckerspinne – Tetragnatha montana
102840;Tetragnatha nigrita;165099;165681;Dunkle Streckerspinne;Dunkle Streckerspinne – Tetragnatha nigrita
102841;Tetragnatha obtusa;165099;165682;Anschauende Streckerspinne;Anschauende Streckerspinne – Tetragnatha obtusa
102842;Tetragnatha pinicola;165099;165683;Kiefernbewohnende Streckerspinne;Kiefernbewohnende Streckerspinne – Tetragnatha pinicola
102843;Tetragnatha spec.;165099;165684;;Tetragnatha spec.
102844;Tetragnatha striata;165099;165685;Gestreifte Streckerspinne;Gestreifte Streckerspinne – Tetragnatha striata
102845;Textrix denticulata;165099;165686;;Textrix denticulata
102846;Thanatus formicinus;165099;165687;;Thanatus formicinus
102847;Theonoe minutissima;165099;165689;;Theonoe minutissima
102848;Bolephthyphantes index;165099;165690;;Bolephthyphantes index
102849;Theridion blackwalli;165099;165691;;Theridion blackwalli
102850;Theridion familiare;165099;165692;;Theridion familiare
102851;Theridion hannoniae;165099;165693;;Theridion hannoniae
102852;Theridion impressum;165099;165694;;Theridion impressum
102853;Theridion melanurum;165099;165695;Schwarzschwänzige Kugelspinne;Schwarzschwänzige Kugelspinne – Theridion melanurum
102854;Theridion mystaceum;165099;165696;Geheimnisvolle Kugelspinne;Geheimnisvolle Kugelspinne – Theridion mystaceum
102855;Theridion nigrovariegatum;165099;165697;;Theridion nigrovariegatum
102856;Theridion pictum;165099;165698;Geschmückte Kugelspinne;Geschmückte Kugelspinne – Theridion pictum
102857;Theridion pinastri;165099;165699;Föhren-Kugelspinne;Föhren-Kugelspinne – Theridion pinastri
102858;Allomengea scopigera;165099;165700;;Allomengea scopigera
102859;Theridion sisyphium;165099;165701;;Theridion sisyphium
102860;Theridion spec.;165099;165702;;Theridion spec.
102861;Keijia tincta;165099;165703;;Keijia tincta
102862;Theridion varians;165099;165704;Scheckige Kugelspinne;Scheckige Kugelspinne – Theridion varians
102863;Theridiosoma gemmosum;165099;165705;Edelstein-Zwergradnetzspinne;Edelstein-Zwergradnetzspinne – Theridiosoma gemmosum
102864;Thyreosthenius biovatus;165099;165707;;Thyreosthenius biovatus
102865;Thyreosthenius parasiticus;165099;165708;;Thyreosthenius parasiticus
102866;Tibellus maritimus;165099;165709;;Tibellus maritimus
102867;Tibellus oblongus;165099;165710;;Tibellus oblongus
102868;Tiso vagans;165099;165712;;Tiso vagans
102869;Titanoeca quadriguttata;165099;165713;Vierfleckige Kalksteinspinne;Vierfleckige Kalksteinspinne – Titanoeca quadriguttata
102870;Tmarus piger;165099;165714;;Tmarus piger
102871;Tmeticus affinis;165099;165715;;Tmeticus affinis
102872;Trachyzelotes pedestris;165099;165716;;Trachyzelotes pedestris
102873;Trematocephalus cristatus;165099;165717;;Trematocephalus cristatus
102874;Trichoncus affinis;165099;165718;;Trichoncus affinis
102875;Trichopterna cito;165099;165720;;Trichopterna cito
102876;Trichopterna thorelli;165099;165721;;Trichopterna thorelli
102877;Trochosa robusta;165099;165722;;Trochosa robusta
102878;Trochosa ruricola;165099;165723;;Trochosa ruricola
102879;Trochosa spinipalpis;165099;165724;;Trochosa spinipalpis
102880;Trochosa terricola;165099;165725;;Trochosa terricola
102881;Trogulus nepaeformis;165099;165726;;Trogulus nepaeformis
102882;Trogulus spec.;165099;165727;;Trogulus spec.
102883;Troxochrus nasutus;165099;165728;;Troxochrus nasutus
102884;Troxochrus scabriculus;165099;165729;;Troxochrus scabriculus
102885;Typhochrestus digitatus;165099;165731;;Typhochrestus digitatus
102886;Uloborus plumipes;165099;165732;Flaumfederfüssige Kräuselradnetzspinne;Flaumfederfüssige Kräuselradnetzspinne – Uloborus plumipes
102887;Walckenaeria acuminata;165099;165734;;Walckenaeria acuminata
102888;Walckenaeria alticeps;165099;165735;;Walckenaeria alticeps
102889;Walckenaeria antica;165099;165736;;Walckenaeria antica
102890;Walckenaeria atrotibialis;165099;165737;;Walckenaeria atrotibialis
102891;Walckenaeria capito;165099;165738;;Walckenaeria capito
102892;Walckenaeria corniculans;165099;165739;;Walckenaeria corniculans
102893;Walckenaeria cucullata;165099;165740;;Walckenaeria cucullata
102894;Walckenaeria cuspidata;165099;165741;;Walckenaeria cuspidata
102895;Walckenaeria dysderoides;165099;165742;;Walckenaeria dysderoides
102896;Walckenaeria furcillata;165099;165743;;Walckenaeria furcillata
102897;Walckenaeria incisa;165099;165744;;Walckenaeria incisa
102898;Walckenaeria kochi;165099;165745;;Walckenaeria kochi
102899;Walckenaeria mitrata;165099;165746;;Walckenaeria mitrata
102900;Walckenaeria monoceros;165099;165747;;Walckenaeria monoceros
102901;Walckenaeria nodosa;165099;165748;;Walckenaeria nodosa
102902;Walckenaeria nudipalpis;165099;165749;;Walckenaeria nudipalpis
102903;Walckenaeria obtusa;165099;165750;;Walckenaeria obtusa
102904;Walckenaeria unicornis;165099;165751;;Walckenaeria unicornis
102905;Walckenaeria vigilax;165099;165752;;Walckenaeria vigilax
102906;Xerolycosa miniata;165099;165753;;Xerolycosa miniata
102907;Xerolycosa nemoralis;165099;165754;;Xerolycosa nemoralis
102908;Xysticus acerbus;165099;165755;;Xysticus acerbus
102909;Xysticus audax;165099;165756;;Xysticus audax
102910;Xysticus bifasciatus;165099;165757;;Xysticus bifasciatus
102911;Xysticus cristatus;165099;165758;;Xysticus cristatus
102912;Xysticus erraticus;165099;165759;;Xysticus erraticus
102913;Xysticus kochi;165099;165761;;Xysticus kochi
102914;Xysticus lanio;165099;165762;;Xysticus lanio
102915;Xysticus luctator;165099;165763;;Xysticus luctator
102916;Xysticus robustus;165099;165765;;Xysticus robustus
102917;Xysticus sabulosus;165099;165766;;Xysticus sabulosus
102918;Xysticus ulmi;165099;165767;;Xysticus ulmi
102919;Zelotes aeneus;165099;165768;Bronzener Eiferer;Bronzener Eiferer – Zelotes aeneus
102920;Zelotes apricorum;165099;165769;;Zelotes apricorum
102921;Zelotes clivicola;165099;165770;Hügelbewohnender Eiferer;Hügelbewohnender Eiferer – Zelotes clivicola
102922;Zelotes electus;165099;165771;Auserwählter Eiferer;Auserwählter Eiferer – Zelotes electus
102923;Zelotes erebeus;165099;165772;Chaotischer Eiferer;Chaotischer Eiferer – Zelotes erebeus
102924;Zelotes latreillei;165099;165773;Latreilles Eiferer;Latreilles Eiferer – Zelotes latreillei
102925;Zelotes longipes;165099;165774;Langbeiniger Eiferer;Langbeiniger Eiferer – Zelotes longipes
102926;Zelotes petrensis;165099;165775;;Zelotes petrensis
102927;Zelotes subterraneus;165099;165776;Unterirdischer Eiferer;Unterirdischer Eiferer – Zelotes subterraneus
102928;Asthenargus perforatus;165099;165778;;Asthenargus perforatus
102929;Zodarion germanicum;165099;165779;;Zodarion germanicum
102930;Zodarion italicum;165099;165780;Italienischer Ameisenjäger;Italienischer Ameisenjäger – Zodarion italicum
102931;Zodarion rubidum;165099;165781;Dunkelroter Ameisenjäger;Dunkelroter Ameisenjäger – Zodarion rubidum
102932;Zora nemoralis;165099;165782;Hain-Wanderspinne;Hain-Wanderspinne – Zora nemoralis
102933;Zora silvestris;165099;165783;Wald-Wanderspinne;Wald-Wanderspinne – Zora silvestris
102934;Zora spinimana;165099;165784;Stachelhand-Wanderspinne;Stachelhand-Wanderspinne – Zora spinimana
102935;Zygiella atrica;165099;165785;;Zygiella atrica
102936;Zygiella x-notata;165099;165786;Haus-Sektorspinne;Haus-Sektorspinne – Zygiella x-notata
102937;Voegel;204339;245517;Vögel;Vögel – Voegel
102937;Voegel;nan;165844;Vögel;Vögel – Voegel
102938;Emberiza citrinella;165844;165907;Goldammer;Goldammer – Emberiza citrinella
102939;Miliaria calandra;165844;165909;Grauammer;Grauammer – Miliaria calandra
102940;Emberiza hortulana;165844;165975;Ortolan;Ortolan – Emberiza hortulana
102941;Emberiza schoeniclus;165844;165992;Rohrammer;Rohrammer – Emberiza schoeniclus
102942;Calcarius nivalis;165844;166017;Schneeammer;Schneeammer – Calcarius nivalis
102943;Emberiza cirlus;165844;166089;Zaunammer;Zaunammer – Emberiza cirlus
102944;Emberiza cia;165844;166093;Zippammer;Zippammer – Emberiza cia
102945;Haematopus ostralegus;165844;165849;Austernfischer;Austernfischer – Haematopus ostralegus
102946;Certhia brachydactyla;165844;165900;Gartenbaumläufer;Gartenbaumläufer – Certhia brachydactyla
102947;Certhia familiaris;165844;166072;Waldbaumläufer;Waldbaumläufer – Certhia familiaris
102948;Remiz pendulinus;165844;165859;Beutelmeise;Beutelmeise – Remiz pendulinus
102949;Merops apiaster;165844;165860;Bienenfresser;Bienenfresser – Merops apiaster
102950;Prunella modularis;165844;165928;Heckenbraunelle;Heckenbraunelle – Prunella modularis
102951;Alcedo atthis;165844;165886;Eisvogel;Eisvogel – Alcedo atthis
102952;Aythya marila;165844;165855;Bergente;Bergente – Aythya marila
102953;Aix sponsa;165844;165872;Brautente;Brautente – Aix sponsa
102954;Somateria mollissima;165844;165884;Eiderente;Eiderente – Somateria mollissima
102955;Clangula hyemalis;165844;165885;Eisente;Eisente – Clangula hyemalis
102956;Spatula querquedula;165844;165943;Knäkente;Knäkente – Spatula querquedula
102957;Netta rufina;165844;165946;Kolbenente;Kolbenente – Netta rufina
102958;Anas crecca;165844;165951;Krickente;Krickente – Anas crecca
102959;Spatula clypeata;165844;165955;Löffelente;Löffelente – Spatula clypeata
102960;Aix galericulata;165844;165957;Mandarinente;Mandarinente – Aix galericulata
102961;Aythya nyroca;165844;165966;Moorente;Moorente – Aythya nyroca
102962;Anas penelope;165844;165976;Pfeifente;Pfeifente – Anas penelope
102963;Aythya fuligula;165844;165988;Reiherente;Reiherente – Aythya fuligula
102964;Melanitta fusca;165844;166008;Samtente;Samtente – Melanitta fusca
102965;Bucephala clangula;165844;166012;Schellente;Schellente – Bucephala clangula
102966;Anas strepera;165844;166016;Schnatterente;Schnatterente – Anas strepera
102967;Anas acuta;165844;166036;Spiessente;Spiessente – Anas acuta
102968;Anas platyrhynchos;165844;166044;Stockente;Stockente – Anas platyrhynchos
102968;Anas platyrhynchos;187285;187445;Stockente;Stockente – Anas platyrhynchos
102969;Aythya ferina;165844;166051;Tafelente;Tafelente – Aythya ferina
102970;Melanitta nigra;165844;166057;Trauerente;Trauerente – Melanitta nigra
102971;Aegolius funereus;165844;165985;Raufußkauz;Raufußkauz – Aegolius funereus
102972;Tyto alba;165844;166015;Schleiereule;Schleiereule – Tyto alba
102973;Glaucidium passerinum;165844;166035;Sperlingskauz;Sperlingskauz – Glaucidium passerinum
102974;Athene noctua;165844;166038;Steinkauz;Steinkauz – Athene noctua
102975;Asio flammeus;165844;166049;Sumpfohreule;Sumpfohreule – Asio flammeus
102976;Bubo bubo;165844;166068;Uhu;Uhu – Bubo bubo
102977;Strix aluco;165844;166073;Waldkauz;Waldkauz – Strix aluco
102978;Asio otus;165844;166075;Waldohreule;Waldohreule – Asio otus
102979;Falco subbuteo;165844;165852;Baumfalke;Baumfalke – Falco subbuteo
102979;Falco subbuteo;187285;187426;Baumfalke;Baumfalke – Falco subbuteo
102980;Falco columbarius;165844;165961;Merlin;Merlin – Falco columbarius
102981;Falco tinnunculus;165844;166064;Turmfalke;Turmfalke – Falco tinnunculus
102981;Falco tinnunculus;187285;187447;Turmfalke;Turmfalke – Falco tinnunculus
102982;Falco peregrinus;165844;166078;Wanderfalke;Wanderfalke – Falco peregrinus
102982;Falco peregrinus;187285;187449;Wanderfalke;Wanderfalke – Falco peregrinus
102983;Fringilla montifringilla;165844;165856;Bergfink;Bergfink – Fringilla montifringilla
102984;Carduelis flavirostris;165844;165857;Berghänfling;Berghänfling – Carduelis flavirostris
102985;Acanthis cabaret;165844;165861;Alpenbirkenzeisig;Alpenbirkenzeisig – Acanthis cabaret
102986;Fringilla coelebs;165844;165874;Buchfink;Buchfink – Fringilla coelebs
102987;Spinus spinus;165844;165888;Erlenzeisig;Erlenzeisig – Spinus spinus
102988;Loxia curvirostra;165844;165893;Fichtenkreuzschnabel;Fichtenkreuzschnabel – Loxia curvirostra
102989;Pyrrhula pyrrhula;165844;165905;Gimpel;Gimpel – Pyrrhula pyrrhula
102990;Serinus serinus;165844;165906;Girlitz;Girlitz – Serinus serinus
102991;Carduelis chloris;165844;165916;Grünfink;Grünfink – Carduelis chloris
102993;Pinicola enucleator;165844;165920;Hakengimpel;Hakengimpel – Pinicola enucleator
102994;Carpodacus erythrinus;165844;165935;Karmingimpel;Karmingimpel – Carpodacus erythrinus
102995;Coccothraustes coccothraustes;165844;165936;Kernbeisser;Kernbeisser – Coccothraustes coccothraustes
102996;Carduelis carduelis;165844;166043;Stieglitz;Stieglitz – Carduelis carduelis
102997;Phoenicopterus roseus;165844;165996;Rosaflamingo;Rosaflamingo – Phoenicopterus roseus
102998;Anser albifrons;165844;165863;Blässgans;Blässgans – Anser albifrons
102999;Tadorna tadorna;165844;165870;Brandgans;Brandgans – Tadorna tadorna
103000;Anser anser;165844;165910;Graugans;Graugans – Anser anser
103000;Anser anser;187285;187428;Graugans;Graugans – Anser anser
103001;Branta canadensis;165844;165934;Kanadagans;Kanadagans – Branta canadensis
103001;Branta canadensis;187285;187433;Kanadagans;Kanadagans – Branta canadensis
103002;Anser brachyrhynchus;165844;165953;Kurzschnabelgans;Kurzschnabelgans – Anser brachyrhynchus
103003;Alopochen aegyptiacus;165844;165970;Nilgans;Nilgans – Alopochen aegyptiacus
103003;Alopochen aegyptiacus;187285;187439;Nilgans;Nilgans – Alopochen aegyptiacus
103004;Branta leucopsis;165844;165971;Weisswangengans;Weisswangengans – Branta leucopsis
103005;Branta bernicla;165844;165990;Ringelgans;Ringelgans – Branta bernicla
103006;Anser fabalis;165844;166005;Tundrasaatgans;Tundrasaatgans – Anser fabalis
103007;Pandion haliaetus;165844;165894;Fischadler;Fischadler – Pandion haliaetus
103008;Accipiter gentilis;165844;165919;Habicht;Habicht – Accipiter gentilis
103008;Accipiter gentilis;187285;187430;Habicht;Habicht – Accipiter gentilis
103009;Circus cyaneus;165844;165949;Kornweihe;Kornweihe – Circus cyaneus
103009;Circus cyaneus;187285;187435;Kornweihe;Kornweihe – Circus cyaneus
103010;Buteo buteo;165844;165956;Mäusebussard;Mäusebussard – Buteo buteo
103010;Buteo buteo;187285;187437;Mäusebussard;Mäusebussard – Buteo buteo
103011;Buteo lagopus;165844;165984;Raufußbussard;Raufußbussard – Buteo lagopus
103012;Circus aeruginosus;165844;165995;Rohrweihe;Rohrweihe – Circus aeruginosus
103012;Circus aeruginosus;187285;187440;Rohrweihe;Rohrweihe – Circus aeruginosus
103013;Milvus milvus;165844;166003;Rotmilan;Rotmilan – Milvus milvus
103013;Milvus milvus;187285;187441;Rotmilan;Rotmilan – Milvus milvus
103014;Circaetus gallicus;165844;166014;Schlangenadler;Schlangenadler – Circaetus gallicus
103015;Milvus migrans;165844;166023;Schwarzmilan;Schwarzmilan – Milvus migrans
103015;Milvus migrans;187285;187442;Schwarzmilan;Schwarzmilan – Milvus migrans
103016;Haliaeetus albicilla;165844;166027;Seeadler;Seeadler – Haliaeetus albicilla
103017;Accipiter nisus;165844;166034;Sperber;Sperber – Accipiter nisus
103017;Accipiter nisus;187285;187444;Sperber;Sperber – Accipiter nisus
103018;Pernis apivorus;165844;166084;Wespenbussard;Wespenbussard – Pernis apivorus
103019;Circus pygargus;165844;166087;Wiesenweihe;Wiesenweihe – Circus pygargus
103019;Circus pygargus;187285;187450;Wiesenweihe;Wiesenweihe – Circus pygargus
103020;Tetrao urogallus;165844;165848;Auerhuhn;Auerhuhn – Tetrao urogallus
103020;Tetrao urogallus;187285;187420;Auerhuhn;Auerhuhn – Tetrao urogallus
103021;Lyrurus tetrix;165844;165862;Birkhuhn;Birkhuhn – Lyrurus tetrix
103021;Lyrurus tetrix;187285;187421;Birkhuhn;Birkhuhn – Lyrurus tetrix
103022;Phasianus colchicus;165844;165889;Jagdfasan;Jagdfasan – Phasianus colchicus
103022;Phasianus colchicus;187285;187419;Jagdfasan;Jagdfasan – Phasianus colchicus
103023;Tetrastes bonasia;165844;165922;Haselhuhn;Haselhuhn – Tetrastes bonasia
103023;Tetrastes bonasia;187285;187422;Haselhuhn;Haselhuhn – Tetrastes bonasia
103024;Perdix perdix;165844;165986;Rebhuhn;Rebhuhn – Perdix perdix
103024;Perdix perdix;187285;187404;Rebhuhn;Rebhuhn – Perdix perdix
103025;Alectoris rufa;165844;166000;Rothuhn;Rothuhn – Alectoris rufa
103026;Coturnix coturnix;165844;166070;Wachtel;Wachtel – Coturnix coturnix
103027;Phalacrocorax carbo;165844;165948;Kormoran;Kormoran – Phalacrocorax carbo
103028;Grus grus;165844;165950;Kranich;Kranich – Grus grus
103029;Cuculus canorus;165844;165952;Kuckuck;Kuckuck – Cuculus canorus
103030;Podiceps cristatus;165844;165925;Haubentaucher;Haubentaucher – Podiceps cristatus
103030;Podiceps cristatus;187285;187431;Haubentaucher;Haubentaucher – Podiceps cristatus
103031;Podiceps auritus;165844;165973;Ohrentaucher;Ohrentaucher – Podiceps auritus
103032;Podiceps grisegena;165844;165999;Rothalstaucher;Rothalstaucher – Podiceps grisegena
103033;Podiceps nigricollis;165844;166020;Schwarzhalstaucher;Schwarzhalstaucher – Podiceps nigricollis
103034;Tachybaptus ruficollis;165844;166103;Zwergtaucher;Zwergtaucher – Tachybaptus ruficollis
103035;Alauda arvensis;165844;165890;Feldlerche;Feldlerche – Alauda arvensis
103036;Galerida cristata;165844;165923;Haubenlerche;Haubenlerche – Galerida cristata
103037;Lullula arborea;165844;165929;Heidelerche;Heidelerche – Lullula arborea
103038;Eremophila alpestris;165844;165972;Ohrenlerche;Ohrenlerche – Eremophila alpestris
103039;Parus caeruleus;165844;165866;Blaumeise;Blaumeise – Parus caeruleus
103040;Lophophanes cristatus;165844;165924;Haubenmeise;Haubenmeise – Lophophanes cristatus
103041;Parus major;165844;165945;Kohlmeise;Kohlmeise – Parus major
103042;Poecile palustris;165844;166048;Sumpfmeise;Sumpfmeise – Poecile palustris
103043;Periparus ater;165844;166053;Tannenmeise;Tannenmeise – Periparus ater
103044;Poecile montanus;165844;166081;Weidenmeise;Weidenmeise – Poecile montanus
103045;Rissa tridactyla;165844;165880;Dreizehenmöwe;Dreizehenmöwe – Rissa tridactyla
103046;Larus fuscus;165844;165930;Heringsmöwe;Heringsmöwe – Larus fuscus
103047;Chroicocephalus ridibundus;165844;165954;Lachmöwe;Lachmöwe – Chroicocephalus ridibundus
103047;Chroicocephalus ridibundus;187285;187436;Lachmöwe;Lachmöwe – Chroicocephalus ridibundus
103048;Larus marinus;165844;165958;Mantelmöwe;Mantelmöwe – Larus marinus
103049;Ichthyaetus melanocephalus;165844;166022;Schwarzkopfmöwe;Schwarzkopfmöwe – Ichthyaetus melanocephalus
103050;Larus argentatus;165844;166030;Silbermöwe;Silbermöwe – Larus argentatus
103050;Larus argentatus;187285;187443;Silbermöwe;Silbermöwe – Larus argentatus
103051;Larus canus;165844;166047;Sturmmöwe;Sturmmöwe – Larus canus
103052;Hydrocoloeus minutus;165844;166095;Zwergmöwe;Zwergmöwe – Hydrocoloeus minutus
103053;Psittacula krameri;165844;165921;Halsbandsittich;Halsbandsittich – Psittacula krameri
103054;Oriolus oriolus;165844;165978;Pirol;Pirol – Oriolus oriolus
103055;Coloeus monedula;165844;165877;Dohle;Dohle – Coloeus monedula
103056;Garrulus glandarius;165844;165883;Eichelhäher;Eichelhäher – Garrulus glandarius
103056;Garrulus glandarius;187286;187453;Eichelhäher;Eichelhäher – Garrulus glandarius
103057;Pica pica;165844;165887;Elster;Elster – Pica pica
103057;Pica pica;187286;187454;Elster;Elster – Pica pica
103058;Corvus corax;165844;165947;Kolkrabe;Kolkrabe – Corvus corax
103058;Corvus corax;187285;187434;Kolkrabe;Kolkrabe – Corvus corax
103059;Corvus corone cornix;165844;165968;Nebelkrähe;Nebelkrähe – Corvus corone cornix
103060;Corvus corone corone;165844;165981;Rabenkrähe;Rabenkrähe – Corvus corone corone
103060;Corvus corone corone;187286;187405;Rabenkrähe;Rabenkrähe – Corvus corone corone
103061;Corvus frugilegus;165844;166006;Saatkrähe;Saatkrähe – Corvus frugilegus
103062;Nucifraga caryocatactes;165844;166052;Tannenhäher;Tannenhäher – Nucifraga caryocatactes
103063;Coracias garrulus;165844;165867;Blauracke;Blauracke – Coracias garrulus
103064;Fulica atra;165844;165864;Blässhuhn;Blässhuhn – Fulica atra
103064;Fulica atra;187285;187425;Blässhuhn;Blässhuhn – Fulica atra
103065;Zapornia parva;165844;165941;Kleines Sumpfhuhn;Kleines Sumpfhuhn – Zapornia parva
103066;Gallinula chloropus;165844;166054;Teichhuhn;Teichhuhn – Gallinula chloropus
103067;Porzana porzana;165844;166062;Tüpfelsumpfhuhn;Tüpfelsumpfhuhn – Porzana porzana
103068;Crex crex;165844;166071;Wachtelkönig;Wachtelkönig – Crex crex
103069;Rallus aquaticus;165844;166080;Wasserralle;Wasserralle – Rallus aquaticus
103070;Porzana pusilla;165844;166102;Zwergsumpfhuhn;Zwergsumpfhuhn – Porzana pusilla
103071;Charadrius dubius;165844;165896;Flussregenpfeifer;Flussregenpfeifer – Charadrius dubius
103072;Pluvialis apricaria;165844;165908;Goldregenpfeifer;Goldregenpfeifer – Pluvialis apricaria
103073;Vanellus vanellus;165844;165937;Kiebitz;Kiebitz – Vanellus vanellus
103074;Pluvialis squatarola;165844;165938;Kiebitzregenpfeifer;Kiebitzregenpfeifer – Pluvialis squatarola
103075;Charadrius hiaticula;165844;166010;Sandregenpfeifer;Sandregenpfeifer – Charadrius hiaticula
103076;Ardea cinerea;165844;165911;Graureiher;Graureiher – Ardea cinerea
103076;Ardea cinerea;187285;187429;Graureiher;Graureiher – Ardea cinerea
103077;Ardea purpurea;165844;165980;Purpurreiher;Purpurreiher – Ardea purpurea
103078;Botaurus stellaris;165844;165993;Rohrdommel;Rohrdommel – Botaurus stellaris
103079;Ixobrychus minutus;165844;166094;Zwergdommel;Zwergdommel – Ixobrychus minutus
103080;Mergus merganser;165844;165899;Gänsesäger;Gänsesäger – Mergus merganser
103080;Mergus merganser;187285;187427;Gänsesäger;Gänsesäger – Mergus merganser
103081;Mergus serrator;165844;165963;Mittelsäger;Mittelsäger – Mergus serrator
103081;Mergus serrator;187285;187438;Mittelsäger;Mittelsäger – Mergus serrator
103082;Mergellus albellus;165844;166096;Zwergsäger;Zwergsäger – Mergellus albellus
103082;Mergellus albellus;187285;187451;Zwergsäger;Zwergsäger – Mergellus albellus
103083;Turdus merula;165844;165847;Amsel;Amsel – Turdus merula
103084;Panurus biarmicus;165844;165851;Bartmeise;Bartmeise – Panurus biarmicus
103085;Luscinia svecica;165844;165865;Blaukehlchen;Blaukehlchen – Luscinia svecica
103086;Saxicola rubetra;165844;165871;Braunkehlchen;Braunkehlchen – Saxicola rubetra
103087;Curruca communis;165844;165879;Dorngrasmücke;Dorngrasmücke – Curruca communis
103088;Acrocephalus arundinaceus;165844;165881;Drosselrohrsänger;Drosselrohrsänger – Acrocephalus arundinaceus
103089;Locustella naevia;165844;165891;Feldschwirl;Feldschwirl – Locustella naevia
103090;Phylloscopus trochilus;165844;165895;Fitis;Fitis – Phylloscopus trochilus
103091;Sylvia borin;165844;165901;Gartengrasmücke;Gartengrasmücke – Sylvia borin
103092;Phoenicurus phoenicurus;165844;165902;Gartenrotschwanz;Gartenrotschwanz – Phoenicurus phoenicurus
103093;Hippolais icterina;165844;165904;Gelbspötter;Gelbspötter – Hippolais icterina
103094;Muscicapa striata;165844;165912;Grauschnäpper;Grauschnäpper – Muscicapa striata
103095;Phoenicurus ochruros;165844;165926;Hausrotschwanz;Hausrotschwanz – Phoenicurus ochruros
103096;Curruca curruca;165844;165939;Klappergrasmücke;Klappergrasmücke – Curruca curruca
103097;Turdus viscivorus;165844;165962;Misteldrossel;Misteldrossel – Turdus viscivorus
103098;Sylvia atricapilla;165844;165965;Mönchsgrasmücke;Mönchsgrasmücke – Sylvia atricapilla
103099;Luscinia megarhynchos;165844;165967;Nachtigall;Nachtigall – Luscinia megarhynchos
103100;Hippolais polyglotta;165844;165974;Orpheusspötter;Orpheusspötter – Hippolais polyglotta
103101;Turdus torquatus;165844;165989;Ringdrossel;Ringdrossel – Turdus torquatus
103102;Locustella luscinioides;165844;165994;Rohrschwirl;Rohrschwirl – Locustella luscinioides
103103;Turdus iliacus;165844;165998;Rotdrossel;Rotdrossel – Turdus iliacus
103104;Erithacus rubecula;165844;166001;Rotkehlchen;Rotkehlchen – Erithacus rubecula
103105;Acrocephalus schoenobaenus;165844;166013;Schilfrohrsänger;Schilfrohrsänger – Acrocephalus schoenobaenus
103106;Saxicola rubicola;165844;166021;Schwarzkehlchen;Schwarzkehlchen – Saxicola rubicola
103107;Acrocephalus paludicola;165844;166028;Seggenrohrsänger;Seggenrohrsänger – Acrocephalus paludicola
103108;Turdus philomelos;165844;166031;Singdrossel;Singdrossel – Turdus philomelos
103109;Regulus ignicapilla;165844;166033;Sommergoldhähnchen;Sommergoldhähnchen – Regulus ignicapilla
103110;Oenanthe oenanthe;165844;166039;Steinschmätzer;Steinschmätzer – Oenanthe oenanthe
103111;Acrocephalus palustris;165844;166050;Sumpfrohrsänger;Sumpfrohrsänger – Acrocephalus palustris
103112;Acrocephalus scirpaceus;165844;166055;Teichrohrsänger;Teichrohrsänger – Acrocephalus scirpaceus
103113;Ficedula hypoleuca;165844;166058;Trauerschnäpper;Trauerschnäpper – Ficedula hypoleuca
103114;Turdus pilaris;165844;166069;Wacholderdrossel;Wacholderdrossel – Turdus pilaris
103115;Phylloscopus sibilatrix;165844;166074;Waldlaubsänger;Waldlaubsänger – Phylloscopus sibilatrix
103116;Regulus regulus;165844;166088;Wintergoldhähnchen;Wintergoldhähnchen – Regulus regulus
103117;Phylloscopus collybita;165844;166092;Zilpzalp;Zilpzalp – Phylloscopus collybita
103118;Ficedula parva;165844;166097;Zwergschnäpper;Zwergschnäpper – Ficedula parva
103119;Calidris alpina;165844;165846;Alpenstrandläufer;Alpenstrandläufer – Calidris alpina
103120;Gallinago gallinago;165844;165854;Bekassine;Bekassine – Gallinago gallinago
103121;Tringa glareola;165844;165873;Bruchwasserläufer;Bruchwasserläufer – Tringa glareola
103122;Gallinago media;165844;165878;Doppelschnepfe;Doppelschnepfe – Gallinago media
103123;Tringa erythropus;165844;165882;Dunkelwasserläufer;Dunkelwasserläufer – Tringa erythropus
103124;Actitis hypoleucos;165844;165898;Flussuferläufer;Flussuferläufer – Actitis hypoleucos
103125;Numenius arquata;165844;165915;Brachvogel;Brachvogel – Numenius arquata
103126;Tringa nebularia;165844;165917;Grünschenkel;Grünschenkel – Tringa nebularia
103127;Calidris pugnax;165844;165933;Kampfläufer;Kampfläufer – Calidris pugnax
103128;Calidris canutus;165844;165944;Knutt;Knutt – Calidris canutus
103129;Limosa lapponica;165844;165977;Pfuhlschnepfe;Pfuhlschnepfe – Limosa lapponica
103130;Numenius phaeopus;165844;165987;Regenbrachvogel;Regenbrachvogel – Numenius phaeopus
103131;Tringa totanus;165844;166004;Rotschenkel;Rotschenkel – Tringa totanus
103132;Calidris alba;165844;166009;Sanderling;Sanderling – Calidris alba
103133;Calidris ferruginea;165844;166029;Sichelstrandläufer;Sichelstrandläufer – Calidris ferruginea
103134;Arenaria interpres;165844;166040;Steinwälzer;Steinwälzer – Arenaria interpres
103135;Calidris temminckii;165844;166056;Temminckstrandläufer;Temminckstrandläufer – Calidris temminckii
103136;Limosa limosa;165844;166066;Uferschnepfe;Uferschnepfe – Limosa limosa
103137;Scolopax rusticola;165844;166076;Waldschnepfe;Waldschnepfe – Scolopax rusticola
103137;Scolopax rusticola;187285;187448;Waldschnepfe;Waldschnepfe – Scolopax rusticola
103138;Tringa ochropus;165844;166077;Waldwasserläufer;Waldwasserläufer – Tringa ochropus
103139;Lymnocryptes minimus;165844;166098;Zwergschnepfe;Zwergschnepfe – Lymnocryptes minimus
103140;Calidris minuta;165844;166101;Zwergstrandläufer;Zwergstrandläufer – Calidris minuta
103141;Cygnus olor;165844;165931;Höckerschwan;Höckerschwan – Cygnus olor
103141;Cygnus olor;187285;187432;Höckerschwan;Höckerschwan – Cygnus olor
103142;Cygnus melanocoryphus;165844;166019;Schwarzhalsschwan;Schwarzhalsschwan – Cygnus melanocoryphus
103143;Cygnus cygnus;165844;166032;Singschwan;Singschwan – Cygnus cygnus
103144;Cygnus atratus;165844;166059;Schwarzschwan;Schwarzschwan – Cygnus atratus
103145;Cygnus bewickii;165844;166099;Zwergschwan;Zwergschwan – Cygnus bewickii
103146;Delichon urbicum;165844;165960;Mehlschwalbe;Mehlschwalbe – Delichon urbicum
103147;Hirundo rustica;165844;165983;Rauchschwalbe;Rauchschwalbe – Hirundo rustica
103148;Riparia riparia;165844;166067;Uferschwalbe;Uferschwalbe – Riparia riparia
103149;Aegithalos caudatus;165844;166018;Schwanzmeise;Schwanzmeise – Aegithalos caudatus
103150;Sterna hirundo;165844;165897;Flussseeschwalbe;Flussseeschwalbe – Sterna hirundo
103151;Chlidonias niger;165844;166060;Trauerseeschwalbe;Trauerseeschwalbe – Chlidonias niger
103152;Sternula albifrons;165844;166100;Zwergseeschwalbe;Zwergseeschwalbe – Sternula albifrons
103153;Gavia arctica;165844;165979;Prachttaucher;Prachttaucher – Gavia arctica
103154;Gavia stellata;165844;166042;Sterntaucher;Sterntaucher – Gavia stellata
103155;Apus apus;165844;165959;Mauersegler;Mauersegler – Apus apus
103156;Dendrocopos major;165844;165875;Buntspecht;Buntspecht – Dendrocopos major
103157;Picus canus;165844;165913;Grauspecht;Grauspecht – Picus canus
103158;Picus viridis;165844;165918;Grünspecht;Grünspecht – Picus viridis
103159;Dryobates minor;165844;165942;Kleinspecht;Kleinspecht – Dryobates minor
103160;Dendrocopos medius;165844;165964;Mittelspecht;Mittelspecht – Dendrocopos medius
103161;Dryocopus martius;165844;166024;Schwarzspecht;Schwarzspecht – Dryocopus martius
103162;Jynx torquilla;165844;166083;Wendehals;Wendehals – Jynx torquilla
103163;Sitta europaea;165844;165940;Kleiber;Kleiber – Sitta europaea
103164;Sturnus vulgaris;165844;166037;Star;Star – Sturnus vulgaris
103165;Motacilla alba;165844;165850;Bachstelze;Bachstelze – Motacilla alba
103166;Anthus trivialis;165844;165853;Baumpieper;Baumpieper – Anthus trivialis
103167;Anthus spinoletta spinoletta;165844;165858;Bergpieper;Bergpieper – Anthus spinoletta spinoletta
103168;Anthus campestris;165844;165869;Brachpieper;Brachpieper – Anthus campestris
103169;Motacilla cinerea;165844;165903;Gebirgsstelze;Gebirgsstelze – Motacilla cinerea
103170;Motacilla flava;165844;166011;Wiesenschafstelze;Wiesenschafstelze – Motacilla flava
103171;Anthus petrosus;165844;166045;Strandpieper;Strandpieper – Anthus petrosus
103172;Anthus pratensis;165844;166086;Wiesenpieper;Wiesenpieper – Anthus pratensis
103173;Recurvirostra avosetta;165844;166007;Säbelschnäbler;Säbelschnäbler – Recurvirostra avosetta
103174;Himantopus himantopus;165844;166041;Stelzenläufer;Stelzenläufer – Himantopus himantopus
103175;Ciconia nigra;165844;166026;Schwarzstorch;Schwarzstorch – Ciconia nigra
103176;Ciconia ciconia;165844;166082;Weißstorch;Weißstorch – Ciconia ciconia
103177;Columba oenas;165844;165932;Hohltaube;Hohltaube – Columba oenas
103178;Columba palumbus;165844;165991;Ringeltaube;Ringeltaube – Columba palumbus
103178;Columba palumbus;187285;187424;Ringeltaube;Ringeltaube – Columba palumbus
103179;Streptopelia decaocto;165844;166063;Türkentaube;Türkentaube – Streptopelia decaocto
103179;Streptopelia decaocto;187285;187446;Türkentaube;Türkentaube – Streptopelia decaocto
103180;Streptopelia turtur;165844;166065;Turteltaube;Turteltaube – Streptopelia turtur
103181;Cinclus cinclus;165844;166079;Wasseramsel;Wasseramsel – Cinclus cinclus
103182;Passer montanus;165844;165892;Feldsperling;Feldsperling – Passer montanus
103183;Passer domesticus;165844;165927;Haussperling;Haussperling – Passer domesticus
103184;Upupa epops;165844;166085;Wiedehopf;Wiedehopf – Upupa epops
103185;Lanius collurio;165844;165969;Neuntöter;Neuntöter – Lanius collurio
103186;Lanius excubitor;165844;165982;Raubwürger;Raubwürger – Lanius excubitor
103187;Lanius senator;165844;166002;Rotkopfwürger;Rotkopfwürger – Lanius senator
103188;Lanius minor;165844;166025;Schwarzstirnwürger;Schwarzstirnwürger – Lanius minor
103189;Troglodytes troglodytes;165844;166090;Zaunkönig;Zaunkönig – Troglodytes troglodytes
103190;Caprimulgus europaeus;165844;166091;Nachtschwalbe;Nachtschwalbe – Caprimulgus europaeus
103191;Nesseltiere;nan;163055;;Nesseltiere
103192;Craspedacusta sowerbyi;163055;163057;;Craspedacusta sowerbyi
103193;Hydra spec.;163055;163058;;Hydra spec.
103194;Hydrozoa spec.;163055;163059;;Hydrozoa spec.
103195;Laufkäfer;159616;160553;Coleoptera: Carabidae;Coleoptera: Carabidae – Laufkäfer
103195;Laufkäfer;204339;366314;Coleoptera: Carabidae;Coleoptera: Carabidae – Laufkäfer
103196;Abax carinatus;160553;160554;;Abax carinatus
103197;Abax carinatus porcatus;160553;160555;Runzelhals-Brettläufer;Runzelhals-Brettläufer – Abax carinatus porcatus
103198;Abax ovalis;160553;160556;Rundlicher Brettläufer;Rundlicher Brettläufer – Abax ovalis
103199;Abax parallelepipedus;160553;160557;Großer Brettläufer;Großer Brettläufer – Abax parallelepipedus
103200;Abax parallelus;160553;160558;Schmaler Brettläufer;Schmaler Brettläufer – Abax parallelus
103201;Abax spec.;160553;160559;;Abax spec.
103203;Acupalpus brunnipes;160553;160561;Bräunlicher Buntschnelläufer;Bräunlicher Buntschnelläufer – Acupalpus brunnipes
103204;Acupalpus dubius;160553;160562;Moor-Buntschnelläufer;Moor-Buntschnelläufer – Acupalpus dubius
103205;Acupalpus elegans;160553;160563;Salzstellen-Buntschnelläufer;Salzstellen-Buntschnelläufer – Acupalpus elegans
103206;Acupalpus exiguus;160553;160564;Dunkler Buntschnelläufer;Dunkler Buntschnelläufer – Acupalpus exiguus
103207;Acupalpus flavicollis;160553;160565;Nahtstreifen-Buntschnelläufer;Nahtstreifen-Buntschnelläufer – Acupalpus flavicollis
103208;Acupalpus interstitialis;160553;160566;Flachstreifiger Buntschnelläufer;Flachstreifiger Buntschnelläufer – Acupalpus interstitialis
103209;Acupalpus luteatus;160553;160567;Gelbbeiniger Buntschnelläufer;Gelbbeiniger Buntschnelläufer – Acupalpus luteatus
103210;Acupalpus maculatus;160553;160568;Gefleckter Buntschnelläufer;Gefleckter Buntschnelläufer – Acupalpus maculatus
103211;Acupalpus meridianus;160553;160569;Feld-Buntschnelläufer;Feld-Buntschnelläufer – Acupalpus meridianus
103212;Acupalpus parvulus;160553;160570;Rückenfleckiger Buntschnelläufer;Rückenfleckiger Buntschnelläufer – Acupalpus parvulus
103214;Agonum emarginatum;160553;160572;Dunkler Glanzflachläufer;Dunkler Glanzflachläufer – Agonum emarginatum
103216;Agonum dolens;160553;160574;Nordöstlicher Glanzflachläufer;Nordöstlicher Glanzflachläufer – Agonum dolens
103218;Agonum duftschmidi;160553;160576;Duftschmids Glanzflachläufer;Duftschmids Glanzflachläufer – Agonum duftschmidi
103219;Agonum ericeti;160553;160577;Hochmoor-Glanzflachläufer;Hochmoor-Glanzflachläufer – Agonum ericeti
103220;Agonum gracilipes;160553;160580;Schlankfüssiger Glanzflachläufer;Schlankfüssiger Glanzflachläufer – Agonum gracilipes
103221;Agonum hypocrita;160553;160581;Östlicher Glanzflachläufer;Östlicher Glanzflachläufer – Agonum hypocrita
103222;Agonum impressum;160553;160582;Grobpunktierter Glanzflachläufer;Grobpunktierter Glanzflachläufer – Agonum impressum
103223;Agonum lugens;160553;160583;Mattschwarzer Glanzflachläufer;Mattschwarzer Glanzflachläufer – Agonum lugens
103224;Agonum marginatum;160553;160584;Gelbrandiger Glanzflachläufer;Gelbrandiger Glanzflachläufer – Agonum marginatum
103226;Agonum muelleri;160553;160588;Gewöhnlicher Glanzflachläufer;Gewöhnlicher Glanzflachläufer – Agonum muelleri
103227;Agonum nigrum;160553;160590;Grossäugiger Glanzflachläufer;Grossäugiger Glanzflachläufer – Agonum nigrum
103229;Agonum piceum;160553;160591;;Agonum piceum
103230;Agonum sexpunctatum;160553;160593;Sechspunkt-Glanzflachläufer;Sechspunkt-Glanzflachläufer – Agonum sexpunctatum
103231;Agonum thoreyi;160553;160594;;Agonum thoreyi
103232;Agonum versutum;160553;160595;Auen-Glanzflachläufer;Auen-Glanzflachläufer – Agonum versutum
103233;Agonum viduum;160553;160596;Grünlicherglanzflachläufer;Grünlicherglanzflachläufer – Agonum viduum
103234;Agonum viridicupreum;160553;160597;Bunter Glanzflachläufer;Bunter Glanzflachläufer – Agonum viridicupreum
103235;Amara aenea;160553;160598;Erzfarbener Kamelläufer;Erzfarbener Kamelläufer – Amara aenea
103236;Amara anthobia;160553;160599;Schlanker Kamelläufer;Schlanker Kamelläufer – Amara anthobia
103237;Amara apricaria;160553;160600;Enghals-Kamelläufer;Enghals-Kamelläufer – Amara apricaria
103238;Amara aulica;160553;160601;Kohldistel-Kamelläufer;Kohldistel-Kamelläufer – Amara aulica
103239;Amara bifrons;160553;160602;Brauner Punkthals-Kamelläufer;Brauner Punkthals-Kamelläufer – Amara bifrons
103240;Amara brunnea;160553;160603;Kleiner Kamelläufer;Kleiner Kamelläufer – Amara brunnea
103241;Amara chaudoiri;160553;160604;Chaudoirs Kamelläufer;Chaudoirs Kamelläufer – Amara chaudoiri
103242;Amara communis;160553;160605;Schmaler Wiesen-Kamelläufer;Schmaler Wiesen-Kamelläufer – Amara communis
103243;Amara concinna;160553;160606;Zierlicher Kamelläufer;Zierlicher Kamelläufer – Amara concinna
103244;Amara consularis;160553;160607;Breithals-Kamelläufer;Breithals-Kamelläufer – Amara consularis
103245;Amara convexior;160553;160608;Gedrungener Wiesen-Kamelläufer;Gedrungener Wiesen-Kamelläufer – Amara convexior
103246;Amara convexiuscula;160553;160609;Gewölbter Kamelläufer;Gewölbter Kamelläufer – Amara convexiuscula
103247;Amara crenata;160553;160610;Gekerbter Kamelläufer;Gekerbter Kamelläufer – Amara crenata
103248;Amara cursitans;160553;160611;Pechbrauner Kamelläufer;Pechbrauner Kamelläufer – Amara cursitans
103249;Amara curta;160553;160612;Kurzer Kamelläufer;Kurzer Kamelläufer – Amara curta
103250;Amara equestris;160553;160613;Plumper Kamelläufer;Plumper Kamelläufer – Amara equestris
103251;Amara erratica;160553;160614;Gebirgs-Kamelläufer;Gebirgs-Kamelläufer – Amara erratica
103252;Amara eurynota;160553;160615;Großer Kamelläufer;Großer Kamelläufer – Amara eurynota
103253;Amara famelica;160553;160616;Nordöstlicher Kamelläufer;Nordöstlicher Kamelläufer – Amara famelica
103254;Amara familiaris;160553;160617;Gelbbeiniger Kamelläufer;Gelbbeiniger Kamelläufer – Amara familiaris
103255;Amara fulva;160553;160618;Gelber Kamelläufer;Gelber Kamelläufer – Amara fulva
103256;Amara fulvipes;160553;160619;Braunfüssiger Kamelläufer;Braunfüssiger Kamelläufer – Amara fulvipes
103257;Amara fusca;160553;160620;Brauner Sand-Kamelläufer;Brauner Sand-Kamelläufer – Amara fusca
103258;Amara gebleri;160553;160621;Geblers Kamelläufer;Geblers Kamelläufer – Amara gebleri
103259;Amara infima;160553;160622;Heide-Kamelläufer;Heide-Kamelläufer – Amara infima
103260;Amara ingenua;160553;160623;Breiter Sand-Kamelläufer;Breiter Sand-Kamelläufer – Amara ingenua
103261;Amara kulti;160553;160624;Kults Kamelläufer;Kults Kamelläufer – Amara kulti
103262;Amara littorea;160553;160625;Strand-Kamelläufer;Strand-Kamelläufer – Amara littorea
103263;Amara lucida;160553;160626;Leuchtender Kamelläufer;Leuchtender Kamelläufer – Amara lucida
103264;Amara lunicollis;160553;160627;Dunkelhörniger Kamelläufer;Dunkelhörniger Kamelläufer – Amara lunicollis
103265;Amara majuscula;160553;160628;Östlicher Kamelläufer;Östlicher Kamelläufer – Amara majuscula
103266;Amara montivaga;160553;160629;Kahnförmiger Kamelläufer;Kahnförmiger Kamelläufer – Amara montivaga
103267;Amara municipalis;160553;160630;Rehbrauner Kamelläufer;Rehbrauner Kamelläufer – Amara municipalis
103268;Amara nigricornis;160553;160631;Schwarzhörniger Kamelläufer;Schwarzhörniger Kamelläufer – Amara nigricornis
103269;Amara nitida;160553;160632;Glänzender Kamelläufer;Glänzender Kamelläufer – Amara nitida
103270;Amara ovata;160553;160633;Ovaler Kamelläufer;Ovaler Kamelläufer – Amara ovata
103271;Amara plebeja;160553;160634;Dreifingriger Kamelläufer;Dreifingriger Kamelläufer – Amara plebeja
103272;Amara praetermissa;160553;160635;Verkannter Kamelläufer;Verkannter Kamelläufer – Amara praetermissa
103273;Amara proxima;160553;160636;Putzeys Kamelläufer;Putzeys Kamelläufer – Amara proxima
103275;Amara quenseli;160553;160638;Quensels Kamelläufer;Quensels Kamelläufer – Amara quenseli
103276;Amara sabulosa;160553;160639;Rundschild-Kamelläufer;Rundschild-Kamelläufer – Amara sabulosa
103277;Amara schimperi;160553;160640;Schimpers Kamelläufer;Schimpers Kamelläufer – Amara schimperi
103278;Amara similata;160553;160641;Gewöhnlicher Kamelläufer;Gewöhnlicher Kamelläufer – Amara similata
103279;Amara spec.;160553;160642;;Amara spec.
103280;Amara spreta;160553;160643;Flachhalsiger Kamelläufer;Flachhalsiger Kamelläufer – Amara spreta
103281;Amara strenua;160553;160644;Auen-Kamelläufer;Auen-Kamelläufer – Amara strenua
103282;Amara tibialis;160553;160645;Zwerg-Kamelläufer;Zwerg-Kamelläufer – Amara tibialis
103283;Amara tricuspidata;160553;160646;Dreispitziger Kamelläufer;Dreispitziger Kamelläufer – Amara tricuspidata
103284;Anchomenus cyaneus;160553;160647;Blauer Enghalsläufer;Blauer Enghalsläufer – Anchomenus cyaneus
103285;Anchomenus dorsalis;160553;160648;Bunter Enghalsläufer;Bunter Enghalsläufer – Anchomenus dorsalis
103288;Anisodactylus binotatus;160553;160651;Gewöhnlicher Rotstirnläufer;Gewöhnlicher Rotstirnläufer – Anisodactylus binotatus
103289;Anisodactylus nemorivagus;160553;160652;Kleiner Rotstirnläufer;Kleiner Rotstirnläufer – Anisodactylus nemorivagus
103290;Anisodactylus poeciloides;160553;160653;Salzstellen-Rotstirnläufer;Salzstellen-Rotstirnläufer – Anisodactylus poeciloides
103291;Anisodactylus signatus;160553;160654;Schwarzhörniger Rotstirnläufer;Schwarzhörniger Rotstirnläufer – Anisodactylus signatus
103292;Anthracus consputus;160553;160655;Herzhals-Buntschnelläufer;Herzhals-Buntschnelläufer – Anthracus consputus
103293;Aptinus bombarda;160553;160656;Schwarzer Bombardierkäfer;Schwarzer Bombardierkäfer – Aptinus bombarda
103294;Asaphidion austriacum;160553;160657;Österreichischer Haarahlenläufer;Österreichischer Haarahlenläufer – Asaphidion austriacum
103295;Asaphidion caraboides;160553;160658;Flussufer-Haarahlenläufer;Flussufer-Haarahlenläufer – Asaphidion caraboides
103296;Asaphidion curtum;160553;160659;Gehölz-Haarahlenläufer;Gehölz-Haarahlenläufer – Asaphidion curtum
103297;Asaphidion cyanicorne;160553;160660;Gebirgs-Haarahlenläufer;Gebirgs-Haarahlenläufer – Asaphidion cyanicorne
103298;Asaphidion flavipes;160553;160661;Gewöhnlicher Haarahlenläufer;Gewöhnlicher Haarahlenläufer – Asaphidion flavipes
103299;Asaphidion pallipes;160553;160662;Ziegelei-Haarahlenläufer;Ziegelei-Haarahlenläufer – Asaphidion pallipes
103300;Badister bullatus;160553;160663;Gewöhnlicher Wanderläufer;Gewöhnlicher Wanderläufer – Badister bullatus
103301;Badister collaris;160553;160664;Ried-Dunkelwanderläufer;Ried-Dunkelwanderläufer – Badister collaris
103302;Badister dilatatus;160553;160665;Breiter Dunkelwanderläufer;Breiter Dunkelwanderläufer – Badister dilatatus
103303;Badister dorsiger;160553;160666;Großer Gelbschulter-Wanderläufer;Großer Gelbschulter-Wanderläufer – Badister dorsiger
103305;Badister lacertosus;160553;160667;Stutzfleck Wanderläufer;Stutzfleck Wanderläufer – Badister lacertosus
103306;Badister meridionalis;160553;160668;Bogenfleck-Wanderläufer;Bogenfleck-Wanderläufer – Badister meridionalis
103307;Badister peltatus;160553;160669;Auen-Dunkelwanderläufer;Auen-Dunkelwanderläufer – Badister peltatus
103308;Badister sodalis;160553;160670;Kleiner Gelbschulter-Wanderläufer;Kleiner Gelbschulter-Wanderläufer – Badister sodalis
103309;Badister unipustulatus;160553;160671;Großer Wanderläufer;Großer Wanderläufer – Badister unipustulatus
103311;Bembidion aeneum;160553;160673;Erzfarbener Ahlenläufer;Erzfarbener Ahlenläufer – Bembidion aeneum
103312;Bembidion cruciatum;160553;160674;Andreaskreuz-Ahlenläufer;Andreaskreuz-Ahlenläufer – Bembidion cruciatum
103313;Bembidion argenteolum;160553;160675;Silberfleck-Ahlenläufer;Silberfleck-Ahlenläufer – Bembidion argenteolum
103314;Bembidion articulatum;160553;160676;Hellfleckiger Ufer-Ahlenläufer;Hellfleckiger Ufer-Ahlenläufer – Bembidion articulatum
103315;Bembidion ascendens;160553;160677;Spitzdecken-Ahlenläufer;Spitzdecken-Ahlenläufer – Bembidion ascendens
103316;Bembidion aspericolle;160553;160678;Salzstellen-Ahlenläufer;Salzstellen-Ahlenläufer – Bembidion aspericolle
103317;Bembidion assimile;160553;160679;Flachmoor-Ahlenläufer;Flachmoor-Ahlenläufer – Bembidion assimile
103318;Bembidion atrocaeruleum;160553;160680;Schwarzblauer Ahlenläufer;Schwarzblauer Ahlenläufer – Bembidion atrocaeruleum
103319;Bembidion azurescens;160553;160681;Blauglänzender Ahlenläufer;Blauglänzender Ahlenläufer – Bembidion azurescens
103320;Bembidion biguttatum;160553;160682;Zweifleckiger Ahlenläufer;Zweifleckiger Ahlenläufer – Bembidion biguttatum
103321;Bembidion bipunctatum;160553;160683;Zweipunkt-Ahlenläufer;Zweipunkt-Ahlenläufer – Bembidion bipunctatum
103322;Bembidion bruxellense;160553;160684;Schieffleckiger Ahlenläufer;Schieffleckiger Ahlenläufer – Bembidion bruxellense
103323;Bembidion clarkii;160553;160685;Clarks Ahlenläufer;Clarks Ahlenläufer – Bembidion clarkii
103324;Bembidion complanatum;160553;160686;Geröll-Ahlenläufer;Geröll-Ahlenläufer – Bembidion complanatum
103325;Bembidion conforme;160553;160687;Verwaschener Ahlenläufer;Verwaschener Ahlenläufer – Bembidion conforme
103326;Bembidion decorum;160553;160688;Blaugrüner Punkt-Ahlenläufer;Blaugrüner Punkt-Ahlenläufer – Bembidion decorum
103327;Bembidion deletum;160553;160689;Mittlerer Lehmwand-Ahlenläufer;Mittlerer Lehmwand-Ahlenläufer – Bembidion deletum
103328;Bembidion dentellum;160553;160690;Metallbrauner Ahlenläufer;Metallbrauner Ahlenläufer – Bembidion dentellum
103329;Bembidion distinguendum;160553;160691;Duvals Ahlenläufer;Duvals Ahlenläufer – Bembidion distinguendum
103330;Bembidion doderoi;160553;160692;Doderos Ahlenläufer;Doderos Ahlenläufer – Bembidion doderoi
103331;Bembidion doris;160553;160693;Ried-Ahlenläufer;Ried-Ahlenläufer – Bembidion doris
103332;Bembidion elongatum;160553;160694;Länglicher Ahlenläufer;Länglicher Ahlenläufer – Bembidion elongatum
103333;Bembidion ephippium;160553;160695;Sattel-Ahlenläufer;Sattel-Ahlenläufer – Bembidion ephippium
103334;Bembidion eques;160553;160696;Ritter-Ahlenläufer;Ritter-Ahlenläufer – Bembidion eques
103335;Bembidion fasciolatum;160553;160697;Braunschieniger Ahlenläufer;Braunschieniger Ahlenläufer – Bembidion fasciolatum
103336;Bembidion femoratum;160553;160698;Kreuzgezeichneter Ahlenläufer;Kreuzgezeichneter Ahlenläufer – Bembidion femoratum
103337;Bembidion fluviatile;160553;160699;Lehmufer-Ahlenläufer;Lehmufer-Ahlenläufer – Bembidion fluviatile
103338;Bembidion foraminosum;160553;160700;Punktierter Gebirgsfluss-Ahlenläufer;Punktierter Gebirgsfluss-Ahlenläufer – Bembidion foraminosum
103339;Bembidion fulvipes;160553;160701;Großer Gebirgsfluss-Ahlenläufer;Großer Gebirgsfluss-Ahlenläufer – Bembidion fulvipes
103340;Bembidion fumigatum;160553;160702;Rauchbrauner Ahlenläufer;Rauchbrauner Ahlenläufer – Bembidion fumigatum
103341;Bembidion geniculatum;160553;160703;Kleiner Uferschotter-Ahlenläufer;Kleiner Uferschotter-Ahlenläufer – Bembidion geniculatum
103342;Bembidion gilvipes;160553;160704;Feuchtbrachen-Ahlenläufer;Feuchtbrachen-Ahlenläufer – Bembidion gilvipes
103343;Bembidion glaciale;160553;160705;Gletscher-Ahlenläufer;Gletscher-Ahlenläufer – Bembidion glaciale
103344;Bembidion guttula;160553;160706;Wiesen-Ahlenläufer;Wiesen-Ahlenläufer – Bembidion guttula
103346;Bembidion humerale;160553;160707;Hochmoor-Ahlenläufer;Hochmoor-Ahlenläufer – Bembidion humerale
103347;Bembidion incognitum;160553;160708;Verkannter Ahlenläufer;Verkannter Ahlenläufer – Bembidion incognitum
103348;Bembidion inustum;160553;160709;Erd-Ahlenläufer;Erd-Ahlenläufer – Bembidion inustum
103349;Bembidion iricolor;160553;160710;Schillernder Ahlenläufer;Schillernder Ahlenläufer – Bembidion iricolor
103350;Bembidion lampros;160553;160711;Gewöhnlicher Ahlenläufer;Gewöhnlicher Ahlenläufer – Bembidion lampros
103351;Bembidion laticolle;160553;160712;Breithalsiger Ahlenläufer;Breithalsiger Ahlenläufer – Bembidion laticolle
103352;Bembidion latinum;160553;160713;Latinischer Ahlenläufer;Latinischer Ahlenläufer – Bembidion latinum
103353;Bembidion litorale;160553;160714;Flussauen-Ahlenläufer;Flussauen-Ahlenläufer – Bembidion litorale
103354;Bembidion longipes;160553;160715;Langbeiniger Ahlenläufer;Langbeiniger Ahlenläufer – Bembidion longipes
103355;Bembidion lunatum;160553;160716;Mondfleck-Ahlenläufer;Mondfleck-Ahlenläufer – Bembidion lunatum
103356;Bembidion lunulatum;160553;160717;Sumpf-Ahlenläufer;Sumpf-Ahlenläufer – Bembidion lunulatum
103357;Bembidion mannerheimii;160553;160718;Sumpfwald-Ahlenläufer;Sumpfwald-Ahlenläufer – Bembidion mannerheimii
103358;Bembidion maritimum;160553;160719;Küsten-Ahlenläufer;Küsten-Ahlenläufer – Bembidion maritimum
103359;Bembidion milleri;160553;160720;Kleiner Lehmwand-Ahlenläufer;Kleiner Lehmwand-Ahlenläufer – Bembidion milleri
103360;Bembidion millerianum;160553;160721;Gebirgsbach-Ahlenläufer;Gebirgsbach-Ahlenläufer – Bembidion millerianum
103361;Bembidion minimum;160553;160722;;Bembidion minimum
103362;Bembidion modestum;160553;160723;Grossfleck-Ahlenläufer;Grossfleck-Ahlenläufer – Bembidion modestum
103363;Bembidion monticola;160553;160724;Sandufer-Ahlenläufer;Sandufer-Ahlenläufer – Bembidion monticola
103364;Bembidion neresheimeri;160553;160725;Neresheimers Ahlenläufer;Neresheimers Ahlenläufer – Bembidion neresheimeri
103365;Bembidion nigricorne;160553;160726;Nördlicher Ahlenläufer;Nördlicher Ahlenläufer – Bembidion nigricorne
103366;Bembidion normannum;160553;160727;Normannischer Ahlenläufer;Normannischer Ahlenläufer – Bembidion normannum
103367;Bembidion obliquum;160553;160728;Schrägbindiger Ahlenläufer;Schrägbindiger Ahlenläufer – Bembidion obliquum
103368;Bembidion obtusum;160553;160729;Schwachgestreifter Ahlenläufer;Schwachgestreifter Ahlenläufer – Bembidion obtusum
103369;Bembidion octomaculatum;160553;160730;Achtfleck-Ahlenläufer;Achtfleck-Ahlenläufer – Bembidion octomaculatum
103370;Bembidion pallidipenne;160553;160731;Blasser Ahlenläufer;Blasser Ahlenläufer – Bembidion pallidipenne
103371;Bembidion prasinum;160553;160732;Grünlicher Ahlenläufer;Grünlicher Ahlenläufer – Bembidion prasinum
103372;Bembidion properans;160553;160733;Feld-Ahlenläufer;Feld-Ahlenläufer – Bembidion properans
103373;Bembidion punctulatum;160553;160734;Grobpunktierter Ahlenläufer;Grobpunktierter Ahlenläufer – Bembidion punctulatum
103375;Bembidion pygmaeum;160553;160735;Matter Lehm-Ahlenläufer;Matter Lehm-Ahlenläufer – Bembidion pygmaeum
103376;Bembidion quadrimaculatum;160553;160736;Vierfleck-Ahlenläufer;Vierfleck-Ahlenläufer – Bembidion quadrimaculatum
103377;Bembidion quadripustulatum;160553;160737;Schlammufer-Ahlenläufer;Schlammufer-Ahlenläufer – Bembidion quadripustulatum
103379;Bembidion ruficolle;160553;160739;Rothals-Ahlenläufer;Rothals-Ahlenläufer – Bembidion ruficolle
103380;Bembidion ruficorne;160553;160740;Sturms Ahlenläufer;Sturms Ahlenläufer – Bembidion ruficorne
103382;Bembidion saxatile;160553;160742;Kalk-Ahlenläufer;Kalk-Ahlenläufer – Bembidion saxatile
103383;Bembidion scapulare subsp. tergluense;160553;160743;Schlanker Ahlenläufer;Schlanker Ahlenläufer – Bembidion scapulare subsp. tergluense
103384;Bembidion schueppelii;160553;160744;Schüppels Ahlenläufer;Schüppels Ahlenläufer – Bembidion schueppelii
103385;Bembidion semipunctatum;160553;160745;Grünbindiger Ahlenläufer;Grünbindiger Ahlenläufer – Bembidion semipunctatum
103386;Bembidion spec.;160553;160746;;Bembidion spec.
103387;Bembidion starkii;160553;160747;Starks Ahlenläufer;Starks Ahlenläufer – Bembidion starkii
103388;Bembidion stephensii;160553;160748;Großer Lehmwand-Ahlenläufer;Großer Lehmwand-Ahlenläufer – Bembidion stephensii
103389;Bembidion stomoides;160553;160749;Waldbach-Ahlenläufer;Waldbach-Ahlenläufer – Bembidion stomoides
103390;Bembidion striatum;160553;160750;Gestreifter Ahlenläufer;Gestreifter Ahlenläufer – Bembidion striatum
103391;Bembidion tenellum;160553;160751;Rotgefleckter Ahlenläufer;Rotgefleckter Ahlenläufer – Bembidion tenellum
103392;Bembidion terminale;160553;160752;Heers Ahlenläufer;Heers Ahlenläufer – Bembidion terminale
103393;Bembidion testaceum;160553;160753;Ziegelroter Ahlenläufer;Ziegelroter Ahlenläufer – Bembidion testaceum
103394;Bembidion tetracolum;160553;160754;Gewöhnlicher Ufer-Ahlenläufer;Gewöhnlicher Ufer-Ahlenläufer – Bembidion tetracolum
103395;Bembidion illigeri;160553;160756;Illigers Ahlenläufer;Illigers Ahlenläufer – Bembidion illigeri
103396;Bembidion tibiale;160553;160757;Großer Uferschotter-Ahlenläufer;Großer Uferschotter-Ahlenläufer – Bembidion tibiale
103397;Bembidion transparens;160553;160758;Durchscheinender Ahlenläufer;Durchscheinender Ahlenläufer – Bembidion transparens
103399;Bembidion varicolor;160553;160760;Zweifarbiger Ahlenläufer;Zweifarbiger Ahlenläufer – Bembidion varicolor
103400;Bembidion varium;160553;160761;Veränderlicher Ahlenläufer;Veränderlicher Ahlenläufer – Bembidion varium
103401;Bembidion velox;160553;160762;Grünfleck-Ahlenläufer;Grünfleck-Ahlenläufer – Bembidion velox
103403;Blethisa multipunctata;160553;160765;Narbenläufer;Narbenläufer – Blethisa multipunctata
103404;Brachinus crepitans;160553;160766;Großer Bombardierkäfer;Großer Bombardierkäfer – Brachinus crepitans
103405;Brachinus explodens;160553;160767;Kleiner Bombardierkäfer;Kleiner Bombardierkäfer – Brachinus explodens
103407;Bradycellus caucasicus;160553;160769;Heller Rundbauchläufer;Heller Rundbauchläufer – Bradycellus caucasicus
103408;Bradycellus csikii;160553;160770;Csikis Rundbauchläufer;Csikis Rundbauchläufer – Bradycellus csikii
103409;Bradycellus harpalinus;160553;160771;Gewöhnlicher Rundbauchläufer;Gewöhnlicher Rundbauchläufer – Bradycellus harpalinus
103410;Bradycellus ruficollis;160553;160772;Heide-Rundbauchläufer;Heide-Rundbauchläufer – Bradycellus ruficollis
103411;Bradycellus sharpi;160553;160773;Sharps Rundbauchläufer;Sharps Rundbauchläufer – Bradycellus sharpi
103413;Bradycellus verbasci;160553;160775;Eckhalsiger Rundbauchläufer;Eckhalsiger Rundbauchläufer – Bradycellus verbasci
103414;Broscus cephalotes;160553;160776;Kopfläufer;Kopfläufer – Broscus cephalotes
103415;Calathus ambiguus;160553;160777;Breithalsiger Kahnläufer;Breithalsiger Kahnläufer – Calathus ambiguus
103416;Calathus cinctus;160553;160778;Sand-Kahnläufer;Sand-Kahnläufer – Calathus cinctus
103417;Calathus erratus;160553;160779;Schmalhalsiger Kahnläufer;Schmalhalsiger Kahnläufer – Calathus erratus
103418;Calathus fuscipes;160553;160780;Großer Kahnläufer;Großer Kahnläufer – Calathus fuscipes
103419;Calathus melanocephalus;160553;160781;Rothalsiger Kahnläufer;Rothalsiger Kahnläufer – Calathus melanocephalus
103420;Calathus micropterus;160553;160782;Kleiner Kahnläufer;Kleiner Kahnläufer – Calathus micropterus
103421;Calathus mollis;160553;160783;;Calathus mollis
103423;Calathus rotundicollis;160553;160785;Wald-Kahnläufer;Wald-Kahnläufer – Calathus rotundicollis
103424;Callistus lunatus;160553;160786;Mondfleckläufer;Mondfleckläufer – Callistus lunatus
103425;Calodromius spilotus;160553;160787;Kleiner Vierfleck-Rindenläufer;Kleiner Vierfleck-Rindenläufer – Calodromius spilotus
103426;Calosoma auropunctatum;160553;160788;Goldpunkt-Puppenräuber;Goldpunkt-Puppenräuber – Calosoma auropunctatum
103427;Calosoma inquisitor;160553;160789;Kleiner Puppenräuber;Kleiner Puppenräuber – Calosoma inquisitor
103428;Callisthenes reticulatus;160553;160790;Genetzter Puppenräuber;Genetzter Puppenräuber – Callisthenes reticulatus
103429;Calosoma sycophanta;160553;160791;Großer Puppenräuber;Großer Puppenräuber – Calosoma sycophanta
103430;Carabus alpestris;160553;160792;Alpen-Laufkäfer;Alpen-Laufkäfer – Carabus alpestris
103432;Carabus auratus;160553;160794;Goldlaufkäfer;Goldlaufkäfer – Carabus auratus
103433;Carabus auronitens;160553;160795;Goldglänzender Laufkäfer;Goldglänzender Laufkäfer – Carabus auronitens
103434;Carabus cancellatus;160553;160796;Feld-Laufkäfer;Feld-Laufkäfer – Carabus cancellatus
103435;Carabus clatratus;160553;160797;Ufer-Laufkäfer;Ufer-Laufkäfer – Carabus clatratus
103436;Carabus convexus;160553;160798;Kurzgewölbter Laufkäfer;Kurzgewölbter Laufkäfer – Carabus convexus
103437;Carabus coriaceus;160553;160799;Lederlaufkäfer;Lederlaufkäfer – Carabus coriaceus
103438;Carabus fabricii;160553;160800;Fabricius Laufkäfer;Fabricius Laufkäfer – Carabus fabricii
103439;Carabus germari;160553;160801;Germars Laufkäfer;Germars Laufkäfer – Carabus germari
103440;Carabus glabratus;160553;160802;Glatter Laufkäfer;Glatter Laufkäfer – Carabus glabratus
103441;Carabus granulatus;160553;160803;Gekörnter Laufkäfer;Gekörnter Laufkäfer – Carabus granulatus
103442;Carabus hortensis;160553;160804;Goldgruben-Laufkäfer;Goldgruben-Laufkäfer – Carabus hortensis
103443;Carabus intricatus;160553;160805;Blauer Laufkäfer;Blauer Laufkäfer – Carabus intricatus
103444;Carabus irregularis;160553;160806;Schluchtwald-Laufkäfer;Schluchtwald-Laufkäfer – Carabus irregularis
103445;Carabus linnei;160553;160807;Linnes Laufkäfer;Linnes Laufkäfer – Carabus linnei
103446;Carabus marginalis;160553;160808;Gerandeter Laufkäfer;Gerandeter Laufkäfer – Carabus marginalis
103447;Carabus menetriesi;160553;160809;Hochmoor-Laufkäfer;Hochmoor-Laufkäfer – Carabus menetriesi
103448;Carabus monilis;160553;160810;Feingestreifter Laufkäfer;Feingestreifter Laufkäfer – Carabus monilis
103449;Carabus nemoralis;160553;160811;Hain-Laufkäfer;Hain-Laufkäfer – Carabus nemoralis
103450;Carabus nitens;160553;160812;Heide-Laufkäfer;Heide-Laufkäfer – Carabus nitens
103451;Carabus nodulosus;160553;160813;Schwarzer Grubenlaufkäfer;Schwarzer Grubenlaufkäfer – Carabus nodulosus
103452;Carabus problematicus;160553;160814;Blauvioletter Wald-Laufkäfer;Blauvioletter Wald-Laufkäfer – Carabus problematicus
103453;Carabus violaceus purpurascens;160553;160815;Purpurrandiger Laufkäfer;Purpurrandiger Laufkäfer – Carabus violaceus purpurascens
103454;Carabus scheidleri;160553;160816;Veränderlicher Laufkäfer;Veränderlicher Laufkäfer – Carabus scheidleri
103455;Carabus sylvestris;160553;160817;Bergwald-Laufkäfer;Bergwald-Laufkäfer – Carabus sylvestris
103456;Carabus spec.;160553;160818;;Carabus spec.
103457;Carabus ulrichii;160553;160819;Höckerstreifen-Laufkäfer;Höckerstreifen-Laufkäfer – Carabus ulrichii
103458;Carabus violaceus;160553;160820;Violettrandiger Laufkäfer;Violettrandiger Laufkäfer – Carabus violaceus
103459;Chlaenius costulatus;160553;160821;Gerippter Sammetläufer;Gerippter Sammetläufer – Chlaenius costulatus
103460;Chlaenius nigricornis;160553;160822;Sumpfwiesen-Sammetläufer;Sumpfwiesen-Sammetläufer – Chlaenius nigricornis
103461;Chlaenius nitidulus;160553;160823;Lehmstellen-Sammetläufer;Lehmstellen-Sammetläufer – Chlaenius nitidulus
103462;Chlaenius quadrisulcatus;160553;160825;Gestreifter Sammetläufer;Gestreifter Sammetläufer – Chlaenius quadrisulcatus
103463;Chlaenius spec.;160553;160826;;Chlaenius spec.
103464;Chlaenius sulcicollis;160553;160827;Grauhaariger Sammetläufer;Grauhaariger Sammetläufer – Chlaenius sulcicollis
103465;Chlaenius tibialis;160553;160828;Schwarzschenkliger Sammetläufer;Schwarzschenkliger Sammetläufer – Chlaenius tibialis
103466;Chlaenius tristis;160553;160829;Schwarzer Sammetläufer;Schwarzer Sammetläufer – Chlaenius tristis
103468;Chlaenius velutinus;160553;160830;Südlicher Sammetläufer;Südlicher Sammetläufer – Chlaenius velutinus
103469;Chlaenius vestitus;160553;160831;Gelbspitziger Sammetläufer;Gelbspitziger Sammetläufer – Chlaenius vestitus
103470;Cylindera arenaria viennensis;160553;160832;Wiener Sandlaufkäfer;Wiener Sandlaufkäfer – Cylindera arenaria viennensis
103471;Cicindela campestris;160553;160833;Feld-Sandlaufkäfer;Feld-Sandlaufkäfer – Cicindela campestris
103472;Cicindela gallica;160553;160834;Alpen-Sandlaufkäfer;Alpen-Sandlaufkäfer – Cicindela gallica
103474;Cicindela hybrida;160553;160835;Brauner Sandläufer;Brauner Sandläufer – Cicindela hybrida
103475;Cicindela maritima;160553;160836;Küsten-Sandlaufkäfer;Küsten-Sandlaufkäfer – Cicindela maritima
103477;Cicindela spec.;160553;160838;;Cicindela spec.
103478;Cicindela sylvicola;160553;160840;Berg-Sandlaufkäfer;Berg-Sandlaufkäfer – Cicindela sylvicola
103479;Cillenus lateralis;160553;160841;Watten-Ahlenläufer;Watten-Ahlenläufer – Cillenus lateralis
103480;Clivina collaris;160553;160842;Zweifarbiger Grabspornläufer;Zweifarbiger Grabspornläufer – Clivina collaris
103481;Clivina fossor;160553;160843;Gewöhnlicher Grabspornläufer;Gewöhnlicher Grabspornläufer – Clivina fossor
103482;Cychrus angustatus;160553;160844;Schmaler Schaufelläufer;Schmaler Schaufelläufer – Cychrus angustatus
103483;Cychrus attenuatus;160553;160845;Berg-Schaufelläufer;Berg-Schaufelläufer – Cychrus attenuatus
103484;Cychrus caraboides;160553;160846;Gewöhnlicher Schaufelläufer;Gewöhnlicher Schaufelläufer – Cychrus caraboides
103486;Cymindis angularis;160553;160849;Mondfleckiger Nachtläufer;Mondfleckiger Nachtläufer – Cymindis angularis
103487;Cymindis axillaris;160553;160850;Achselfleckiger Nachtläufer;Achselfleckiger Nachtläufer – Cymindis axillaris
103488;Cymindis humeralis;160553;160851;Schulterfleckiger Nachtläufer;Schulterfleckiger Nachtläufer – Cymindis humeralis
103489;Cymindis macularis;160553;160852;Doppeltgezeichneter Nachtläufer;Doppeltgezeichneter Nachtläufer – Cymindis macularis
103490;Cymindis vaporariorum;160553;160853;Rauchbrauner Nachtläufer;Rauchbrauner Nachtläufer – Cymindis vaporariorum
103491;Demetrias atricapillus;160553;160854;Gewöhnlicher Halmläufer;Gewöhnlicher Halmläufer – Demetrias atricapillus
103492;Demetrias imperialis;160553;160855;Gefleckter Halmläufer;Gefleckter Halmläufer – Demetrias imperialis
103493;Demetrias monostigma;160553;160856;Ried-Halmläufer;Ried-Halmläufer – Demetrias monostigma
103494;Diachromus germanus;160553;160857;Bunter Schnelläufer;Bunter Schnelläufer – Diachromus germanus
103495;Dicheirotrichus gustavii;160553;160858;Langhaariger Kinnzahn-Schnelläufer;Langhaariger Kinnzahn-Schnelläufer – Dicheirotrichus gustavii
103496;Dicheirotrichus obsoletus;160553;160859;Kurzhaariger Kinnzahn-Schnelläufer;Kurzhaariger Kinnzahn-Schnelläufer – Dicheirotrichus obsoletus
103497;Dicheirotrichus rufithorax;160553;160860;Rothalsiger Kinnzahn-Schnelläufer;Rothalsiger Kinnzahn-Schnelläufer – Dicheirotrichus rufithorax
103498;Dolichus halensis;160553;160861;Fluchtläufer;Fluchtläufer – Dolichus halensis
103499;Dromius agilis;160553;160862;Brauner Rindenläufer;Brauner Rindenläufer – Dromius agilis
103500;Dromius angustus;160553;160863;Kiefern-Rindenläufer;Kiefern-Rindenläufer – Dromius angustus
103501;Dromius fenestratus;160553;160864;Zweifleckiger Rindenläufer;Zweifleckiger Rindenläufer – Dromius fenestratus
103502;Dromius laeviceps;160553;160865;;Dromius laeviceps
103506;Dromius meridionalis;160553;160866;Südlicher Rindenläufer;Südlicher Rindenläufer – Dromius meridionalis
103508;Dromius quadraticollis;160553;160868;Eckschild-Rindenläufer;Eckschild-Rindenläufer – Dromius quadraticollis
103509;Dromius quadrimaculatus;160553;160869;Großer Vierfleck-Rindenläufer;Großer Vierfleck-Rindenläufer – Dromius quadrimaculatus
103510;Dromius schneideri;160553;160870;Schwarzrandiger Rindenläufer;Schwarzrandiger Rindenläufer – Dromius schneideri
103512;Drypta dentata;160553;160871;Grüner Backenläufer;Grüner Backenläufer – Drypta dentata
103513;Dyschirius aeneus;160553;160872;Sumpf-Handläufer;Sumpf-Handläufer – Dyschirius aeneus
103514;Dyschirius agnatus;160553;160873;Leuchtender Handläufer;Leuchtender Handläufer – Dyschirius agnatus
103515;Dyschirius angustatus;160553;160874;Schmaler Ziegelei-Handläufer;Schmaler Ziegelei-Handläufer – Dyschirius angustatus
103516;Dyschirius bonellii;160553;160875;Bonellis Steppen-Handläufer;Bonellis Steppen-Handläufer – Dyschirius bonellii
103517;Dyschirius chalceus;160553;160876;Erzfarbener Handläufer;Erzfarbener Handläufer – Dyschirius chalceus
103518;Dyschirius digitatus;160553;160877;Langsporniger Handläufer;Langsporniger Handläufer – Dyschirius digitatus
103519;Dyschirius extensus;160553;160878;Gestreckter Handläufer;Gestreckter Handläufer – Dyschirius extensus
103520;Dyschirius globosus;160553;160879;Gewöhnlicher Handläufer;Gewöhnlicher Handläufer – Dyschirius globosus
103521;Dyschirius impunctipennis;160553;160880;Punktloser Handläufer;Punktloser Handläufer – Dyschirius impunctipennis
103522;Dyschirius intermedius;160553;160881;Mittlerer Ziegelei-Handläufer;Mittlerer Ziegelei-Handläufer – Dyschirius intermedius
103523;Dyschirius laeviusculus;160553;160882;Glatter Flussufer-Handläufer;Glatter Flussufer-Handläufer – Dyschirius laeviusculus
103524;Dyschirius lafertei;160553;160883;Lafertes Handläufer;Lafertes Handläufer – Dyschirius lafertei
103525;Dyschirius tristis;160553;160884;Dunkler Handläufer;Dunkler Handläufer – Dyschirius tristis
103526;Dyschirius neresheimeri;160553;160885;Neresheimers Handläufer;Neresheimers Handläufer – Dyschirius neresheimeri
103527;Dyschirius nitidus;160553;160886;Grobgestreifter Handläufer;Grobgestreifter Handläufer – Dyschirius nitidus
103528;Dyschirius obscurus;160553;160887;Düsterer Handläufer;Düsterer Handläufer – Dyschirius obscurus
103529;Dyschirius politus;160553;160888;Bronzeglänzender Handläufer;Bronzeglänzender Handläufer – Dyschirius politus
103530;Dyschirius salinus;160553;160889;Salz-Handläufer;Salz-Handläufer – Dyschirius salinus
103531;Dyschirius similis;160553;160890;Petris Südlicher Handläufer;Petris Südlicher Handläufer – Dyschirius similis
103532;Dyschirius spec.;160553;160891;;Dyschirius spec.
103533;Dyschirius substriatus;160553;160892;Schwachgestreifter Handläufer;Schwachgestreifter Handläufer – Dyschirius substriatus
103534;Dyschirius thoracicus;160553;160893;Gehörnter Handläufer;Gehörnter Handläufer – Dyschirius thoracicus
103535;Elaphropus diabrachys;160553;160894;Kurzstreifen-Zwergahlenläufer;Kurzstreifen-Zwergahlenläufer – Elaphropus diabrachys
103536;Elaphropus haemorrhoidalis;160553;160895;Rotspitziger Zwergahlenläufer;Rotspitziger Zwergahlenläufer – Elaphropus haemorrhoidalis
103537;Elaphropus parvulus;160553;160896;Schlanker Zwergahlenläufer;Schlanker Zwergahlenläufer – Elaphropus parvulus
103538;Elaphropus quadrisignatus;160553;160897;Vierfleckiger Zwergahlenläufer;Vierfleckiger Zwergahlenläufer – Elaphropus quadrisignatus
103539;Elaphropus sexstriatus;160553;160898;Ufersand-Zwergahlenläufer;Ufersand-Zwergahlenläufer – Elaphropus sexstriatus
103540;Elaphrus aureus;160553;160899;Erzgrauer Uferläufer;Erzgrauer Uferläufer – Elaphrus aureus
103541;Elaphrus cupreus;160553;160900;Glänzender Uferläufer;Glänzender Uferläufer – Elaphrus cupreus
103542;Elaphrus riparius;160553;160901;Gemeiner Uferläufer;Gemeiner Uferläufer – Elaphrus riparius
103543;Elaphrus spec.;160553;160902;;Elaphrus spec.
103544;Elaphrus uliginosus;160553;160903;Dunkler Uferläufer;Dunkler Uferläufer – Elaphrus uliginosus
103545;Elaphrus ullrichii;160553;160904;Smaragdgrüner Uferläufer;Smaragdgrüner Uferläufer – Elaphrus ullrichii
103546;Epaphius rivularis;160553;160905;Bach-Flinkläufer;Bach-Flinkläufer – Epaphius rivularis
103547;Epaphius secalis;160553;160906;Sumpf-Flinkläufer;Sumpf-Flinkläufer – Epaphius secalis
103556;Harpalus affinis;160553;160912;Haarrand-Schnelläufer;Haarrand-Schnelläufer – Harpalus affinis
103557;Harpalus albanicus;160553;160913;Südlicher Schnelläufer;Südlicher Schnelläufer – Harpalus albanicus
103558;Harpalus anxius;160553;160914;Seidenmatter Schnelläufer;Seidenmatter Schnelläufer – Harpalus anxius
103560;Harpalus atratus;160553;160916;Schwarzer Schnelläufer;Schwarzer Schnelläufer – Harpalus atratus
103561;Harpalus attenuatus;160553;160917;Westlicher Schnelläufer;Westlicher Schnelläufer – Harpalus attenuatus
103562;Harpalus autumnalis;160553;160918;Herbst-Schnelläufer;Herbst-Schnelläufer – Harpalus autumnalis
103563;Harpalus calceatus;160553;160919;Sand-Haarschnelläufer;Sand-Haarschnelläufer – Harpalus calceatus
103564;Harpalus caspius;160553;160920;Roubals Schnelläufer;Roubals Schnelläufer – Harpalus caspius
103565;Harpalus cupreus;160553;160921;Kupferfarbener Schnelläufer;Kupferfarbener Schnelläufer – Harpalus cupreus
103567;Harpalus dimidiatus;160553;160923;Blauhals-Schnelläufer;Blauhals-Schnelläufer – Harpalus dimidiatus
103568;Harpalus distinguendus;160553;160924;Düstermetallischer Schnelläufer;Düstermetallischer Schnelläufer – Harpalus distinguendus
103569;Harpalus flavescens;160553;160925;Rostgelber Schnelläufer;Rostgelber Schnelläufer – Harpalus flavescens
103570;Harpalus flavicornis;160553;160926;Gelbhorn-Schnelläufer;Gelbhorn-Schnelläufer – Harpalus flavicornis
103571;Harpalus froelichii;160553;160927;Frölichs Schnelläufer;Frölichs Schnelläufer – Harpalus froelichii
103573;Harpalus griseus;160553;160928;;Harpalus griseus
103574;Harpalus hirtipes;160553;160929;Zottenfüssiger Schnelläufer;Zottenfüssiger Schnelläufer – Harpalus hirtipes
103575;Harpalus honestus;160553;160930;Leuchtendblauer Schnelläufer;Leuchtendblauer Schnelläufer – Harpalus honestus
103576;Harpalus latus;160553;160932;Breiter Schnelläufer;Breiter Schnelläufer – Harpalus latus
103577;Harpalus luteicornis;160553;160933;Zierlicher Schnelläufer;Zierlicher Schnelläufer – Harpalus luteicornis
103578;Harpalus marginellus;160553;160934;Berg-Schnelläufer;Berg-Schnelläufer – Harpalus marginellus
103579;Harpalus melancholicus;160553;160935;Dünen-Schnelläufer;Dünen-Schnelläufer – Harpalus melancholicus
103581;Harpalus modestus;160553;160937;Kleiner Schnelläufer;Kleiner Schnelläufer – Harpalus modestus
103582;Harpalus neglectus;160553;160938;Verkannter Schnelläufer;Verkannter Schnelläufer – Harpalus neglectus
103583;Harpalus picipennis;160553;160939;Steppen-Schnelläufer;Steppen-Schnelläufer – Harpalus picipennis
103584;Harpalus politus;160553;160940;Polierter Schnelläufer;Polierter Schnelläufer – Harpalus politus
103585;Harpalus progrediens;160553;160941;Auwald-Schnelläufer;Auwald-Schnelläufer – Harpalus progrediens
103586;Harpalus pumilus;160553;160942;Zwerg-Schnelläufer;Zwerg-Schnelläufer – Harpalus pumilus
103591;Harpalus rubripes;160553;160946;Metallglänzender Schnelläufer;Metallglänzender Schnelläufer – Harpalus rubripes
103593;Harpalus rufipalpis;160553;160948;Rottaster-Schnelläufer;Rottaster-Schnelläufer – Harpalus rufipalpis
103595;Harpalus serripes;160553;160950;Gewölbter Schnelläufer;Gewölbter Schnelläufer – Harpalus serripes
103596;Harpalus servus;160553;160951;Ovaler Schnelläufer;Ovaler Schnelläufer – Harpalus servus
103597;Harpalus smaragdinus;160553;160953;Smaragdfarbener Schnelläufer;Smaragdfarbener Schnelläufer – Harpalus smaragdinus
103598;Harpalus solitaris;160553;160954;Sand-Schnelläufer;Sand-Schnelläufer – Harpalus solitaris
103599;Harpalus subcylindricus;160553;160955;Walzenförmiger Schnelläufer;Walzenförmiger Schnelläufer – Harpalus subcylindricus
103600;Harpalus sulphuripes;160553;160956;Gelbbeiniger Schnelläufer;Gelbbeiniger Schnelläufer – Harpalus sulphuripes
103601;Harpalus tardus;160553;160957;Gewöhnlicher Schnelläufer;Gewöhnlicher Schnelläufer – Harpalus tardus
103602;Harpalus tenebrosus;160553;160958;;Harpalus tenebrosus
103604;Harpalus winkleri;160553;160960;;Harpalus winkleri
103605;Harpalus xanthopus subsp. winkleri;160553;160961;Goldfüssiger Schnelläufer;Goldfüssiger Schnelläufer – Harpalus xanthopus subsp. winkleri
103606;Harpalus zabroides;160553;160962;Plumper Schnelläufer;Plumper Schnelläufer – Harpalus zabroides
103608;Laemostenus terricola;160553;160964;Blauschwarzer Dunkelläufer;Blauschwarzer Dunkelläufer – Laemostenus terricola
103610;Lebia chlorocephala;160553;160965;Grüner Prunkläufer;Grüner Prunkläufer – Lebia chlorocephala
103611;Lebia cruxminor;160553;160966;Schwarzbindiger Prunkläufer;Schwarzbindiger Prunkläufer – Lebia cruxminor
103612;Lebia cyanocephala;160553;160967;Blauer Prunkläufer;Blauer Prunkläufer – Lebia cyanocephala
103613;Lebia humeralis;160553;160968;Östlicher Prunkläufer;Östlicher Prunkläufer – Lebia humeralis
103614;Lebia marginata;160553;160969;Rotspitziger Prunkläufer;Rotspitziger Prunkläufer – Lebia marginata
103615;Leistus ferrugineus;160553;160970;Gewöhnlicher Bartläufer;Gewöhnlicher Bartläufer – Leistus ferrugineus
103616;Leistus fulvibarbis;160553;160971;Westlicher Bartläufer;Westlicher Bartläufer – Leistus fulvibarbis
103617;Leistus montanus;160553;160972;Pechbrauner Bartläufer;Pechbrauner Bartläufer – Leistus montanus
103618;Leistus nitidus;160553;160973;Grünglänzender Bartläufer;Grünglänzender Bartläufer – Leistus nitidus
103619;Leistus piceus;160553;160974;Schlanker Bartläufer;Schlanker Bartläufer – Leistus piceus
103620;Leistus rufomarginatus;160553;160975;Rotrandiger Bartläufer;Rotrandiger Bartläufer – Leistus rufomarginatus
103621;Leistus spinibarbis;160553;160976;Blauer Bartläufer;Blauer Bartläufer – Leistus spinibarbis
103622;Leistus terminatus;160553;160977;Schwarzköpfiger Bartläufer;Schwarzköpfiger Bartläufer – Leistus terminatus
103623;Licinus cassideus;160553;160978;Trockenrasen-Stumpfzangenläufer;Trockenrasen-Stumpfzangenläufer – Licinus cassideus
103624;Licinus depressus;160553;160979;Kleiner Stumpfzangenläufer;Kleiner Stumpfzangenläufer – Licinus depressus
103625;Licinus hoffmannseggii;160553;160980;Berg-Stumpfzangenläufer;Berg-Stumpfzangenläufer – Licinus hoffmannseggii
103626;Licinus punctatulus;160553;160981;Punktierter Stumpfzangenläufer;Punktierter Stumpfzangenläufer – Licinus punctatulus
103627;Limodromus assimilis;160553;160982;Schwarzer Enghalsläufer;Schwarzer Enghalsläufer – Limodromus assimilis
103628;Lionychus quadrillum;160553;160983;Vierpunkt-Krallenläufer;Vierpunkt-Krallenläufer – Lionychus quadrillum
103629;Loricera pilicornis;160553;160984;Borstenhornläufer;Borstenhornläufer – Loricera pilicornis
103630;Masoreus wetterhallii;160553;160985;Sand-Steppenläufer;Sand-Steppenläufer – Masoreus wetterhallii
103635;Microlestes fissuralis;160553;160990;Gekerbter Zwergstutzläufer;Gekerbter Zwergstutzläufer – Microlestes fissuralis
103636;Microlestes maurus;160553;160991;Gedrungener Zwergstutzläufer;Gedrungener Zwergstutzläufer – Microlestes maurus
103637;Microlestes minutulus;160553;160992;Schmaler Zwergstutzläufer;Schmaler Zwergstutzläufer – Microlestes minutulus
103638;Miscodera arctica;160553;160993;Stielhalsläufer;Stielhalsläufer – Miscodera arctica
103639;Molops piceus austriacus;160553;160994;Österreichischer Striemenläufer;Österreichischer Striemenläufer – Molops piceus austriacus
103640;Molops elatus;160553;160995;Großer Striemenläufer;Großer Striemenläufer – Molops elatus
103641;Molops piceus;160553;160996;Kleiner Striemenläufer;Kleiner Striemenläufer – Molops piceus
103642;Oronebria austriaca;160553;160997;Österreichischer Dammläufer;Österreichischer Dammläufer – Oronebria austriaca
103643;Oronebria bremii;160553;160998;Bremis Dammläufer;Bremis Dammläufer – Oronebria bremii
103644;Nebria brevicollis;160553;160999;Gewöhnlicher Dammläufer;Gewöhnlicher Dammläufer – Nebria brevicollis
103645;Oronebria castanea;160553;161000;Brauner Berg-Dammläufer;Brauner Berg-Dammläufer – Oronebria castanea
103646;Nebria germari;160553;161001;Germars Dammläufer;Germars Dammläufer – Nebria germari
103647;Nebria hellwigii;160553;161002;Hellwigs Dammläufer;Hellwigs Dammläufer – Nebria hellwigii
103648;Nebria jockischii;160553;161003;Jockischs Dammläufer;Jockischs Dammläufer – Nebria jockischii
103649;Nebria livida;160553;161004;Gelbrandiger Dammläufer;Gelbrandiger Dammläufer – Nebria livida
103650;Nebria picicornis;160553;161005;Rotköpfiger Dammläufer;Rotköpfiger Dammläufer – Nebria picicornis
103651;Nebria rufescens;160553;161006;Bergbach-Dammläufer;Bergbach-Dammläufer – Nebria rufescens
103652;Nebria salina;160553;161007;Feld-Dammläufer;Feld-Dammläufer – Nebria salina
103653;Notiophilus aestuans;160553;161008;Schmaler Laubläufer;Schmaler Laubläufer – Notiophilus aestuans
103654;Notiophilus aquaticus;160553;161009;Dunkler Laubläufer;Dunkler Laubläufer – Notiophilus aquaticus
103655;Notiophilus biguttatus;160553;161010;Zweifleckiger Laubläufer;Zweifleckiger Laubläufer – Notiophilus biguttatus
103656;Notiophilus germinyi;160553;161011;Heide-Laubläufer;Heide-Laubläufer – Notiophilus germinyi
103657;Notiophilus palustris;160553;161012;Gewöhnlicher Laubläufer;Gewöhnlicher Laubläufer – Notiophilus palustris
103658;Notiophilus rufipes;160553;161013;Gelbbeiniger Laubläufer;Gelbbeiniger Laubläufer – Notiophilus rufipes
103659;Notiophilus spec.;160553;161014;;Notiophilus spec.
103660;Notiophilus substriatus;160553;161015;Schwachgestreifter Laubläufer;Schwachgestreifter Laubläufer – Notiophilus substriatus
103661;Ocys harpaloides;160553;161016;Weichholzrinden-Ahlenläufer;Weichholzrinden-Ahlenläufer – Ocys harpaloides
103662;Ocys quinquestriatus;160553;161017;Mauer-Ahlenläufer;Mauer-Ahlenläufer – Ocys quinquestriatus
103663;Odacantha melanura;160553;161018;Sumph-Halsläufer;Sumph-Halsläufer – Odacantha melanura
103665;Olisthopus sturmii;160553;161020;Sturms Glattfussläufer;Sturms Glattfussläufer – Olisthopus sturmii
103667;Omophron limbatum;160553;161022;Grüngestreifter Grundläufer;Grüngestreifter Grundläufer – Omophron limbatum
103668;Oodes gracilis;160553;161023;Zierlicher Sumpfläufer;Zierlicher Sumpfläufer – Oodes gracilis
103669;Oodes helopioides;160553;161024;Eiförmiger Sumpfläufer;Eiförmiger Sumpfläufer – Oodes helopioides
103670;Ophonus ardosiacus;160553;161025;Blauer Haarschnelläufer;Blauer Haarschnelläufer – Ophonus ardosiacus
103671;Ophonus azureus;160553;161026;Leuchtender Haarschnelläufer;Leuchtender Haarschnelläufer – Ophonus azureus
103672;Harpalus cephalotes;160553;161027;Grosskopf-Haarschnelläufer;Grosskopf-Haarschnelläufer – Harpalus cephalotes
103673;Ophonus cordatus;160553;161028;Herzhals-Haarschnelläufer;Herzhals-Haarschnelläufer – Ophonus cordatus
103674;Ophonus diffinis;160553;161029;Nahtwinkel-Haarschnelläufer;Nahtwinkel-Haarschnelläufer – Ophonus diffinis
103675;Ophonus melletii;160553;161030;Mellets Haarschnelläufer;Mellets Haarschnelläufer – Ophonus melletii
103676;Ophonus laticollis;160553;161031;Grüner Haarschnelläufer;Grüner Haarschnelläufer – Ophonus laticollis
103677;Ophonus parallelus;160553;161032;Schmaler Haarschnelläufer;Schmaler Haarschnelläufer – Ophonus parallelus
103678;Ophonus puncticeps;160553;161033;Feinpunktierter Haarschnelläufer;Feinpunktierter Haarschnelläufer – Ophonus puncticeps
103679;Ophonus puncticollis;160553;161034;Grobpunktierter Haarschnelläufer;Grobpunktierter Haarschnelläufer – Ophonus puncticollis
103680;Ophonus rufibarbis;160553;161035;Breithalsiger Haarschnellläufer;Breithalsiger Haarschnellläufer – Ophonus rufibarbis
103681;Ophonus rupicola;160553;161036;Zweifarbiger Haarschnelläufer;Zweifarbiger Haarschnelläufer – Ophonus rupicola
103682;Ophonus sabulicola;160553;161037;Violetter Haarschnelläufer;Violetter Haarschnelläufer – Ophonus sabulicola
103683;Ophonus schaubergerianus;160553;161038;Schaubergers Haarschnelläufer;Schaubergers Haarschnelläufer – Ophonus schaubergerianus
103685;Ophonus stictus;160553;161039;Schwarzbehaarter Haarschnelläufer;Schwarzbehaarter Haarschnelläufer – Ophonus stictus
103686;Ophonus subquadratus;160553;161040;Geviert-Haarschnelläufer;Geviert-Haarschnelläufer – Ophonus subquadratus
103687;Ophonus subsinuatus;160553;161041;Buchtiger Haarschnelläufer;Buchtiger Haarschnelläufer – Ophonus subsinuatus
103688;Oxypselaphus obscurus;160553;161042;Sumpf-Enghalsläufer;Sumpf-Enghalsläufer – Oxypselaphus obscurus
103689;Panagaeus bipustulatus;160553;161043;Trockenwiesen-Kreuzläufer;Trockenwiesen-Kreuzläufer – Panagaeus bipustulatus
103690;Panagaeus cruxmajor;160553;161044;Feuchtbrachen-Kreuzläufer;Feuchtbrachen-Kreuzläufer – Panagaeus cruxmajor
103691;Paranchus albipes;160553;161047;Ufer-Enghalsläufer;Ufer-Enghalsläufer – Paranchus albipes
103693;Parophonus maculicornis;160553;161049;Geflecktfühleriger Haarschnelläufer;Geflecktfühleriger Haarschnelläufer – Parophonus maculicornis
103694;Patrobus assimilis;160553;161050;Breiter Grubenhalsläufer;Breiter Grubenhalsläufer – Patrobus assimilis
103695;Patrobus atrorufus;160553;161051;Gewöhnlicher Grubenhalsläufer;Gewöhnlicher Grubenhalsläufer – Patrobus atrorufus
103696;Patrobus australis;160553;161052;Schmaler Grubenhalsläufer;Schmaler Grubenhalsläufer – Patrobus australis
103697;Perigona nigriceps;160553;161053;Kompostläufer;Kompostläufer – Perigona nigriceps
103698;Perileptus areolatus;160553;161054;Schlanker Sand-Ahlenläufer;Schlanker Sand-Ahlenläufer – Perileptus areolatus
103699;Philorhizus melanocephalus;160553;161055;Heller Rindenläufer;Heller Rindenläufer – Philorhizus melanocephalus
103700;Philorhizus notatus;160553;161056;Gebänderter Rindenläufer;Gebänderter Rindenläufer – Philorhizus notatus
103701;Philorhizus quadrisignatus;160553;161057;Grossäugiger Rindenläufer;Grossäugiger Rindenläufer – Philorhizus quadrisignatus
103702;Philorhizus sigma;160553;161058;Sumpf-Rindenläufer;Sumpf-Rindenläufer – Philorhizus sigma
103705;Limodromus krynickii;160553;161061;Krynickis Enghalsläufer;Krynickis Enghalsläufer – Limodromus krynickii
103706;Platynus livens;160553;161062;Sumpfwald-Enghalsläufer;Sumpfwald-Enghalsläufer – Platynus livens
103707;Limodromus longiventris;160553;161063;Gestreckter Enghalsläufer;Gestreckter Enghalsläufer – Limodromus longiventris
103709;Platynus scrobiculatus;160553;161064;Alpen-Enghalsläufer;Alpen-Enghalsläufer – Platynus scrobiculatus
103711;Poecilus cupreus;160553;161066;Gewöhnlicher Buntgrabläufer;Gewöhnlicher Buntgrabläufer – Poecilus cupreus
103712;Poecilus kugelanni;160553;161067;Zweifarbiger Buntgrabläufer;Zweifarbiger Buntgrabläufer – Poecilus kugelanni
103713;Poecilus lepidus;160553;161068;;Poecilus lepidus
103714;Poecilus punctulatus;160553;161069;Mattschwarzer Buntgrabläufer;Mattschwarzer Buntgrabläufer – Poecilus punctulatus
103715;Poecilus sericeus;160553;161070;Blauer Buntgrabläufer;Blauer Buntgrabläufer – Poecilus sericeus
103716;Poecilus versicolor;160553;161071;Glatthalsiger Buntgrabläufer;Glatthalsiger Buntgrabläufer – Poecilus versicolor
103718;Pogonus chalceus;160553;161073;Erzfarbener Salzstellenläufer;Erzfarbener Salzstellenläufer – Pogonus chalceus
103719;Pogonus iridipennis;160553;161074;Schillernder Salzstellenläufer;Schillernder Salzstellenläufer – Pogonus iridipennis
103720;Pogonus luridipennis;160553;161075;Heller Salzstellenläufer;Heller Salzstellenläufer – Pogonus luridipennis
103721;Polistichus connexus;160553;161076;Natterläufer;Natterläufer – Polistichus connexus
103722;Porotachys bisulcatus;160553;161077;Rötlicher Zwergahlenläufer;Rötlicher Zwergahlenläufer – Porotachys bisulcatus
103726;Harpalus rufipes;160553;161081;Gewöhnlicher Haarschnelläufer;Gewöhnlicher Haarschnelläufer – Harpalus rufipes
103728;Pterostichus aethiops;160553;161083;Rundhalsiger Wald-Grabläufer;Rundhalsiger Wald-Grabläufer – Pterostichus aethiops
103729;Pterostichus anthracinus;160553;161084;Kohlschwarzer Grabläufer;Kohlschwarzer Grabläufer – Pterostichus anthracinus
103730;Pterostichus aterrimus;160553;161085;Glänzender Grabläufer;Glänzender Grabläufer – Pterostichus aterrimus
103732;Pterostichus burmeisteri;160553;161086;Kupfriger Grabläufer;Kupfriger Grabläufer – Pterostichus burmeisteri
103733;Pterostichus cristatus;160553;161087;Westlicher Wald-Grabläufer;Westlicher Wald-Grabläufer – Pterostichus cristatus
103734;Pterostichus cursor;160553;161088;Salzstellen-Grabläufer;Salzstellen-Grabläufer – Pterostichus cursor
103735;Pterostichus diligens;160553;161089;Ried-Grabläufer;Ried-Grabläufer – Pterostichus diligens
103736;Pterostichus fasciatopunctatus;160553;161090;Enghalsiger Gebirgs-Grabläufer;Enghalsiger Gebirgs-Grabläufer – Pterostichus fasciatopunctatus
103737;Pterostichus gracilis;160553;161091;Zierlicher Grabläufer;Zierlicher Grabläufer – Pterostichus gracilis
103739;Pterostichus hagenbachii;160553;161093;Hagenbachs Grabläufer;Hagenbachs Grabläufer – Pterostichus hagenbachii
103741;Pterostichus jurinei;160553;161095;Jurines Grabläufer;Jurines Grabläufer – Pterostichus jurinei
103742;Pterostichus kokeilii;160553;161096;Kokeils Grabläufer;Kokeils Grabläufer – Pterostichus kokeilii
103743;Pterostichus longicollis;160553;161097;Langhalsiger Grabläufer;Langhalsiger Grabläufer – Pterostichus longicollis
103744;Pterostichus macer;160553;161098;Herzhals-Grabläufer;Herzhals-Grabläufer – Pterostichus macer
103745;Pterostichus madidus;160553;161099;Gebüsch-Grabläufer;Gebüsch-Grabläufer – Pterostichus madidus
103746;Pterostichus melanarius;160553;161100;Gewöhnlicher Grabläufer;Gewöhnlicher Grabläufer – Pterostichus melanarius
103747;Pterostichus melas;160553;161101;Gewölbter Grabläufer;Gewölbter Grabläufer – Pterostichus melas
103748;Pterostichus multipunctatus;160553;161103;Vielpunktiger Grabläufer;Vielpunktiger Grabläufer – Pterostichus multipunctatus
103749;Pterostichus negligens;160553;161104;Schlankbeiniger Grabläufer;Schlankbeiniger Grabläufer – Pterostichus negligens
103750;Pterostichus niger;160553;161105;Großer Grabläufer;Großer Grabläufer – Pterostichus niger
103751;Pterostichus nigrita;160553;161106;Schwärzlicher Grabläufer;Schwärzlicher Grabläufer – Pterostichus nigrita
103752;Pterostichus oblongopunctatus;160553;161107;Gewöhnlicher Wald-Grabläufer;Gewöhnlicher Wald-Grabläufer – Pterostichus oblongopunctatus
103753;Pterostichus ovoideus;160553;161108;Flachäugiger Grabläufer;Flachäugiger Grabläufer – Pterostichus ovoideus
103754;Pterostichus panzeri;160553;161109;Panzers Grabläufer;Panzers Grabläufer – Pterostichus panzeri
103755;Pterostichus pumilio;160553;161110;Waldstreu-Grabläufer;Waldstreu-Grabläufer – Pterostichus pumilio
103757;Pterostichus quadrifoveolatus;160553;161112;Viergrubiger Grabläufer;Viergrubiger Grabläufer – Pterostichus quadrifoveolatus
103758;Pterostichus rhaeticus;160553;161113;Rhätischer Grabläufer;Rhätischer Grabläufer – Pterostichus rhaeticus
103759;Pterostichus selmanni;160553;161114;Selmanns Grabläufer;Selmanns Grabläufer – Pterostichus selmanni
103760;Pterostichus spec.;160553;161115;;Pterostichus spec.
103761;Pterostichus strenuus;160553;161116;Kleiner Grabläufer;Kleiner Grabläufer – Pterostichus strenuus
103762;Pterostichus subsinuatus;160553;161117;Buchtiger Grabläufer;Buchtiger Grabläufer – Pterostichus subsinuatus
103763;Pterostichus taksonyis;160553;161118;Östlicher Grabläufer;Östlicher Grabläufer – Pterostichus taksonyis
103764;Pterostichus transversalis;160553;161119;Flacher Grabläufer;Flacher Grabläufer – Pterostichus transversalis
103765;Pterostichus unctulatus;160553;161120;Bergstreu-Grabläufer;Bergstreu-Grabläufer – Pterostichus unctulatus
103766;Pterostichus vernalis;160553;161121;Frühlings-Grabläufer;Frühlings-Grabläufer – Pterostichus vernalis
103767;Sericoda quadripunctata;160553;161122;Vierpunkt-Glanzflachläufer;Vierpunkt-Glanzflachläufer – Sericoda quadripunctata
103768;Sphodrus leucophthalmus;160553;161123;Kellerlaufkäfer;Kellerlaufkäfer – Sphodrus leucophthalmus
103769;Stenolophus mixtus;160553;161124;Dunkler Scheibenhals-Schnelläufer;Dunkler Scheibenhals-Schnelläufer – Stenolophus mixtus
103770;Stenolophus skrimshiranus;160553;161125;Rötlicher Scheibenhals-Schnelläufer;Rötlicher Scheibenhals-Schnelläufer – Stenolophus skrimshiranus
103771;Stenolophus teutonus;160553;161126;Bunter Scheibenhals-Schnelläufer;Bunter Scheibenhals-Schnelläufer – Stenolophus teutonus
103772;Stomis pumicatus;160553;161127;Spitzzangenläufer;Spitzzangenläufer – Stomis pumicatus
103773;Syntomus foveatus;160553;161128;Sand-Zwergstreuläufer;Sand-Zwergstreuläufer – Syntomus foveatus
103774;Syntomus obscuroguttatus;160553;161129;Gefleckter Zwergstreuläufer;Gefleckter Zwergstreuläufer – Syntomus obscuroguttatus
103775;Syntomus pallipes;160553;161130;Hellbeiniger Zwergstreuläufer;Hellbeiniger Zwergstreuläufer – Syntomus pallipes
103776;Syntomus truncatellus;160553;161131;Gewöhnlicher Zwergstreuläufer;Gewöhnlicher Zwergstreuläufer – Syntomus truncatellus
103777;Synuchus vivalis;160553;161132;Scheibenhalsläufer;Scheibenhalsläufer – Synuchus vivalis
103780;Paratachys fulvicollis;160553;161135;Brauner Zwergahlenläufer;Brauner Zwergahlenläufer – Paratachys fulvicollis
103784;Tachys scutellaris;160553;161137;Salzstellen-Zwergahlenläufer;Salzstellen-Zwergahlenläufer – Tachys scutellaris
103786;Tachyta nana;160553;161139;Rinden-Zwergahlenläufer;Rinden-Zwergahlenläufer – Tachyta nana
103787;Tapinotus sellatus;160553;161140;Pinkers Zartlaufkäfer;Pinkers Zartlaufkäfer – Tapinotus sellatus
103788;Thalassophilus longicornis;160553;161141;Langfühleriger Zartläufer;Langfühleriger Zartläufer – Thalassophilus longicornis
103789;Trechoblemus micros;160553;161142;Bräunlicher Haarflinkläufer;Bräunlicher Haarflinkläufer – Trechoblemus micros
103790;Trechus alpicola;160553;161143;Alpen-Flinkläufer;Alpen-Flinkläufer – Trechus alpicola
103791;Trechus amplicollis;160553;161144;Breithalsiger Flinkläufer;Breithalsiger Flinkläufer – Trechus amplicollis
103792;Trechus austriacus;160553;161145;Keller-Flinkläufer;Keller-Flinkläufer – Trechus austriacus
103793;Trechus pilisensis;160553;161146;Herzhals-Flinkläufer;Herzhals-Flinkläufer – Trechus pilisensis
103794;Trechus fulvus;160553;161147;Küsten-Flinkläufer;Küsten-Flinkläufer – Trechus fulvus
103795;Trechus glacialis;160553;161148;Eis-Flinkläufer;Eis-Flinkläufer – Trechus glacialis
103796;Trechus hampei;160553;161149;Hampes Flinkläufer;Hampes Flinkläufer – Trechus hampei
103797;Trechus latibuli;160553;161150;Berchtesgadener Flinkläufer;Berchtesgadener Flinkläufer – Trechus latibuli
103798;Trechus montanellus;160553;161151;Böhmischer Flinkläufer;Böhmischer Flinkläufer – Trechus montanellus
103799;Trechus obtusus;160553;161152;Schwachgestreifter Flinkläufer;Schwachgestreifter Flinkläufer – Trechus obtusus
103800;Trechus pinkeri;160553;161153;Pinkers Flinkläufer;Pinkers Flinkläufer – Trechus pinkeri
103801;Trechus pulchellus;160553;161154;Schöner Flinkläufer;Schöner Flinkläufer – Trechus pulchellus
103802;Trechus quadristriatus;160553;161155;Gewöhnlicher Flinkläufer;Gewöhnlicher Flinkläufer – Trechus quadristriatus
103804;Trechus rotundipennis;160553;161156;Runddecken-Flinkläufer;Runddecken-Flinkläufer – Trechus rotundipennis
103805;Trechus rubens;160553;161157;Ziegelroter Flinkläufer;Ziegelroter Flinkläufer – Trechus rubens
103807;Trechus splendens;160553;161158;Glänzender Flinkläufer;Glänzender Flinkläufer – Trechus splendens
103808;Trichocellus cognatus;160553;161159;Moor-Pelzdeckenläufer;Moor-Pelzdeckenläufer – Trichocellus cognatus
103809;Trichocellus placidus;160553;161160;Sumpf-Pelzdeckenläufer;Sumpf-Pelzdeckenläufer – Trichocellus placidus
103810;Trichotichnus laevicollis;160553;161161;Glatter Stirnfurchenläufer;Glatter Stirnfurchenläufer – Trichotichnus laevicollis
103811;Trichotichnus nitens;160553;161162;Schwachpunktierter Stirnfurchenläufer;Schwachpunktierter Stirnfurchenläufer – Trichotichnus nitens
103813;Zabrus tenebrioides;160553;161164;Getreidelaufkäfer;Getreidelaufkäfer – Zabrus tenebrioides
103814;Kurzflügler;159616;159617;;Kurzflügler
103815;Achenium depressum;159617;159618;;Achenium depressum
103816;Achenium humile;159617;159619;;Achenium humile
103817;Acidota crenata;159617;159620;;Acidota crenata
103818;Acidota cruentata;159617;159621;;Acidota cruentata
103819;Manda mandibularis;159617;159622;;Manda mandibularis
103820;Acrolocha amabilis;159617;159623;;Acrolocha amabilis
103821;Acrolocha pliginskii;159617;159624;;Acrolocha pliginskii
103822;Acrolocha sulcula;159617;159625;;Acrolocha sulcula
103823;Acrotona aterrima;159617;159626;;Acrotona aterrima
103825;Atheta clientula;159617;159628;;Atheta clientula
103827;Atheta fussi;159617;159630;;Atheta fussi
103829;Acrotona parvula;159617;159632;;Acrotona parvula
103830;Acrotona pygmaea;159617;159633;;Acrotona pygmaea
103831;Acrulia inflata;159617;159634;;Acrulia inflata
103832;Acylophorus glaberrimus;159617;159635;;Acylophorus glaberrimus
103833;Acylophorus wagenschieberi;159617;159636;;Acylophorus wagenschieberi
103834;Agaricochara latissima;159617;159637;;Agaricochara latissima
103835;Gyrophaena boleti;159617;159638;;Gyrophaena boleti
103836;Alaobia scapularis;159617;159639;;Alaobia scapularis
103837;Aleochara bilineata;159617;159640;;Aleochara bilineata
103839;Aleochara cuniculorum;159617;159642;;Aleochara cuniculorum
103840;Aleochara curtula;159617;159643;;Aleochara curtula
103841;Aleochara albovillosa;159617;159644;;Aleochara albovillosa
103842;Aleochara inconspicua;159617;159645;;Aleochara inconspicua
103843;Aleochara laevigata;159617;159646;;Aleochara laevigata
103844;Aleochara lata;159617;159647;;Aleochara lata
103845;Aleochara laticornis;159617;159648;;Aleochara laticornis
103846;Aleochara maculata;159617;159649;;Aleochara maculata
103847;Aleochara melichari;159617;159650;;Aleochara melichari
103848;Aleochara moesta;159617;159651;;Aleochara moesta
103849;Aleochara ruficornis;159617;159652;;Aleochara ruficornis
103850;Aleochara sanguinea;159617;159653;;Aleochara sanguinea
103851;Aleochara stichai;159617;159654;;Aleochara stichai
103852;Aleochara tristis;159617;159655;;Aleochara tristis
103853;Aleochara verna;159617;159656;;Aleochara verna
103854;Aleuonota egregia;159617;159657;;Aleuonota egregia
103855;Aleuonota gracilenta;159617;159658;;Aleuonota gracilenta
103856;Aleuonota rufotestacea;159617;159659;;Aleuonota rufotestacea
103857;Alianta incana;159617;159660;;Alianta incana
103858;Aloconota appulsa;159617;159661;;Aloconota appulsa
103859;Aloconota cambrica;159617;159662;;Aloconota cambrica
103860;Aloconota currax;159617;159663;;Aloconota currax
103861;Aloconota debilicornis;159617;159664;;Aloconota debilicornis
103862;Aloconota eichhoffi;159617;159665;;Aloconota eichhoffi
103863;Aloconota insecta;159617;159666;;Aloconota insecta
103865;Aloconota mihoki;159617;159668;;Aloconota mihoki
103866;Aloconota pfefferi;159617;159669;;Aloconota pfefferi
103867;Aloconota planifrons;159617;159670;;Aloconota planifrons
103868;Aloconota subgrandis;159617;159671;;Aloconota subgrandis
103869;Aloconota sulcifrons;159617;159672;;Aloconota sulcifrons
103871;Amarochara forticornis;159617;159674;;Amarochara forticornis
103872;Amarochara umbrosa;159617;159675;;Amarochara umbrosa
103873;Amischa analis;159617;159676;;Amischa analis
103874;Amischa bifoveolata;159617;159677;;Amischa bifoveolata
103875;Amischa decipiens;159617;159678;;Amischa decipiens
103876;Amischa forcipata;159617;159679;;Amischa forcipata
103877;Amischa nigrofusca;159617;159680;;Amischa nigrofusca
103878;Falagrioma thoracica;159617;159681;;Falagrioma thoracica
103879;Ochthephilus aureus;159617;159682;;Ochthephilus aureus
103880;Ochthephilus flexuosus;159617;159683;;Ochthephilus flexuosus
103881;Ochthephilus omalinus;159617;159684;;Ochthephilus omalinus
103882;Anomognathus cuspidatus;159617;159685;;Anomognathus cuspidatus
103883;Anthophagus angusticollis;159617;159686;;Anthophagus angusticollis
103884;Anthophagus caraboides;159617;159687;;Anthophagus caraboides
103885;Anthophagus praeustus;159617;159688;;Anthophagus praeustus
103886;Apimela macella;159617;159689;;Apimela macella
103887;Apimela mulsanti;159617;159690;;Apimela mulsanti
103888;Arpedium quadrum;159617;159691;;Arpedium quadrum
103889;Astenus immaculatus;159617;159692;;Astenus immaculatus
103890;Astenus subditus;159617;159693;;Astenus subditus
103891;Drusilla canaliculata;159617;159694;;Drusilla canaliculata
103892;Lomechusa emarginata;159617;159695;;Lomechusa emarginata
103893;Lomechusa paradoxa;159617;159696;;Lomechusa paradoxa
103894;Lomechusa pubicollis;159617;159697;;Lomechusa pubicollis
103895;Atheta aegra;159617;159698;;Atheta aegra
103896;Atheta amplicollis;159617;159699;;Atheta amplicollis
103897;Atheta aquatilis;159617;159700;;Atheta aquatilis
103898;Atheta arctica;159617;159701;;Atheta arctica
103899;Atheta atomaria;159617;159702;;Atheta atomaria
103900;Atheta atricolor;159617;159703;;Atheta atricolor
103901;Atheta autumnalis;159617;159704;;Atheta autumnalis
103902;Atheta basicornis;159617;159705;;Atheta basicornis
103903;Atheta benickiella;159617;159706;;Atheta benickiella
103904;Atheta boreella;159617;159707;;Atheta boreella
103905;Atheta britanniae;159617;159708;;Atheta britanniae
103906;Atheta canescens;159617;159709;;Atheta canescens
103907;Atheta cinnamoptera;159617;159710;;Atheta cinnamoptera
103908;Dochmonota clancula;159617;159711;;Dochmonota clancula
103909;Atheta contristata;159617;159712;;Atheta contristata
103910;Atheta coriaria;159617;159713;;Atheta coriaria
103911;Atheta corvina;159617;159714;;Atheta corvina
103912;Atheta cribrata;159617;159715;;Atheta cribrata
103913;Atheta dadopora;159617;159716;;Atheta dadopora
103914;Atheta debilis;159617;159717;;Atheta debilis
103915;Atheta deformis;159617;159718;;Atheta deformis
103916;Atheta dilaticornis;159617;159719;;Atheta dilaticornis
103917;Atheta divisa;159617;159720;;Atheta divisa
103918;Plataraea dubiosa;159617;159721;;Plataraea dubiosa
103919;Atheta ebenina;159617;159722;;Atheta ebenina
103920;Atheta episcopalis;159617;159723;;Atheta episcopalis
103921;Atheta euryptera;159617;159724;;Atheta euryptera
103923;Atheta fallaciosa;159617;159726;;Atheta fallaciosa
103924;Atheta fimorum;159617;159727;;Atheta fimorum
103925;Atheta fungicola;159617;159728;;Atheta fungicola
103926;Atheta fungivora;159617;159729;;Atheta fungivora
103927;Atheta gagatina;159617;159730;;Atheta gagatina
103928;Atheta ganglbaueri;159617;159731;;Atheta ganglbaueri
103929;Atheta gilvicollis;159617;159732;;Atheta gilvicollis
103930;Atheta glabricula;159617;159733;;Atheta glabricula
103932;Atheta gyllenhalii;159617;159735;;Atheta gyllenhalii
103933;Atheta hansseni;159617;159736;;Atheta hansseni
103934;Atheta harwoodi;159617;159737;;Atheta harwoodi
103935;Atheta heymesi;159617;159738;;Atheta heymesi
103936;Atheta hybrida;159617;159739;;Atheta hybrida
103937;Atheta hygrobia;159617;159740;;Atheta hygrobia
103938;Atheta hypnorum;159617;159741;;Atheta hypnorum
103939;Atheta incognita;159617;159742;;Atheta incognita
103940;Atheta indubia;159617;159743;;Atheta indubia
103941;Paranopleta inhabilis;159617;159744;;Paranopleta inhabilis
103943;Atheta intermedia;159617;159746;;Atheta intermedia
103944;Atheta ischnocera;159617;159747;;Atheta ischnocera
103945;Atheta laevana;159617;159748;;Atheta laevana
103947;Atheta liliputana;159617;159750;;Atheta liliputana
103948;Atheta liturata;159617;159751;;Atheta liturata
103949;Atheta luteipes;159617;159752;;Atheta luteipes
103950;Atheta macrocera;159617;159753;;Atheta macrocera
103951;Atheta minuscula;159617;159754;;Atheta minuscula
103952;Atheta monticola;159617;159755;;Atheta monticola
103953;Atheta mortuorum;159617;159756;;Atheta mortuorum
103954;Acrotona muscorum;159617;159757;;Acrotona muscorum
103955;Atheta myrmecobia;159617;159758;;Atheta myrmecobia
103956;Atheta parca;159617;159759;;Atheta parca
103957;Atheta nidicola;159617;159760;;Atheta nidicola
103958;Pachnida nigella;159617;159761;;Pachnida nigella
103959;Atheta nigricornis;159617;159762;;Atheta nigricornis
103961;Atheta nigripes;159617;159764;;Atheta nigripes
103962;Atheta nigritula;159617;159765;;Atheta nigritula
103963;Atheta nitella;159617;159766;;Atheta nitella
103964;Acrotona obfuscata;159617;159767;;Acrotona obfuscata
103965;Atheta oblita;159617;159768;;Atheta oblita
103966;Atheta obtusangula;159617;159769;;Atheta obtusangula
103967;Atheta orbata;159617;159770;;Atheta orbata
103968;Atheta orphana;159617;159771;;Atheta orphana
103970;Atheta palleola;159617;159773;;Atheta palleola
103971;Atheta pallidicornis;159617;159774;;Atheta pallidicornis
103972;Atheta paracrassicornis;159617;159775;;Atheta paracrassicornis
103973;Atheta parapicipennis;159617;159776;;Atheta parapicipennis
103974;Acrotona parens;159617;159777;;Acrotona parens
103976;Atheta picipes;159617;159779;;Atheta picipes
103977;Atheta pilicornis;159617;159780;;Atheta pilicornis
103978;Atheta puberula;159617;159781;;Atheta puberula
103979;Acrotona pusilla;159617;159782;;Acrotona pusilla
103980;Atheta putrida;159617;159783;;Atheta putrida
103981;Atheta rhenana;159617;159784;;Atheta rhenana
103982;Atheta schmausi;159617;159785;;Atheta schmausi
103983;Atheta setigera;159617;159786;;Atheta setigera
103985;Atheta sodalis;159617;159788;;Atheta sodalis
103986;Atheta strandiella;159617;159789;;Atheta strandiella
103987;Atheta subglabra;159617;159790;;Atheta subglabra
103988;Atheta subsinuata;159617;159791;;Atheta subsinuata
103989;Neohilara subterranea;159617;159792;;Neohilara subterranea
103990;Atheta subtilis;159617;159793;;Atheta subtilis
103991;Amidobia talpa;159617;159794;;Amidobia talpa
103992;Atheta terminalis;159617;159795;;Atheta terminalis
103993;Atheta testaceipes;159617;159796;;Atheta testaceipes
103994;Atheta triangulum;159617;159797;;Atheta triangulum
103995;Atheta trinotata;159617;159798;;Atheta trinotata
103996;Atheta vilis;159617;159799;;Atheta vilis
103997;Liogluta wuesthoffi;159617;159800;;Liogluta wuesthoffi
103998;Atheta xanthopus;159617;159801;;Atheta xanthopus
103999;Atheta zosterae;159617;159802;;Atheta zosterae
104000;Autalia impressa;159617;159803;;Autalia impressa
104001;Autalia longicornis;159617;159804;;Autalia longicornis
104002;Autalia rivularis;159617;159805;;Autalia rivularis
104005;Atrecus affinis;159617;159808;;Atrecus affinis
104006;Aleochara intricata;159617;159809;;Aleochara intricata
104007;Atheta excellens;159617;159810;;Atheta excellens
104008;Atheta occulta;159617;159811;;Atheta occulta
104009;Oxypoda annularis;159617;159812;;Oxypoda annularis
104010;Oxypoda ferruginea;159617;159813;;Oxypoda ferruginea
104011;Bledius atricapillus;159617;159814;;Bledius atricapillus
104012;Bledius cribricollis;159617;159815;;Bledius cribricollis
104013;Bledius defensus;159617;159816;;Bledius defensus
104014;Bledius dissimilis;159617;159817;;Bledius dissimilis
104015;Bledius erraticus;159617;159818;;Bledius erraticus
104016;Bledius femoralis;159617;159819;;Bledius femoralis
104017;Bledius filipes;159617;159820;;Bledius filipes
104018;Bledius longulus;159617;159821;;Bledius longulus
104019;Bledius opacus;159617;159822;;Bledius opacus
104020;Bledius pallipes;159617;159823;;Bledius pallipes
104021;Bledius procerulus;159617;159824;;Bledius procerulus
104022;Bledius spec.;159617;159825;;Bledius spec.
104023;Bledius subterraneus;159617;159826;;Bledius subterraneus
104024;Bledius tricornis;159617;159827;;Bledius tricornis
104025;Bohemiellina flavipennis;159617;159828;;Bohemiellina flavipennis
104027;Lordithon pulchellus;159617;159831;;Lordithon pulchellus
104029;Bolitochara lucida;159617;159833;;Bolitochara lucida
104030;Bolitochara pulchra;159617;159834;;Bolitochara pulchra
104031;Borboropora kraatzii;159617;159835;;Borboropora kraatzii
104032;Brachida exigua;159617;159836;;Brachida exigua
104033;Brachyusa concolor;159617;159837;;Brachyusa concolor
104034;Bolitobius castaneus;159617;159838;;Bolitobius castaneus
104035;Bolitobius cingulata;159617;159839;;Bolitobius cingulata
104037;Bolitobius inclinans;159617;159841;;Bolitobius inclinans
104038;Bryoporus cernuus;159617;159842;;Bryoporus cernuus
104039;Bryophacis crassicornis;159617;159843;;Bryophacis crassicornis
104040;Bryophacis rufus;159617;159844;;Bryophacis rufus
104041;Tachyusa exarata;159617;159845;;Tachyusa exarata
104042;Tachyusa balteata;159617;159846;;Tachyusa balteata
104043;Callicerus obscurus;159617;159847;;Callicerus obscurus
104044;Callicerus rigidicornis;159617;159848;;Callicerus rigidicornis
104045;Calodera nigrita;159617;159849;;Calodera nigrita
104046;Calodera protensa;159617;159850;;Calodera protensa
104047;Calodera riparia;159617;159851;;Calodera riparia
104048;Calodera rufescens;159617;159852;;Calodera rufescens
104049;Calodera uliginosa;159617;159853;;Calodera uliginosa
104051;Tachyusa scitula;159617;159855;;Tachyusa scitula
104052;Aleochara erythroptera;159617;159856;;Aleochara erythroptera
104053;Atheta longicornis;159617;159857;;Atheta longicornis
104054;Parocyusa longitarsis;159617;159858;;Parocyusa longitarsis
104055;Parocyusa rubicunda;159617;159859;;Parocyusa rubicunda
104056;Sepedophilus bipunctatus;159617;159860;;Sepedophilus bipunctatus
104057;Sepedophilus bipustulatus;159617;159861;;Sepedophilus bipustulatus
104061;Sepedophilus obtusus;159617;159865;;Sepedophilus obtusus
104062;Sepedophilus pedicularius;159617;159866;;Sepedophilus pedicularius
104064;Sepedophilus lividus;159617;159868;;Sepedophilus lividus
104066;Acrotona consanguinea;159617;159870;;Acrotona consanguinea
104067;Atheta melanaria;159617;159871;;Atheta melanaria
104068;Atheta sordidula;159617;159872;;Atheta sordidula
104069;Cordalia obscura;159617;159873;;Cordalia obscura
104070;Coryphium angusticolle;159617;159874;;Coryphium angusticolle
104071;Ocyusa nigrata;159617;159875;;Ocyusa nigrata
104072;Cphaea curtula;159617;159876;;Cphaea curtula
104073;Crataraea suturalis;159617;159877;;Crataraea suturalis
104074;Creophilus maxillosus;159617;159878;;Creophilus maxillosus
104075;Cryptobium collare;159617;159879;;Cryptobium collare
104076;Cryptorhynchus lapathi;161165;161653;Erlenwürger;Erlenwürger – Cryptorhynchus lapathi
104077;Dadobia immersa;159617;159880;;Dadobia immersa
104081;Deinopsis erosa;159617;159884;;Deinopsis erosa
104082;Deleaster dichrous;159617;159885;;Deleaster dichrous
104083;Oxypoda bicolor;159617;159886;;Oxypoda bicolor
104084;Oxypoda filiformis;159617;159887;;Oxypoda filiformis
104086;Oxypoda haemorrhoa;159617;159889;;Oxypoda haemorrhoa
104087;Bolitochara mulsanti;159617;159890;;Bolitochara mulsanti
104088;Oxypoda rugulosa;159617;159891;;Oxypoda rugulosa
104089;Deubelia picina;159617;159892;;Deubelia picina
104090;Dexiogya corticina;159617;159893;;Dexiogya corticina
104091;Dexiogya forticornis;159617;159894;;Dexiogya forticornis
104092;Dianous coerulescens;159617;159895;;Dianous coerulescens
104095;Atheta cadaverina;159617;159898;;Atheta cadaverina
104096;Atheta europaea;159617;159899;;Atheta europaea
104097;Atheta marcida;159617;159900;;Atheta marcida
104098;Atheta picipennis;159617;159901;;Atheta picipennis
104099;Dinaraea aequata;159617;159902;;Dinaraea aequata
104100;Dinaraea angustula;159617;159903;;Dinaraea angustula
104101;Dinaraea arcana;159617;159904;;Dinaraea arcana
104102;Dinaraea linearis;159617;159905;;Dinaraea linearis
104103;Dinarda dentata;159617;159906;;Dinarda dentata
104104;Dinarda hagensi;159617;159907;;Dinarda hagensi
104105;Dinarda maerkelii;159617;159908;;Dinarda maerkelii
104106;Dinarda pygmaea;159617;159909;;Dinarda pygmaea
104108;Disopora languida;159617;159911;;Disopora languida
104109;Disopora longicollis;159617;159912;;Disopora longicollis
104110;Disopora ultima;159617;159913;;Disopora ultima
104111;Bolitochara bella;159617;159914;;Bolitochara bella
104114;Domene scabricollis;159617;159917;;Domene scabricollis
104115;Dacrila fallax;159617;159918;;Dacrila fallax
104117;Tachinus elongatus;159617;159920;;Tachinus elongatus
104119;Edaphus beszedesi;159617;159922;;Edaphus beszedesi
104120;Emus hirtus;159617;159923;;Emus hirtus
104121;Enalodroma hepatica;159617;159924;;Enalodroma hepatica
104122;Encephalus complicans;159617;159925;;Encephalus complicans
104123;Erichsonius cinerascens;159617;159926;;Erichsonius cinerascens
104124;Erichsonius signaticornis;159617;159927;;Erichsonius signaticornis
104125;Euaesthetus superlatus;159617;159928;;Euaesthetus superlatus
104126;Euryalea decumana;159617;159929;;Euryalea decumana
104127;Aleochara brevipennis;159617;159930;;Aleochara brevipennis
104128;Aleochara puberula;159617;159931;;Aleochara puberula
104129;Euryporus picipes;159617;159932;;Euryporus picipes
104130;Euryusa castanoptera;159617;159933;;Euryusa castanoptera
104131;Euryusa optabilis;159617;159934;;Euryusa optabilis
104132;Euryusa sinuata;159617;159935;;Euryusa sinuata
104133;Eusphalerum atrum;159617;159936;;Eusphalerum atrum
104134;Eusphalerum florale;159617;159937;;Eusphalerum florale
104135;Eusphalerum limbatum;159617;159938;;Eusphalerum limbatum
104136;Eusphalerum longipenne;159617;159939;;Eusphalerum longipenne
104137;Eusphalerum primulae;159617;159940;;Eusphalerum primulae
104138;Eusphalerum sorbi;159617;159941;;Eusphalerum sorbi
104139;Eusphalerum umbellatarum;159617;159942;;Eusphalerum umbellatarum
104140;Eusphalerum umbellatarum celticum;159617;159943;;Eusphalerum umbellatarum celticum
104141;Myrmecocephalus concinna;159617;159944;;Myrmecocephalus concinna
104142;Falagria caesa;159617;159945;;Falagria caesa
104143;Falagria sulcatula;159617;159946;;Falagria sulcatula
104144;Gabrius appendiculatus;159617;159947;;Gabrius appendiculatus
104145;Gabrius astutus;159617;159948;;Gabrius astutus
104146;Gabrius bishopi;159617;159949;;Gabrius bishopi
104147;Gabrius exiguus;159617;159950;;Gabrius exiguus
104148;Gabrius femoralis;159617;159951;;Gabrius femoralis
104149;Gabrius lividipes;159617;159952;;Gabrius lividipes
104150;Gabrius nigritulus;159617;159953;;Gabrius nigritulus
104151;Gabrius coxalus;159617;159954;;Gabrius coxalus
104152;Gabrius piliger;159617;159955;;Gabrius piliger
104153;Gabrius splendidulus;159617;159956;;Gabrius splendidulus
104154;Gabrius subnigritulus;159617;159957;;Gabrius subnigritulus
104155;Gabrius toxotes;159617;159958;;Gabrius toxotes
104156;Gabrius trossulus;159617;159959;;Gabrius trossulus
104157;Gabrius velox;159617;159960;;Gabrius velox
104158;Gabrius osseticus;159617;159961;;Gabrius osseticus
104159;Gabronthus thermarum;159617;159962;;Gabronthus thermarum
104160;Gauropterus fulgidus;159617;159963;;Gauropterus fulgidus
104161;Philonthus albipes;159617;159964;;Philonthus albipes
104162;Philonthus nitidicollis;159617;159965;;Philonthus nitidicollis
104163;Philonthus cephalotes;159617;159966;;Philonthus cephalotes
104165;Philonthus fimetarius;159617;159968;;Philonthus fimetarius
104166;Philonthus rubripennis;159617;159969;;Philonthus rubripennis
104170;Philonthus jurgans;159617;159973;;Philonthus jurgans
104171;Philonthus lepidus;159617;159974;;Philonthus lepidus
104172;Philonthus longicornis;159617;159975;;Philonthus longicornis
104173;Philonthus micans;159617;159976;;Philonthus micans
104177;Philonthus scribai;159617;159980;;Philonthus scribai
104178;Philonthus sordidus;159617;159981;;Philonthus sordidus
104179;Philonthus spermophili;159617;159982;;Philonthus spermophili
104185;Philonthus ventralis;159617;159988;;Philonthus ventralis
104186;Geodromicus nigrita;159617;159989;;Geodromicus nigrita
104188;Gnypeta carbonaria;159617;159991;;Gnypeta carbonaria
104189;Gnypeta ripicola;159617;159992;;Gnypeta ripicola
104190;Gnypeta rubrior;159617;159993;;Gnypeta rubrior
104191;Dasygnypeta velata;159617;159994;;Dasygnypeta velata
104193;Ocypus ophthalmicus;159617;159996;;Ocypus ophthalmicus
104194;Ocypus nero;159617;159997;;Ocypus nero
104195;Gymnusa brevicollis;159617;159998;;Gymnusa brevicollis
104196;Gymnusa variegata;159617;159999;;Gymnusa variegata
104197;Gyrohypnus angustatus;159617;160000;;Gyrohypnus angustatus
104198;Gyrohypnus atratus;159617;160001;;Gyrohypnus atratus
104199;Gyrohypnus fracticornis;159617;160002;;Gyrohypnus fracticornis
104200;Gyrohypnus liebei;159617;160003;;Gyrohypnus liebei
104201;Gyrophaena bihamata;159617;160004;;Gyrophaena bihamata
104202;Gyrophaena fasciata;159617;160005;;Gyrophaena fasciata
104203;Gyrophaena gentilis;159617;160006;;Gyrophaena gentilis
104204;Gyrophaena joyi;159617;160007;;Gyrophaena joyi
104205;Gyrophaena joyioides;159617;160008;;Gyrophaena joyioides
104207;Gyrophaena lucidula;159617;160010;;Gyrophaena lucidula
104208;Gyrophaena angustata;159617;160011;;Gyrophaena angustata
104209;Gyrophaena minima;159617;160012;;Gyrophaena minima
104210;Gyrophaena munsteri;159617;160013;;Gyrophaena munsteri
104211;Gyrophaena nana;159617;160014;;Gyrophaena nana
104212;Gyrophaena polita;159617;160015;;Gyrophaena polita
104213;Gyrophaena poweri;159617;160016;;Gyrophaena poweri
104214;Gyrophaena pseudonana;159617;160017;;Gyrophaena pseudonana
104215;Gyrophaena rosskotheni;159617;160018;;Gyrophaena rosskotheni
104216;Gyrophaena transversalis;159617;160019;;Gyrophaena transversalis
104217;Gyrophaena williamsi;159617;160020;;Gyrophaena williamsi
104218;Habrocerus capillaricornis;159617;160021;;Habrocerus capillaricornis
104219;Hesperus rufipennis;159617;160022;;Hesperus rufipennis
104220;Heterothops dissimilis;159617;160023;;Heterothops dissimilis
104221;Heterothops minutus;159617;160024;;Heterothops minutus
104222;Heterothops niger;159617;160025;;Heterothops niger
104223;Heterothops praevius;159617;160026;;Heterothops praevius
104224;Heterothops quadripunctulus;159617;160027;;Heterothops quadripunctulus
104225;Heterothops stiglundbergi;159617;160028;;Heterothops stiglundbergi
104226;Holobus flavicornis;159617;160029;;Holobus flavicornis
104227;Homalota plana;159617;160030;;Homalota plana
104229;Homoeusa acuminata;159617;160032;;Homoeusa acuminata
104230;Hydrosmecta delicatula;159617;160033;;Hydrosmecta delicatula
104231;Hydrosmecta eximia;159617;160034;;Hydrosmecta eximia
104232;Hydrosmecta fluviatilis;159617;160035;;Hydrosmecta fluviatilis
104233;Hydrosmecta fragilicornis;159617;160036;;Hydrosmecta fragilicornis
104234;Hydrosmecta fragilis;159617;160037;;Hydrosmecta fragilis
104235;Hydrosmecta gracilicornis;159617;160038;;Hydrosmecta gracilicornis
104236;Hydrosmecta longula;159617;160039;;Hydrosmecta longula
104237;Hydrosmecta subtilissima;159617;160040;;Hydrosmecta subtilissima
104241;Atheta hygrotopora;159617;160044;;Atheta hygrotopora
104242;Atheta luridipennis;159617;160045;;Atheta luridipennis
104244;Atheta melanocera;159617;160047;;Atheta melanocera
104247;Atheta volans;159617;160050;;Atheta volans
104248;Hygronoma dimidiata;159617;160051;;Hygronoma dimidiata
104249;Hygropora cunctans;159617;160052;;Hygropora cunctans
104250;Atheta aquatica;159617;160053;;Atheta aquatica
104251;Atheta brunneipennis;159617;160054;;Atheta brunneipennis
104252;Atheta castanoptera;159617;160055;;Atheta castanoptera
104253;Atheta pertyi;159617;160056;;Atheta pertyi
104255;Cypha imitator;159617;160058;;Cypha imitator
104256;Cypha laeviuscula;159617;160059;;Cypha laeviuscula
104258;Cypha nitida;159617;160061;;Cypha nitida
104259;Cypha ovulum;159617;160062;;Cypha ovulum
104260;Cypha pulicaria;159617;160063;;Cypha pulicaria
104262;Cypha seminula;159617;160065;;Cypha seminula
104263;Cypha tarsalis;159617;160066;;Cypha tarsalis
104264;Chloecharis debilicornis;159617;160067;;Chloecharis debilicornis
104266;Ilyobates nigricollis;159617;160069;;Ilyobates nigricollis
104267;Ilyobates propinquus;159617;160070;;Ilyobates propinquus
104268;Ischnoglossa obscura;159617;160071;;Ischnoglossa obscura
104269;Ischnoglossa prolixa;159617;160072;;Ischnoglossa prolixa
104270;Ischnopoda leucopus;159617;160073;;Ischnopoda leucopus
104271;Ischnopoda umbratica;159617;160074;;Ischnopoda umbratica
104272;Ischnosoma longicornis;159617;160075;;Ischnosoma longicornis
104273;Ischnosoma splendidus;159617;160076;;Ischnosoma splendidus
104274;Lamprinodes haematopterus;159617;160077;;Lamprinodes haematopterus
104275;Lamprinodes saginatus;159617;160078;;Lamprinodes saginatus
104276;Lamprinus erythropterus;159617;160079;;Lamprinus erythropterus
104277;Anthobium melanocephalum;159617;160080;;Anthobium melanocephalum
104278;Lathrobium andorranum;159617;160081;;Lathrobium andorranum
104279;Lathrobium dilutum;159617;160082;;Lathrobium dilutum
104280;Lathrobium elongatum;159617;160083;;Lathrobium elongatum
104281;Lathrobium impressum;159617;160084;;Lathrobium impressum
104282;Lathrobium pallidum;159617;160085;;Lathrobium pallidum
104283;Lathrobium rufipenne;159617;160086;;Lathrobium rufipenne
104284;Leptacinus formicetorum;159617;160087;;Leptacinus formicetorum
104285;Leptacinus intermedius;159617;160088;;Leptacinus intermedius
104286;Leptacinus pusillus;159617;160089;;Leptacinus pusillus
104287;Leptacinus sulcifrons;159617;160090;;Leptacinus sulcifrons
104288;Leptacinus batychrus;159617;160091;;Leptacinus batychrus
104289;Gyrophaena affinis;159617;160092;;Gyrophaena affinis
104290;Gyrophaena pulchella;159617;160093;;Gyrophaena pulchella
104291;Leptusa fumida;159617;160094;;Leptusa fumida
104292;Leptusa norvegica;159617;160095;;Leptusa norvegica
104293;Leptusa pulchella;159617;160096;;Leptusa pulchella
104294;Lesteva hanseni;159617;160097;;Lesteva hanseni
104295;Lesteva punctata;159617;160098;;Lesteva punctata
104296;Lesteva sicula;159617;160099;;Lesteva sicula
104297;Lesteva sicula heeri;159617;160100;;Lesteva sicula heeri
104298;Cilea silphoides;159617;160101;;Cilea silphoides
104299;Liogluta granigera;159617;160102;;Liogluta granigera
104300;Atheta laevicauda;159617;160103;;Atheta laevicauda
104301;Liogluta longiuscula;159617;160104;;Liogluta longiuscula
104302;Liogluta alpestris;159617;160105;;Liogluta alpestris
104303;Liogluta oblongiuscula;159617;160106;;Liogluta oblongiuscula
104304;Liogluta pagana;159617;160107;;Liogluta pagana
104305;Lomechusoides strumosa;159617;160108;;Lomechusoides strumosa
104306;Lordithon exoletus;159617;160109;;Lordithon exoletus
104307;Lordithon thoracicus;159617;160110;;Lordithon thoracicus
104308;Lordithon trinotatus;159617;160111;;Lordithon trinotatus
104309;Lyprocorrhe anceps;159617;160112;;Lyprocorrhe anceps
104310;Medon apicalis;159617;160113;;Medon apicalis
104311;Medon fusculus;159617;160114;;Medon fusculus
104312;Luzea nigritula;159617;160115;;Luzea nigritula
104313;Medon ripicola;159617;160116;;Medon ripicola
104314;Lypoglossa lateralis;159617;160117;;Lypoglossa lateralis
104315;Megaloscapa punctipennis;159617;160118;;Megaloscapa punctipennis
104318;Meotica capitalis;159617;160121;;Meotica capitalis
104320;Meotica exilis;159617;160123;;Meotica exilis
104321;Meotica exillima;159617;160124;;Meotica exillima
104324;Meotica kochi;159617;160127;;Meotica kochi
104325;Thecturota marchii;159617;160128;;Thecturota marchii
104326;Meotica pallens;159617;160129;;Meotica pallens
104329;Meotica soniae;159617;160132;;Meotica soniae
104331;Metopsia clypeata;159617;160134;;Metopsia clypeata
104332;Atheta amicula;159617;160135;;Atheta amicula
104336;Atheta pittionii;159617;160139;;Atheta pittionii
104337;Haploglossa gentilis;159617;160140;;Haploglossa gentilis
104339;Haploglossa picipennis;159617;160142;;Haploglossa picipennis
104341;Haploglossa nidicola;159617;160144;;Haploglossa nidicola
104342;Micropeplus marietti;159617;160145;;Micropeplus marietti
104343;Micropeplus staphylinoides;159617;160146;;Micropeplus staphylinoides
104344;Micropeplus tesserula;159617;160147;;Micropeplus tesserula
104348;Quedius lateralis;159617;160151;;Quedius lateralis
104349;Quedius maurus;159617;160152;;Quedius maurus
104351;Quedius nigrocoeruleus;159617;160154;;Quedius nigrocoeruleus
104352;Quedius puncticollis;159617;160155;;Quedius puncticollis
104354;Mniusa incrassata;159617;160157;;Mniusa incrassata
104356;Mycetoporus ambiguus;159617;160159;;Mycetoporus ambiguus
104357;Mycetoporus angularis;159617;160160;;Mycetoporus angularis
104358;Mycetoporus baudueri;159617;160161;;Mycetoporus baudueri
104359;Mycetoporus lepidus;159617;160162;;Mycetoporus lepidus
104360;Mycetoporus clavicornis;159617;160163;;Mycetoporus clavicornis
104361;Mycetoporus forticornis;159617;160164;;Mycetoporus forticornis
104362;Mycetoporus longulus;159617;160165;;Mycetoporus longulus
104363;Mycetoporus maerkelii;159617;160166;;Mycetoporus maerkelii
104364;Mycetoporus mulsanti;159617;160167;;Mycetoporus mulsanti
104365;Mycetoporus niger;159617;160168;;Mycetoporus niger
104366;Mycetoporus piceolus;159617;160169;;Mycetoporus piceolus
104367;Mycetoporus punctus;159617;160170;;Mycetoporus punctus
104368;Mycetoporus rufescens;159617;160171;;Mycetoporus rufescens
104369;Mycetoporus bimaculatus;159617;160172;;Mycetoporus bimaculatus
104370;Mycetoporus solidicornis;159617;160173;;Mycetoporus solidicornis
104372;Myllaena dubia;159617;160175;;Myllaena dubia
104373;Myllaena elongata;159617;160176;;Myllaena elongata
104374;Myllaena gracilicornis;159617;160177;;Myllaena gracilicornis
104375;Myllaena gracilis;159617;160178;;Myllaena gracilis
104376;Myllaena infuscata;159617;160179;;Myllaena infuscata
104377;Myllaena intermedia;159617;160180;;Myllaena intermedia
104378;Myllaena kraatzi;159617;160181;;Myllaena kraatzi
104379;Myllaena minuta;159617;160182;;Myllaena minuta
104381;Myrmoecia confragrosa;159617;160184;;Myrmoecia confragrosa
104382;Myrmoecia plicata;159617;160185;;Myrmoecia plicata
104383;Neobisnius lathrobioides;159617;160186;;Neobisnius lathrobioides
104384;Neobisnius procerulus;159617;160187;;Neobisnius procerulus
104385;Neobisnius prolixus;159617;160188;;Neobisnius prolixus
104386;Neobisnius villosulus;159617;160189;;Neobisnius villosulus
104387;Notothecta confusa;159617;160190;;Notothecta confusa
104388;Notothecta flavipes;159617;160191;;Notothecta flavipes
104389;Notothecta spec.;159617;160192;;Notothecta spec.
104390;Nudobius lentus;159617;160193;;Nudobius lentus
104391;Ocalea badia;159617;160194;;Ocalea badia
104392;Ocalea concolor;159617;160195;;Ocalea concolor
104393;Ocalea picata;159617;160196;;Ocalea picata
104394;Ocalea rivularis;159617;160197;;Ocalea rivularis
104395;Ocypus aeneocephalus;159617;160198;;Ocypus aeneocephalus
104396;Ocypus ater;159617;160199;;Ocypus ater
104397;Ocypus brunnipes;159617;160200;;Ocypus brunnipes
104398;Ocypus compressus;159617;160201;;Ocypus compressus
104399;Ocypus fulvipennis;159617;160202;;Ocypus fulvipennis
104400;Ocypus macrocephalus;159617;160203;;Ocypus macrocephalus
104401;Ocypus melanarius;159617;160204;;Ocypus melanarius
104402;Ocypus olens;159617;160205;;Ocypus olens
104403;Ocypus pedator;159617;160206;;Ocypus pedator
104405;Ocypus spec.;159617;160208;;Ocypus spec.
104406;Ocypus tenebricosus;159617;160209;;Ocypus tenebricosus
104408;Ocypus winkleri;159617;160211;;Ocypus winkleri
104409;Ocyusa maura;159617;160212;;Ocyusa maura
104410;Ocyusa nitidiventris;159617;160213;;Ocyusa nitidiventris
104412;Oligota pumilio;159617;160215;;Oligota pumilio
104413;Holobus apicatus;159617;160216;;Holobus apicatus
104415;Oligota granaria;159617;160218;;Oligota granaria
104416;Oligota inflata;159617;160219;;Oligota inflata
104417;Oligota parva;159617;160220;;Oligota parva
104418;Oligota pusillima;159617;160221;;Oligota pusillima
104419;Olophrum assimile;159617;160222;;Olophrum assimile
104420;Olophrum fuscum;159617;160223;;Olophrum fuscum
104421;Omalium italicum;159617;160224;;Omalium italicum
104422;Omalium rugatum;159617;160225;;Omalium rugatum
104423;Omalium septentrionis;159617;160226;;Omalium septentrionis
104424;Omalium validum;159617;160227;;Omalium validum
104425;Ontholestes murinus;159617;160228;;Ontholestes murinus
104426;Ontholestes tessellatus;159617;160229;;Ontholestes tessellatus
104428;Othius laeviusculus;159617;160231;;Othius laeviusculus
104429;Othius lapidicola;159617;160232;;Othius lapidicola
104430;Othius melanocephalus;159617;160233;;Othius melanocephalus
104431;Othius myrmecophilus;159617;160234;;Othius myrmecophilus
104433;Othius punctulatus;159617;160236;;Othius punctulatus
104435;Ousipalia caesula;159617;160238;;Ousipalia caesula
104436;Oxypoda abdominalis;159617;160239;;Oxypoda abdominalis
104437;Oxypoda flavicornis;159617;160240;;Oxypoda flavicornis
104438;Oxypoda brachyptera;159617;160241;;Oxypoda brachyptera
104439;Oxypoda exoleta;159617;160242;;Oxypoda exoleta
104440;Oxypoda formiceticola;159617;160243;;Oxypoda formiceticola
104441;Oxypoda formosa;159617;160244;;Oxypoda formosa
104442;Oxypoda induta;159617;160245;;Oxypoda induta
104444;Oxypoda lentula;159617;160247;;Oxypoda lentula
104445;Oxypoda acuminata;159617;160248;;Oxypoda acuminata
104446;Oxypoda longipes;159617;160249;;Oxypoda longipes
104447;Oxypoda lurida;159617;160250;;Oxypoda lurida
104448;Oxypoda nigrocincta;159617;160251;;Oxypoda nigrocincta
104449;Oxypoda opaca;159617;160252;;Oxypoda opaca
104450;Oxypoda praecox;159617;160253;;Oxypoda praecox
104451;Oxypoda procerula;159617;160254;;Oxypoda procerula
104452;Oxypoda recondita;159617;160255;;Oxypoda recondita
104453;Oxypoda spectabilis;159617;160256;;Oxypoda spectabilis
104454;Oxypoda tarda;159617;160257;;Oxypoda tarda
104455;Oxypoda vittata;159617;160258;;Oxypoda vittata
104456;Anotylus clypeonitens;159617;160259;;Anotylus clypeonitens
104457;Oxytelus fulvipes;159617;160260;;Oxytelus fulvipes
104458;Anotylus hamatus;159617;160261;;Anotylus hamatus
104459;Oxytelus laqueatus;159617;160262;;Oxytelus laqueatus
104460;Oxytelus migrator;159617;160263;;Oxytelus migrator
104461;Anotylus mutator;159617;160264;;Anotylus mutator
104462;Oxytelus piceus;159617;160265;;Oxytelus piceus
104463;Anotylus rugifrons;159617;160266;;Anotylus rugifrons
104464;Placusa incompleta;159617;160344;;Placusa incompleta
104466;Leptusa ruficollis;159617;160268;;Leptusa ruficollis
104467;Staphylinus fossor;159617;160270;;Staphylinus fossor
104468;Atheta laticeps;159617;160271;;Atheta laticeps
104469;Zyras limbatus;159617;160272;;Zyras limbatus
104471;Phacophallus parumpunctatus;159617;160274;;Phacophallus parumpunctatus
104473;Gyrophaena strictula;159617;160276;;Gyrophaena strictula
104474;Atheta procera;159617;160277;;Atheta procera
104475;Atheta serrata;159617;160278;;Atheta serrata
104476;Philonthus addendus;159617;160279;;Philonthus addendus
104477;Philonthus parvicornis;159617;160280;;Philonthus parvicornis
104478;Philonthus alpinus;159617;160281;;Philonthus alpinus
104479;Philonthus atratus;159617;160282;;Philonthus atratus
104481;Philonthus carbonarius;159617;160284;;Philonthus carbonarius
104483;Philonthus coerulescens;159617;160286;;Philonthus coerulescens
104484;Philonthus concinnus;159617;160287;;Philonthus concinnus
104485;Philonthus coprophilus;159617;160288;;Philonthus coprophilus
104486;Philonthus coruscus;159617;160289;;Philonthus coruscus
104487;Philonthus cruentatus;159617;160290;;Philonthus cruentatus
104488;Philonthus cyanipennis;159617;160291;;Philonthus cyanipennis
104489;Philonthus debilis;159617;160292;;Philonthus debilis
104490;Philonthus caucasicus;159617;160293;;Philonthus caucasicus
104491;Philonthus discoideus;159617;160294;;Philonthus discoideus
104492;Philonthus ebeninus;159617;160295;;Philonthus ebeninus
104494;Philonthus immundus;159617;160297;;Philonthus immundus
104495;Philonthus intermedius;159617;160298;;Philonthus intermedius
104496;Philonthus laevicollis;159617;160299;;Philonthus laevicollis
104497;Philonthus laminatus;159617;160300;;Philonthus laminatus
104498;Philonthus mannerheimi;159617;160301;;Philonthus mannerheimi
104499;Philonthus micantoides;159617;160302;;Philonthus micantoides
104500;Philonthus nigriventris;159617;160303;;Philonthus nigriventris
104501;Philonthus nitidulus;159617;160304;;Philonthus nitidulus
104502;Philonthus nitidus;159617;160305;;Philonthus nitidus
104503;Philonthus parcus;159617;160306;;Philonthus parcus
104504;Philonthus politus;159617;160307;;Philonthus politus
104505;Philonthus pseudoparcus;159617;160308;;Philonthus pseudoparcus
104506;Philonthus pseudovarians;159617;160309;;Philonthus pseudovarians
104507;Philonthus puella;159617;160310;;Philonthus puella
104508;Rabigus pullus;159617;160311;;Rabigus pullus
104509;Philonthus punctus;159617;160312;;Philonthus punctus
104510;Philonthus rectangulus;159617;160313;;Philonthus rectangulus
104511;Philonthus rotundicollis;159617;160314;;Philonthus rotundicollis
104512;Philonthus rufimanus;159617;160315;;Philonthus rufimanus
104513;Philonthus sanguinolentus;159617;160316;;Philonthus sanguinolentus
104514;Philonthus sparsus;159617;160317;;Philonthus sparsus
104515;Philonthus spec.;159617;160318;;Philonthus spec.
104516;Philonthus spinipes;159617;160319;;Philonthus spinipes
104517;Philonthus splendens;159617;160320;;Philonthus splendens
104518;Philonthus subuliformis;159617;160321;;Philonthus subuliformis
104519;Philonthus temporalis;159617;160322;;Philonthus temporalis
104520;Philorinum sordidum;159617;160323;;Philorinum sordidum
104521;Phloeopora concolor;159617;160324;;Phloeopora concolor
104522;Xylostiba bosnicus;159617;160325;;Xylostiba bosnicus
104523;Phloeostiba lapponica;159617;160326;;Phloeostiba lapponica
104524;Phloeonomus minimus;159617;160327;;Phloeonomus minimus
104525;Xylostiba monilicornis;159617;160328;;Xylostiba monilicornis
104526;Phloeonomus punctipennis;159617;160329;;Phloeonomus punctipennis
104528;Phloeopora corticalis;159617;160331;;Phloeopora corticalis
104529;Phloeopora opaca;159617;160332;;Phloeopora opaca
104530;Phloeopora teres;159617;160333;;Phloeopora teres
104531;Phloeopora testacea;159617;160334;;Phloeopora testacea
104532;Phyllodrepa ioptera;159617;160335;;Phyllodrepa ioptera
104533;Phyllodrepa linearis;159617;160336;;Phyllodrepa linearis
104534;Phyllodrepa nigra;159617;160337;;Phyllodrepa nigra
104535;Phyllodrepa puberula;159617;160338;;Phyllodrepa puberula
104536;Hapalaraea pygmaea;159617;160339;;Hapalaraea pygmaea
104537;Hypopycna rufula;159617;160340;;Hypopycna rufula
104538;Placusa atrata;159617;160341;;Placusa atrata
104539;Placusa complanata;159617;160342;;Placusa complanata
104540;Placusa depressa;159617;160343;;Placusa depressa
104541;Placusa pumilio;159617;160345;;Placusa pumilio
104542;Placusa tachyporoides;159617;160346;;Placusa tachyporoides
104543;Planeustomus palpalis;159617;160347;;Planeustomus palpalis
104544;Plataraea brunnea;159617;160348;;Plataraea brunnea
104545;Plataraea nigrifrons;159617;160349;;Plataraea nigrifrons
104546;Platydracus chalcocephalus;159617;160350;;Platydracus chalcocephalus
104547;Platydracus fulvipes;159617;160351;;Platydracus fulvipes
104548;Platydracus latebricola;159617;160352;;Platydracus latebricola
104550;Platydracus stercorarius;159617;160354;;Platydracus stercorarius
104551;Platystethus capito;159617;160355;;Platystethus capito
104552;Platystethus degener;159617;160356;;Platystethus degener
104553;Platystethus nitens;159617;160357;;Platystethus nitens
104554;Oxypoda doderoi;159617;160358;;Oxypoda doderoi
104555;Oxypoda sericea;159617;160359;;Oxypoda sericea
104556;Oxypoda umbrata;159617;160360;;Oxypoda umbrata
104557;Oxypoda vicina;159617;160361;;Oxypoda vicina
104558;Aleochara fumata;159617;160362;;Aleochara fumata
104559;Aleochara haemoptera;159617;160363;;Aleochara haemoptera
104561;Aleochara lygaea;159617;160365;;Aleochara lygaea
104562;Aleochara moerens;159617;160366;;Aleochara moerens
104564;Aleochara villosa;159617;160368;;Aleochara villosa
104565;Zoosetha procidua;159617;160369;;Zoosetha procidua
104567;Pronomaea rostrata;159617;160371;;Pronomaea rostrata
104568;Proteinus crenulatus;159617;160372;;Proteinus crenulatus
104569;Pseudocypus fuscatus;159617;160373;;Pseudocypus fuscatus
104570;Pseudomedon obscurellus;159617;160374;;Pseudomedon obscurellus
104571;Pseudomedon obsoletus;159617;160375;;Pseudomedon obsoletus
104572;Pycnota paradoxa;159617;160376;;Pycnota paradoxa
104573;Quedius cinctus;159617;160377;;Quedius cinctus
104574;Quedius aridulus;159617;160378;;Quedius aridulus
104576;Quedius auricomus;159617;160380;;Quedius auricomus
104577;Quedius boopoides;159617;160381;;Quedius boopoides
104578;Quedius brevicornis;159617;160382;;Quedius brevicornis
104579;Quedius brevis;159617;160383;;Quedius brevis
104580;Quedius curtipennis;159617;160384;;Quedius curtipennis
104581;Quedius assimilis;159617;160385;;Quedius assimilis
104582;Quedius fuliginosus;159617;160386;;Quedius fuliginosus
104583;Quedius fulvicollis;159617;160387;;Quedius fulvicollis
104584;Quedius fumatus;159617;160388;;Quedius fumatus
104585;Quedius humeralis;159617;160389;;Quedius humeralis
104586;Quedius infuscatus;159617;160390;;Quedius infuscatus
104587;Quedius invreae;159617;160391;;Quedius invreae
104588;Quedius limbatus;159617;160392;;Quedius limbatus
104589;Quedius longicornis;159617;160393;;Quedius longicornis
104590;Quedius microps;159617;160394;;Quedius microps
104591;Quedius molochinus;159617;160395;;Quedius molochinus
104592;Quedius nemoralis;159617;160396;;Quedius nemoralis
104593;Quedius nigriceps;159617;160397;;Quedius nigriceps
104594;Quedius ochripennis;159617;160398;;Quedius ochripennis
104595;Quedius pseudoumbrinus;159617;160399;;Quedius pseudoumbrinus
104596;Quedius riparius;159617;160400;;Quedius riparius
104597;Quedius semiobscurus;159617;160401;;Quedius semiobscurus
104598;Quedius scintillans;159617;160402;;Quedius scintillans
104599;Quedius scitus;159617;160403;;Quedius scitus
104600;Quedius semiaeneus;159617;160404;;Quedius semiaeneus
104601;Quedius tristis;159617;160405;;Quedius tristis
104602;Quedius umbrinus;159617;160406;;Quedius umbrinus
104603;Quedius truncicola;159617;160407;;Quedius truncicola
104604;Quedius xanthopus;159617;160408;;Quedius xanthopus
104605;Rabigus tenuis;159617;160409;;Rabigus tenuis
104606;Quedius boops;159617;160410;;Quedius boops
104608;Quedius lucidulus;159617;160412;;Quedius lucidulus
104610;Quedius nitipennis;159617;160414;;Quedius nitipennis
104611;Quedius ochropterus;159617;160415;;Quedius ochropterus
104612;Quedius picipes;159617;160416;;Quedius picipes
104613;Rheochara irmgardis;159617;160417;;Rheochara irmgardis
104614;Rheochara spadicea;159617;160418;;Rheochara spadicea
104615;Rhopalocerina clavigera;159617;160419;;Rhopalocerina clavigera
104616;Rhopalotella validiuscula;159617;160420;;Rhopalotella validiuscula
104617;Scaphisoma balcanicum;159617;160421;;Scaphisoma balcanicum
104618;Scaphisoma boleti;159617;160422;;Scaphisoma boleti
104619;Scaphium immaculatum;159617;160423;;Scaphium immaculatum
104620;Schistoglossa aubei;159617;160424;;Schistoglossa aubei
104621;Schistoglossa gemina;159617;160425;;Schistoglossa gemina
104622;Schistoglossa viduata;159617;160426;;Schistoglossa viduata
104623;Scopaeus pusillus;159617;160427;;Scopaeus pusillus
104624;Scopaeus ryei;159617;160428;;Scopaeus ryei
104625;Siagonum quadricorne;159617;160429;;Siagonum quadricorne
104626;Silusa rubiginosa;159617;160430;;Silusa rubiginosa
104628;Oxypoda rufa;159617;160432;;Oxypoda rufa
104629;Oxypoda togata;159617;160433;;Oxypoda togata
104630;Staphylinus caesareus;159617;160434;;Staphylinus caesareus
104631;Staphylinus dimidiaticornis;159617;160435;;Staphylinus dimidiaticornis
104632;Staphylinus erythropterus;159617;160436;;Staphylinus erythropterus
104633;Stenus biguttatus;159617;160437;;Stenus biguttatus
104634;Stenus carbonarius;159617;160438;;Stenus carbonarius
104635;Stenus cautus;159617;160439;;Stenus cautus
104636;Stenus flavipalpis;159617;160440;;Stenus flavipalpis
104637;Stenus formicetorum;159617;160441;;Stenus formicetorum
104638;Stenus fornicatus;159617;160442;;Stenus fornicatus
104639;Stenus fossulatus;159617;160443;;Stenus fossulatus
104640;Stenus gallicus;159617;160444;;Stenus gallicus
104641;Stenus geniculatus;159617;160445;;Stenus geniculatus
104642;Stenus glacialis;159617;160446;;Stenus glacialis
104643;Stenus guttula;159617;160447;;Stenus guttula
104644;Stenus humilis;159617;160448;;Stenus humilis
104645;Stenus incrassatus;159617;160449;;Stenus incrassatus
104646;Stenus latifrons;159617;160450;;Stenus latifrons
104647;Stenus longitarsis;159617;160451;;Stenus longitarsis
104648;Stenus melanopus;159617;160452;;Stenus melanopus
104649;Stenus montivagus;159617;160453;;Stenus montivagus
104650;Stenus nitens;159617;160454;;Stenus nitens
104651;Stenus pallitarsis;159617;160455;;Stenus pallitarsis
104652;Stenus palustris;159617;160456;;Stenus palustris
104653;Stenus pumilio;159617;160457;;Stenus pumilio
104654;Stenus scrutator;159617;160458;;Stenus scrutator
104655;Stenus solutus;159617;160459;;Stenus solutus
104656;Stenus subaeneus;159617;160460;;Stenus subaeneus
104657;Stenus subdepressus;159617;160461;;Stenus subdepressus
104659;Silusa rubra;159617;160463;;Silusa rubra
104662;Stichoglossa semirufa;159617;160466;;Stichoglossa semirufa
104663;Tachinus bipustulatus;159617;160467;;Tachinus bipustulatus
104664;Tachinus corticinus;159617;160468;;Tachinus corticinus
104665;Tachinus fimetarius;159617;160469;;Tachinus fimetarius
104666;Tachinus humeralis;159617;160470;;Tachinus humeralis
104667;Tachinus laticollis;159617;160471;;Tachinus laticollis
104668;Tachinus lignorum;159617;160472;;Tachinus lignorum
104669;Tachinus marginellus;159617;160473;;Tachinus marginellus
104670;Tachinus pallipes;159617;160474;;Tachinus pallipes
104671;Tachinus proximus;159617;160475;;Tachinus proximus
104672;Tachinus rufipennis;159617;160476;;Tachinus rufipennis
104674;Tachinus scapularis;159617;160478;;Tachinus scapularis
104675;Tachinus subterraneus;159617;160479;;Tachinus subterraneus
104676;Tachyporus abdominalis;159617;160480;;Tachyporus abdominalis
104677;Tachyporus atriceps;159617;160481;;Tachyporus atriceps
104678;Tachyporus chrysomelinus;159617;160482;;Tachyporus chrysomelinus
104679;Tachyporus corpulentus;159617;160483;;Tachyporus corpulentus
104680;Tachyporus formosus;159617;160484;;Tachyporus formosus
104681;Tachyporus hypnorum;159617;160485;;Tachyporus hypnorum
104682;Tachyporus scitulus;159617;160486;;Tachyporus scitulus
104683;Tachyporus nitidulus;159617;160487;;Tachyporus nitidulus
104684;Tachyporus obtusus;159617;160488;;Tachyporus obtusus
104685;Tachyporus pulchellus;159617;160489;;Tachyporus pulchellus
104686;Tachyporus pusillus;159617;160490;;Tachyporus pusillus
104687;Tachyporus ruficollis;159617;160491;;Tachyporus ruficollis
104688;Tachyporus pallidus;159617;160492;;Tachyporus pallidus
104690;Tachyporus solutus;159617;160494;;Tachyporus solutus
104691;Tachyporus tersus;159617;160495;;Tachyporus tersus
104692;Tachyporus transversalis;159617;160496;;Tachyporus transversalis
104693;Tachyusa coarctata;159617;160497;;Tachyusa coarctata
104694;Tachyusa constricta;159617;160498;;Tachyusa constricta
104695;Tachyusa objecta;159617;160499;;Tachyusa objecta
104696;Tachyusida gracilis;159617;160500;;Tachyusida gracilis
104697;Taxicera deplanata;159617;160501;;Taxicera deplanata
104698;Taxicera perfoliata;159617;160502;;Taxicera perfoliata
104699;Taxicera sericophila;159617;160503;;Taxicera sericophila
104700;Thamiaraea cinnamomea;159617;160504;;Thamiaraea cinnamomea
104701;Thamiaraea hospita;159617;160505;;Thamiaraea hospita
104702;Thiasophila angulata;159617;160506;;Thiasophila angulata
104703;Thiasophila canaliculata;159617;160507;;Thiasophila canaliculata
104704;Thiasophila inquilina;159617;160508;;Thiasophila inquilina
104705;Thinobius brevipennis;159617;160509;;Thinobius brevipennis
104706;Thinonoma atra;159617;160510;;Thinonoma atra
104707;Tinotus morion;159617;160511;;Tinotus morion
104708;Tomoglossa luteicornis;159617;160512;;Tomoglossa luteicornis
104709;Atheta ravilla;159617;160513;;Atheta ravilla
104711;Trichiusa immigrata;159617;160515;;Trichiusa immigrata
104712;Dinothenarus pubescens;159617;160516;;Dinothenarus pubescens
104713;Trichophya pilicornis;159617;160517;;Trichophya pilicornis
104714;Thinodromus arcuatus;159617;160518;;Thinodromus arcuatus
104715;Carpelimus despectus;159617;160519;;Carpelimus despectus
104716;Carpelimus exiguus;159617;160520;;Carpelimus exiguus
104718;Carpelimus heidenreichi;159617;160522;;Carpelimus heidenreichi
104719;Carpelimus lindrothi;159617;160523;;Carpelimus lindrothi
104720;Carpelimus nitidus;159617;160524;;Carpelimus nitidus
104721;Carpelimus obesus;159617;160525;;Carpelimus obesus
104722;Carpelimus punctatellus;159617;160526;;Carpelimus punctatellus
104723;Carpelimus similis;159617;160527;;Carpelimus similis
104724;Carpelimus subtilicornis;159617;160528;;Carpelimus subtilicornis
104725;Carpelimus subtilis;159617;160529;;Carpelimus subtilis
104726;Velleius dilatatus;159617;160530;;Velleius dilatatus
104727;Xantholinus audrasi;159617;160531;;Xantholinus audrasi
104728;Xantholinus laevigatus;159617;160532;;Xantholinus laevigatus
104729;Xantholinus distans;159617;160533;;Xantholinus distans
104730;Hypnogyra glabra;161165;160534;;Hypnogyra glabra
104731;Xantholinus glabratus;159617;160535;;Xantholinus glabratus
104732;Xantholinus linearis;159617;160536;;Xantholinus linearis
104733;Xantholinus longiventris;159617;160537;;Xantholinus longiventris
104734;Xantholinus rhenanus;159617;160538;;Xantholinus rhenanus
104736;Xantholinus semirufus;159617;160540;;Xantholinus semirufus
104737;Xantholinus tricolor;159617;160541;;Xantholinus tricolor
104738;Xylodromus depressus;159617;160542;;Xylodromus depressus
104739;Xylodromus testaceus;159617;160543;;Xylodromus testaceus
104740;Zoosetha inconspicua;159617;160544;;Zoosetha inconspicua
104741;Zyras cognatus;159617;160545;;Zyras cognatus
104742;Zyras collaris;159617;160546;;Zyras collaris
104743;Zyras funestus;159617;160547;;Zyras funestus
104744;Zyras haworthi;159617;160548;;Zyras haworthi
104745;Zyras humeralis;159617;160549;;Zyras humeralis
104746;Zyras laticollis;159617;160550;;Zyras laticollis
104747;Zyras lugens;159617;160551;;Zyras lugens
104749;Weitere Kaeferarten;159616;161165;;Weitere Kaeferarten
104750;Abdera affinis;161165;161166;;Abdera affinis
104751;Abdera quadrifasciata;161165;161167;;Abdera quadrifasciata
104752;Abdera triguttata;161165;161168;;Abdera triguttata
104753;Abraeus granulum;161165;161169;;Abraeus granulum
104754;Acalles camelus;161165;161170;;Acalles camelus
104755;Acalles dubius;161165;161171;;Acalles dubius
104756;Acalles echinatus;161165;161172;;Acalles echinatus
104757;Acalles lemur;161165;161173;;Acalles lemur
104758;Acalles ptinoides;161165;161174;;Acalles ptinoides
104759;Acilius canaliculatus;161165;161175;;Acilius canaliculatus
104760;Acilius spec.;161165;161176;;Acilius spec.
104761;Acilius sulcatus;161165;161177;;Acilius sulcatus
104762;Acmaeops marginatus;161165;161178;;Acmaeops marginatus
104763;Aeletes atomarius;161165;161179;;Aeletes atomarius
104764;Acritus homoeopathicus;161165;161180;;Acritus homoeopathicus
104765;Acritus minutus;161165;161181;;Acritus minutus
104766;Acrotrichis arnoldi;161165;161182;;Acrotrichis arnoldi
104767;Acrotrichis cognata;161165;161183;;Acrotrichis cognata
104768;Acrotrichis danica;161165;161184;;Acrotrichis danica
104769;Acrotrichis dispar;161165;161185;;Acrotrichis dispar
104770;Acrotrichis sitkaensis;161165;161186;;Acrotrichis sitkaensis
104771;Acrotrichis insularis;161165;161187;;Acrotrichis insularis
104772;Acrotrichis lucidula;161165;161188;;Acrotrichis lucidula
104773;Acrotrichis norvegica;161165;161189;;Acrotrichis norvegica
104774;Acrotrichis parva;161165;161190;;Acrotrichis parva
104775;Acrotrichis rosskotheni;161165;161191;;Acrotrichis rosskotheni
104776;Acrotrichis rugulosa;161165;161192;;Acrotrichis rugulosa
104777;Acrotrichis silvatica;161165;161193;;Acrotrichis silvatica
104778;Acrotrichis sjoebergi;161165;161194;;Acrotrichis sjoebergi
104779;Acrotrichis strandi;161165;161195;;Acrotrichis strandi
104780;Acrotrichis thoracica;161165;161196;;Acrotrichis thoracica
104781;Adalia bipunctata;161165;161197;Zweipunkt;Zweipunkt – Adalia bipunctata
104782;Adalia decempunctata;161165;161198;;Adalia decempunctata
104783;Anidorus nigrinus;161165;161199;;Anidorus nigrinus
104784;Euglenes oculatus;161165;161200;;Euglenes oculatus
104785;Aderus populneus;161165;161201;;Aderus populneus
104786;Euglenes pygmaeus;161165;161202;;Euglenes pygmaeus
104787;Adistemia watsoni;161165;161203;;Adistemia watsoni
104788;Adrastus limbatus;161165;161204;;Adrastus limbatus
104789;Adrastus montanus;161165;161205;;Adrastus montanus
104790;Adrastus pallens;161165;161206;;Adrastus pallens
104791;Aesalus scarabaeoides;161165;161207;;Aesalus scarabaeoides
104793;Agabus affinis;161165;161209;;Agabus affinis
104794;Agabus biguttatus;161165;161210;;Agabus biguttatus
104795;Agabus bipustulatus;161165;161211;;Agabus bipustulatus
104796;Agabus brunneus;161165;161212;;Agabus brunneus
104797;Agabus congener;161165;161213;;Agabus congener
104798;Agabus guttatus;161165;161214;;Agabus guttatus
104799;Agabus montanus;161165;161215;;Agabus montanus
104800;Agabus neglectus;161165;161216;;Agabus neglectus
104801;Agabus nitidus;161165;161217;;Agabus nitidus
104802;Agabus spec.;161165;161218;;Agabus spec.
104803;Agabus striolatus;161165;161219;;Agabus striolatus
104804;Agabus sturmii;161165;161220;;Agabus sturmii
104805;Agabus subtilis;161165;161221;;Agabus subtilis
104806;Agabus unguicularis;161165;161223;;Agabus unguicularis
104807;Agabus wasastjernae;161165;161224;;Agabus wasastjernae
104808;Agapanthia villosoviridescens;161165;161225;Nesselbock;Nesselbock – Agapanthia villosoviridescens
104809;Agathidium confusum;161165;161226;;Agathidium confusum
104810;Agathidium convexum;161165;161227;;Agathidium convexum
104811;Agathidium mandibulare;161165;161228;;Agathidium mandibulare
104812;Agathidium nigrinum;161165;161229;;Agathidium nigrinum
104813;Agelastica alni;161165;161230;Blauer Erlenblattkäfer;Blauer Erlenblattkäfer – Agelastica alni
104814;Aglenus brunneus;161165;161231;;Aglenus brunneus
104815;Agrilus angustulus;161165;161232;Schmaler Prachtkäfer;Schmaler Prachtkäfer – Agrilus angustulus
104816;Agrilus cuprescens;161165;161233;;Agrilus cuprescens
104817;Agrilus betuleti;161165;161234;;Agrilus betuleti
104818;Agrilus cinctus;161165;161235;;Agrilus cinctus
104819;Agrilus convexicollis;161165;161236;;Agrilus convexicollis
104820;Agrilus graminis;161165;161237;;Agrilus graminis
104821;Agrilus hyperici;161165;161238;;Agrilus hyperici
104822;Agrilus obscuricollis;161165;161239;;Agrilus obscuricollis
104823;Agrilus olivicolor;161165;161240;;Agrilus olivicolor
104824;Agrilus viridicaerulans;161165;161241;;Agrilus viridicaerulans
104826;Agrilus viridis;161165;161243;;Agrilus viridis
104827;Agriotes acuminatus;161165;161244;;Agriotes acuminatus
104828;Agyrtes bicolor;161165;161245;;Agyrtes bicolor
104829;Airaphilus elongatus;161165;161246;;Airaphilus elongatus
104830;Allecula morio;161165;161247;;Allecula morio
104831;Allecula rhenana;161165;161248;;Allecula rhenana
104832;Alphitobius diaperinus;161165;161249;;Alphitobius diaperinus
104833;Alphitobius laevigatus;161165;161250;;Alphitobius laevigatus
104834;Alphitophagus bifasciatus;161165;161251;;Alphitophagus bifasciatus
104835;Amalorrhynchus melanarius;161165;161252;;Amalorrhynchus melanarius
104837;Ampedus cinnabarinus;161165;161254;;Ampedus cinnabarinus
104838;Ampedus elongatulus;161165;161255;;Ampedus elongatulus
104839;Ampedus nigroflavus;161165;161256;;Ampedus nigroflavus
104840;Amphicyllis globiformis;161165;161257;;Amphicyllis globiformis
104841;Amphimallon atrum;161165;161258;;Amphimallon atrum
104842;Amphimallon solstitiale;161165;161259;;Amphimallon solstitiale
104843;Amphotis marginata;161165;161260;;Amphotis marginata
104844;Anacaena globulus;161165;161261;;Anacaena globulus
104845;Anacaena spec.;161165;161262;;Anacaena spec.
104846;Anaesthetis testacea;161165;161263;;Anaesthetis testacea
104847;Anaglyptus mysticus;161165;161264;;Anaglyptus mysticus
104848;Anaspis lurida;161165;161265;;Anaspis lurida
104849;Anaspis melanostoma;161165;161266;;Anaspis melanostoma
104850;Anaspis pulicaria;161165;161267;;Anaspis pulicaria
104851;Anaspis ruficollis;161165;161268;;Anaspis ruficollis
104852;Anatis ocellata;161165;161269;;Anatis ocellata
104853;Anisoplia villosa;161165;161270;;Anisoplia villosa
104854;Anisotoma axillaris;161165;161271;;Anisotoma axillaris
104855;Anisotoma castanea;161165;161272;;Anisotoma castanea
104856;Anisotoma glabra;161165;161273;;Anisotoma glabra
104857;Anisoxya fuscula;161165;161274;;Anisoxya fuscula
104858;Anitys rubens;161165;161275;;Anitys rubens
104859;Anommatus duodecimstriatus;161165;161276;;Anommatus duodecimstriatus
104860;Anobium denticolle;161165;161277;;Anobium denticolle
104861;Anobium inexspectatum;161165;161278;;Anobium inexspectatum
104862;Anomala dubia;161165;161279;;Anomala dubia
104863;Anostirus gracilicollis;161165;161280;;Anostirus gracilicollis
104864;Anthaxia candens;161165;161281;;Anthaxia candens
104865;Anthaxia funerula;161165;161282;;Anthaxia funerula
104866;Anthaxia godeti;161165;161283;;Anthaxia godeti
104867;Anthaxia manca;161165;161284;;Anthaxia manca
104868;Anthaxia mendizabali;161165;161285;;Anthaxia mendizabali
104869;Anthaxia similis;161165;161286;;Anthaxia similis
104870;Anthaxia salicis;161165;161287;;Anthaxia salicis
104871;Anthaxia semicuprea;161165;161288;;Anthaxia semicuprea
104872;Antherophagus canescens;161165;161289;;Antherophagus canescens
104873;Anthicus bifasciatus;161165;161290;;Anthicus bifasciatus
104874;Anthicus formicarius;161165;161291;;Anthicus formicarius
104875;Anthicus tobias;161165;161292;;Anthicus tobias
104877;Anthonomus chevrolathi;161165;161294;;Anthonomus chevrolathi
104878;Anthonomus bituberculatus;161165;161295;;Anthonomus bituberculatus
104879;Anthonomus conspersus;161165;161296;;Anthonomus conspersus
104880;Anthonomus humeralis;161165;161297;;Anthonomus humeralis
104881;Anthonomus rufus;161165;161298;;Anthonomus rufus
104882;Anthonomus spilotus;161165;161299;;Anthonomus spilotus
104883;Anthonomus ulmi;161165;161300;;Anthonomus ulmi
104884;Anthonomus undulatus;161165;161301;;Anthonomus undulatus
104885;Anthribus albinus;161165;161302;;Anthribus albinus
104886;Aphanisticus emarginatus;161165;161303;;Aphanisticus emarginatus
104887;Aphanisticus pusillus;161165;161304;;Aphanisticus pusillus
104888;Aphodius biguttatus;161165;161305;;Aphodius biguttatus
104889;Aphodius consputus;161165;161306;;Aphodius consputus
104890;Aphodius contaminatus;161165;161307;;Aphodius contaminatus
104891;Aphodius corvinus;161165;161308;;Aphodius corvinus
104892;Aphodius foetens;161165;161309;;Aphodius foetens
104893;Aphodius haemorrhoidalis;161165;161310;;Aphodius haemorrhoidalis
104894;Aphodius maculatus;161165;161311;;Aphodius maculatus
104895;Aphodius obliteratus;161165;161312;;Aphodius obliteratus
104896;Aphodius putridus;161165;161313;;Aphodius putridus
104897;Aphodius rufus;161165;161314;;Aphodius rufus
104898;Aphodius zenkeri;161165;161315;;Aphodius zenkeri
104899;Aphthona atrovirens;161165;161316;;Aphthona atrovirens
104900;Aphthona herbigrada;161165;161317;;Aphthona herbigrada
104901;Aphthona lutescens;161165;161318;;Aphthona lutescens
104902;Aphthona pallida;161165;161319;;Aphthona pallida
104903;Helianthemapion aciculare;161165;161320;;Helianthemapion aciculare
104904;Cyanapion afer;161165;161321;;Cyanapion afer
104905;Ceratapion armatum;161165;161322;;Ceratapion armatum
104906;Pseudoprotapion astragali;161165;161323;;Pseudoprotapion astragali
104907;Omphalapion buddebergi;161165;161324;;Omphalapion buddebergi
104908;Cyanapion columbinum;161165;161325;;Cyanapion columbinum
104909;Hemitrichapion waltoni;161165;161326;;Hemitrichapion waltoni
104910;Protapion difforme;161165;161327;;Protapion difforme
104911;Protapion dissimile;161165;161328;;Protapion dissimile
104912;Squamapion elongatum;161165;161329;;Squamapion elongatum
104913;Squamapion flavimanum;161165;161330;;Squamapion flavimanum
104914;Oryxolaemus flavifemoratus;161165;161331;;Oryxolaemus flavifemoratus
104915;Protapion gracilipes;161165;161332;;Protapion gracilipes
104916;Squamapion hoffmanni;161165;161333;;Squamapion hoffmanni
104917;Protapion interjectum;161165;161334;;Protapion interjectum
104918;Stenopterapion intermedium;161165;161335;;Stenopterapion intermedium
104919;Omphalapion laevigatum;161165;161336;;Omphalapion laevigatum
104920;Malvapion malvae;161165;161337;;Malvapion malvae
104921;Pseudapion moschatae;161165;161338;;Pseudapion moschatae
104922;Squamapion origani;161165;161339;;Squamapion origani
104923;Kalcapion pallipes;161165;161340;;Kalcapion pallipes
104924;Ceratapion penetrans;161165;161341;;Ceratapion penetrans
104925;Oxystoma dimidiatum;161165;161342;;Oxystoma dimidiatum
104926;Hemitrichapion reflexum;161165;161343;;Hemitrichapion reflexum
104927;Apion rubens;161165;161344;;Apion rubens
104928;Pseudapion rufirostre;161165;161345;;Pseudapion rufirostre
104929;Kalcapion semivittatum;161165;161346;;Kalcapion semivittatum
104931;Taphrotopium sulcifrons;161165;161348;;Taphrotopium sulcifrons
104932;Eutrichapion vorax;161165;161349;;Eutrichapion vorax
104933;Apteropeda globosa;161165;161350;;Apteropeda globosa
104934;Apteropeda splendida;161165;161351;;Apteropeda splendida
104935;Aromia moschata;161165;161352;;Aromia moschata
104936;Asemum striatum;161165;161353;;Asemum striatum
104937;Asida sabulosa;161165;161354;;Asida sabulosa
104939;Athous bicolor;161165;161356;;Athous bicolor
104940;Athous campyloides;161165;161357;;Athous campyloides
104941;Stenagostus rufus;161165;161358;;Stenagostus rufus
104942;Stenagostus rhombeus;161165;161359;;Stenagostus rhombeus
104943;Atomaria atrata;161165;161360;;Atomaria atrata
104944;Atomaria barani;161165;161361;;Atomaria barani
104945;Atomaria basalis;161165;161362;;Atomaria basalis
104946;Atomaria nitidula;161165;161363;;Atomaria nitidula
104947;Atomaria fimetarii;161165;161364;;Atomaria fimetarii
104948;Atomaria fuscipes;161165;161365;;Atomaria fuscipes
104949;Atomaria gibbula;161165;161366;;Atomaria gibbula
104950;Atomaria gravidula;161165;161367;;Atomaria gravidula
104951;Atomaria impressa;161165;161368;;Atomaria impressa
104952;Atomaria munda;161165;161369;;Atomaria munda
104953;Atomaria nigripennis;161165;161370;;Atomaria nigripennis
104954;Atomaria ornata;161165;161371;;Atomaria ornata
104955;Atomaria peltata;161165;161372;;Atomaria peltata
104956;Atomaria plicata;161165;161373;;Atomaria plicata
104957;Atomaria procerula;161165;161374;;Atomaria procerula
104958;Atomaria pulchra;161165;161375;;Atomaria pulchra
104959;Atomaria puncticollis;161165;161376;;Atomaria puncticollis
104960;Atomaria pseudatra;161165;161377;;Atomaria pseudatra
104961;Atomaria rhenana;161165;161378;;Atomaria rhenana
104962;Atomaria rubricollis;161165;161379;;Atomaria rubricollis
104963;Atomaria turgida;161165;161380;;Atomaria turgida
104964;Atomaria umbrina;161165;161381;;Atomaria umbrina
104965;Atomaria zetterstedti;161165;161382;;Atomaria zetterstedti
104966;Attagenus schaefferi;161165;161383;;Attagenus schaefferi
104967;Aulonium trisulcum;161165;161384;;Aulonium trisulcum
104968;Bradybatus kellneri;161165;161385;;Bradybatus kellneri
104969;Baeocrara variolosa;161165;161386;;Baeocrara variolosa
104970;Bagous angustus;161165;161387;;Bagous angustus
104971;Bagous lutulentus;161165;161388;;Bagous lutulentus
104972;Baris coerulescens;161165;161389;;Baris coerulescens
104973;Baris fallax;161165;161390;;Baris fallax
104974;Baris laticollis;161165;161391;;Baris laticollis
104975;Baris lepidii;161165;161392;;Baris lepidii
104976;Baris morio;161165;161393;;Baris morio
104977;Barypeithes mollicomus;161165;161394;;Barypeithes mollicomus
104978;Barypeithes montanus;161165;161395;;Barypeithes montanus
104979;Barypeithes tenex;161165;161396;;Barypeithes tenex
104980;Barypeithes trichopterus;161165;161397;;Barypeithes trichopterus
104981;Batophila aerata;161165;161398;;Batophila aerata
104982;Batrisodes buqueti;161165;161399;;Batrisodes buqueti
104983;Batrisodes delaporti;161165;161400;;Batrisodes delaporti
104984;Batrisodes oculatus;161165;161401;;Batrisodes oculatus
104986;Batrisodes venustus;161165;161402;;Batrisodes venustus
104987;Batrisus formicarius;161165;161403;;Batrisus formicarius
104988;Berosus luridus;161165;161404;;Berosus luridus
104989;Bibloplectus ambiguus;161165;161405;;Bibloplectus ambiguus
104990;Bibloplectus minutissimus;161165;161406;;Bibloplectus minutissimus
104991;Bibloplectus tenebrosus;161165;161407;;Bibloplectus tenebrosus
104992;Bibloporus bicolor;161165;161408;;Bibloporus bicolor
104993;Bibloporus mayeti;161165;161409;;Bibloporus mayeti
104994;Bibloporus minutus;161165;161410;;Bibloporus minutus
104995;Bidessus grossepunctatus;161165;161411;;Bidessus grossepunctatus
104996;Bidessus spec.;161165;161412;;Bidessus spec.
104997;Blitophaga undata;161165;161413;;Blitophaga undata
104998;Bolitobius formosus;159617;159829;;Bolitobius formosus
104999;Brachygluta perforata;159617;161414;;Brachygluta perforata
105000;Brachypterolus linariae;161165;161415;;Brachypterolus linariae
105001;Brachypterolus antirrhini;161165;161416;;Brachypterolus antirrhini
105002;Brachypterus fulvipes;161165;161417;;Brachypterus fulvipes
105003;Brachysomus hirtus;161165;161418;;Brachysomus hirtus
105004;Brachytarsus nebulosus;161165;161419;Grauer Schildlaus-Rüssler;Grauer Schildlaus-Rüssler – Brachytarsus nebulosus
105005;Bradybatus creutzeri;161165;161420;;Bradybatus creutzeri
105006;Bradybatus fallax;161165;161421;;Bradybatus fallax
105007;Bruchidius cisti;161165;161422;;Bruchidius cisti
105008;Bruchidius seminarius;161165;161423;;Bruchidius seminarius
105009;Bruchidius unicolor;161165;161424;;Bruchidius unicolor
105010;Bruchus loti;161165;161425;;Bruchus loti
105011;Bruchus rufipes;161165;161426;;Bruchus rufipes
105012;Bryaxis bulbifer;159617;161427;;Bryaxis bulbifer
105013;Rybaxis laminata;161165;161428;;Rybaxis laminata
105014;Brychius elevatus;161165;161429;;Brychius elevatus
105015;Byrrhus arietinus;161165;161430;;Byrrhus arietinus
105016;Byrrhus glabratus;161165;161431;;Byrrhus glabratus
105017;Byrrhus pilula;161165;161432;;Byrrhus pilula
105018;Bryaxis carinula;159617;161433;;Bryaxis carinula
105019;Bryaxis clavicornis;159617;161434;;Bryaxis clavicornis
105020;Bryaxis collaris;159617;161435;;Bryaxis collaris
105021;Bryaxis nodicornis;159617;161436;;Bryaxis nodicornis
105022;Caenocara bovistae;161165;161437;;Caenocara bovistae
105023;Caenopsis fissirostris;161165;161438;;Caenopsis fissirostris
105024;Caenopsis waltoni;161165;161439;;Caenopsis waltoni
105025;Caenoscelis subdeplanata;161165;161440;;Caenoscelis subdeplanata
105026;Callidium aeneum;161165;161441;;Callidium aeneum
105027;Calopus serraticornis;161165;161442;;Calopus serraticornis
105028;Calvia decemguttata;161165;161443;;Calvia decemguttata
105029;Ancistronycha abdominalis;161165;161444;;Ancistronycha abdominalis
105030;Cantharis annularis;161165;161445;;Cantharis annularis
105031;Cantharis cryptica;161165;161446;;Cantharis cryptica
105032;Cantharis decipiens;161165;161447;;Cantharis decipiens
105033;Cantharis fusca;161165;161448;;Cantharis fusca
105034;Cantharis livida;161165;161449;;Cantharis livida
105035;Cantharis pagana;161165;161450;;Cantharis pagana
105036;Cantharis paludosa;161165;161451;;Cantharis paludosa
105037;Cantharis paradoxa;161165;161452;;Cantharis paradoxa
105038;Cantharis spec.;161165;161453;;Cantharis spec.
105039;Carcinops pumilio;161165;161454;;Carcinops pumilio
105041;Cardiophorus asellus;161165;161456;;Cardiophorus asellus
105043;Cardiophorus gramineus;161165;161458;;Cardiophorus gramineus
105044;Cardiophorus ruficollis;161165;161459;;Cardiophorus ruficollis
105045;Carpophilus dimidiatus;161165;161460;;Carpophilus dimidiatus
105046;Carpophilus marginellus;161165;161461;;Carpophilus marginellus
105047;Carpophilus mutilatus;161165;161462;;Carpophilus mutilatus
105048;Dienerella filum;161165;161463;;Dienerella filum
105049;Dienerella separanda;161165;161464;;Dienerella separanda
105050;Dienerella strupii;161165;161465;;Dienerella strupii
105051;Cassida azurea;161165;161466;;Cassida azurea
105052;Cassida hemisphaerica;161165;161467;;Cassida hemisphaerica
105053;Cassida margaritacea;161165;161468;;Cassida margaritacea
105054;Cassida prasina;161165;161469;;Cassida prasina
105055;Cassida spec.;161165;161470;;Cassida spec.
105056;Cassida subreticulata;161165;161471;;Cassida subreticulata
105057;Cassida viridis;161165;161472;Grüner Schildkäfer;Grüner Schildkäfer – Cassida viridis
105058;Kateretes pusillus;161165;161473;;Kateretes pusillus
105059;Catops chrysomeloides;161165;161474;;Catops chrysomeloides
105060;Catops fuliginosus fuliginosus;161165;161475;;Catops fuliginosus fuliginosus
105061;Catops grandicollis;161165;161476;;Catops grandicollis
105062;Catops longulus;161165;161477;;Catops longulus
105063;Catops neglectus;161165;161478;;Catops neglectus
105064;Catops nigricantoides;161165;161479;;Catops nigricantoides
105065;Fissocatops westi;161165;161480;;Fissocatops westi
105066;Cephennium gallicum;161165;161481;;Cephennium gallicum
105067;Cerambyx cerdo;161165;161482;Eichenbock;Eichenbock – Cerambyx cerdo
105068;Cerapheles terminatus;161165;161483;;Cerapheles terminatus
105070;Cercyon atricapillus;161165;161485;;Cercyon atricapillus
105071;Cercyon granarius;161165;161486;;Cercyon granarius
105072;Cercyon laminatus;161165;161487;;Cercyon laminatus
105073;Cercyon obsoletus;161165;161488;;Cercyon obsoletus
105074;Cercyon marinus;161165;161489;;Cercyon marinus
105075;Cercyon subsulcatus;161165;161490;;Cercyon subsulcatus
105076;Cercyon tristis;161165;161491;;Cercyon tristis
105077;Cerylon deplanatum;161165;161492;;Cerylon deplanatum
105078;Cetonia aurata;161165;161493;;Cetonia aurata
105079;Trichosirocalus barnevillei;161165;161494;;Trichosirocalus barnevillei
105080;Trichosirocalus spurnyi;161165;161495;;Trichosirocalus spurnyi
105081;Ceutorhynchus angustus;161165;161496;;Ceutorhynchus angustus
105082;Datonychus arquatus;161165;161497;;Datonychus arquatus
105083;Ceutorhynchus coerulescens;161165;161498;;Ceutorhynchus coerulescens
105084;Oprohinus consputus;161165;161499;;Oprohinus consputus
105085;Microplontus figuratus;161165;161500;;Microplontus figuratus
105086;Ceutorhynchus gallorhenanus;161165;161501;;Ceutorhynchus gallorhenanus
105087;Ceutorhynchus griseus;161165;161502;;Ceutorhynchus griseus
105088;Ceutorhynchus hirtulus;161165;161503;;Ceutorhynchus hirtulus
105089;Ceutorhynchus ignitus;161165;161504;;Ceutorhynchus ignitus
105090;Ceutorhynchus inaffectatus;161165;161505;;Ceutorhynchus inaffectatus
105091;Ceutorhynchus leprieuri;161165;161506;;Ceutorhynchus leprieuri
105092;Microplontus millefolii;161165;161507;;Microplontus millefolii
105093;Ceutorhynchus nanus;161165;161508;;Ceutorhynchus nanus
105094;Mogulones pallidicornis;161165;161509;;Mogulones pallidicornis
105095;Ceutorhynchus pectoralis;161165;161510;;Ceutorhynchus pectoralis
105096;Ceutorhynchus pervicax;161165;161511;;Ceutorhynchus pervicax
105097;Ceutorhynchus querceti;161165;161512;;Ceutorhynchus querceti
105098;Ceutorhynchus resedae;161165;161513;;Ceutorhynchus resedae
105099;Ceutorhynchus roberti;161165;161514;;Ceutorhynchus roberti
105100;Ceutorhynchus rusticus;161165;161515;;Ceutorhynchus rusticus
105101;Ceutorhynchus sulcicollis;161165;161516;;Ceutorhynchus sulcicollis
105102;Ceutorhynchus thomsoni;161165;161517;;Ceutorhynchus thomsoni
105103;Microplontus triangulum;161165;161518;;Microplontus triangulum
105104;Hadroplontus trimaculatus;161165;161519;;Hadroplontus trimaculatus
105105;Ceutorhynchus unguicularis;161165;161520;;Ceutorhynchus unguicularis
105107;Chaetocnema arida;161165;161521;;Chaetocnema arida
105108;Chaetocnema confusa;161165;161522;;Chaetocnema confusa
105109;Chaetocnema laevicollis;161165;161523;;Chaetocnema laevicollis
105110;Chaetocnema sahlbergi;161165;161524;;Chaetocnema sahlbergi
105111;Chaetocnema semicoerulea;161165;161525;;Chaetocnema semicoerulea
105112;Crepidodera lamina;161165;161526;;Crepidodera lamina
105113;Crepidodera nitidula;161165;161527;;Crepidodera nitidula
105114;Charopus pallipes;161165;161528;;Charopus pallipes
105115;Choleva angustata;161165;161529;;Choleva angustata
105116;Choleva cisteloides;161165;161530;;Choleva cisteloides
105117;Choleva elongata;161165;161531;;Choleva elongata
105118;Choleva fagniezi;161165;161532;;Choleva fagniezi
105119;Choleva glauca;161165;161533;;Choleva glauca
105120;Choleva jeanneli;161165;161534;;Choleva jeanneli
105121;Choleva paskoviensis;161165;161535;;Choleva paskoviensis
105122;Choleva reitteri;161165;161536;;Choleva reitteri
105123;Choleva spadicea;161165;161537;;Choleva spadicea
105124;Choragus horni;161165;161538;;Choragus horni
105125;Choragus sheppardi;161165;161539;;Choragus sheppardi
105126;Chrysanthia viridissima;161165;161540;;Chrysanthia viridissima
105127;Chrysobothris solieri;161165;161541;;Chrysobothris solieri
105128;Chrysolina cerealis;161165;161542;;Chrysolina cerealis
105129;Chrysolina cuprina;161165;161543;;Chrysolina cuprina
105130;Chrysolina graminis;161165;161544;;Chrysolina graminis
105131;Chrysolina gypsophilae;161165;161545;;Chrysolina gypsophilae
105132;Chrysolina herbacea;161165;161546;;Chrysolina herbacea
105133;Chrysolina hyperici;161165;161547;;Chrysolina hyperici
105134;Chrysolina marginata;161165;161548;;Chrysolina marginata
105135;Chrysolina oricalcia;161165;161549;;Chrysolina oricalcia
105136;Chrysomela spec.;161165;161550;;Chrysomela spec.
105137;Chrysolina varians;161165;161551;;Chrysolina varians
105138;Kibunea minutus;161165;161552;;Kibunea minutus
105139;Cionus clairvillei;161165;161553;;Cionus clairvillei
105140;Cionus ganglbaueri;161165;161554;;Cionus ganglbaueri
105141;Cionus leonhardi;161165;161555;;Cionus leonhardi
105142;Cionus olens;161165;161556;;Cionus olens
105143;Orthocis alni;161165;161557;;Orthocis alni
105144;Cis bidentatus;161165;161558;;Cis bidentatus
105145;Cis comptus;161165;161559;;Cis comptus
105146;Cis fagi;161165;161560;;Cis fagi
105147;Cis castaneus;161165;161561;;Cis castaneus
105148;Cis jacquemartii;161165;161562;;Cis jacquemartii
105149;Cis punctulatus;161165;161563;;Cis punctulatus
105150;Orthocis pygmaeus;161165;161564;;Orthocis pygmaeus
105151;Cis rugulosus;161165;161565;;Cis rugulosus
105152;Orthocis vestitus;161165;161566;;Orthocis vestitus
105153;Clambus nigrellus;161165;161567;;Clambus nigrellus
105154;Clambus nigriclavis;161165;161568;;Clambus nigriclavis
105155;Clambus pallidulus;161165;161569;;Clambus pallidulus
105156;Clambus punctulum;161165;161570;;Clambus punctulum
105157;Clambus gibbulus;161165;161571;;Clambus gibbulus
105158;Claviger longicornis;161165;161572;;Claviger longicornis
105159;Cleonis pigra;161165;161573;;Cleonis pigra
105160;Cleopus solani;161165;161574;;Cleopus solani
105161;Clitostethus arcuatus;161165;161575;;Clitostethus arcuatus
105162;Clytus arietis;161165;161576;;Clytus arietis
105163;Clytus tropicus;161165;161577;;Clytus tropicus
105164;Attactogenus plumbeus;161165;161578;;Attactogenus plumbeus
105165;Coccinella magnifica;161165;161579;;Coccinella magnifica
105166;Coccinella septempunctata;161165;161580;Siebenpunkt;Siebenpunkt – Coccinella septempunctata
105167;Coelambus confluens;161165;161581;;Coelambus confluens
105168;Coelambus nigrolineatus;161165;161582;;Coelambus nigrolineatus
105169;Coeliodes ilicis;161165;161583;;Coeliodes ilicis
105170;Coeliodes ruber;161165;161584;;Coeliodes ruber
105171;Coelostoma orbiculare;161165;161585;;Coelostoma orbiculare
105172;Caenorhinus pauxillus;161165;161586;;Caenorhinus pauxillus
105173;Colon affine;161165;161587;;Colon affine
105174;Colon angulare;161165;161588;;Colon angulare
105175;Colon barnevillei;161165;161589;;Colon barnevillei
105176;Colon calcaratum;161165;161590;;Colon calcaratum
105177;Colon dentipes;161165;161591;;Colon dentipes
105178;Colon latum;161165;161592;;Colon latum
105179;Colon viennense;161165;161593;;Colon viennense
105180;Colymbetes fuscus;161165;161594;;Colymbetes fuscus
105181;Conopalpus brevicollis;161165;161595;;Conopalpus brevicollis
105182;Coptocephala rubicunda;161165;161596;;Coptocephala rubicunda
105183;Coraebus elatus;161165;161597;;Coraebus elatus
105184;Coraebus undatus;161165;161598;;Coraebus undatus
105185;Corticaria abietorum;161165;161599;;Corticaria abietorum
105186;Corticaria alleni;161165;161600;;Corticaria alleni
105187;Corticaria crenulata;161165;161601;;Corticaria crenulata
105188;Corticaria fagi;161165;161602;;Corticaria fagi
105189;Corticaria ferruginea;161165;161603;;Corticaria ferruginea
105190;Corticaria inconspicua;161165;161604;;Corticaria inconspicua
105191;Corticaria linearis;161165;161605;;Corticaria linearis
105192;Corticaria longicollis;161165;161606;;Corticaria longicollis
105193;Corticaria obscura;161165;161607;;Corticaria obscura
105194;Corticaria saginata;161165;161608;;Corticaria saginata
105196;Corticarina lambiana;161165;161610;;Corticarina lambiana
105197;Corticarina obfuscata;161165;161611;;Corticarina obfuscata
105198;Corticarina truncatella;161165;161612;;Corticarina truncatella
105199;Cortodera femorata;161165;161613;;Cortodera femorata
105200;Cortodera humeralis;161165;161614;;Cortodera humeralis
105201;Corylophus cassidoides;161165;161615;;Corylophus cassidoides
105202;Calambus bipustulatus;161165;161616;;Calambus bipustulatus
105203;Coryssomerus capucinus;161165;161617;;Coryssomerus capucinus
105204;Cossonus cylindricus;161165;161618;;Cossonus cylindricus
105205;Coxelus pictus;161165;161619;;Coxelus pictus
105206;Crenitis punctatostriata;161165;161620;;Crenitis punctatostriata
105207;Asiorestia motschulskii;161165;161621;;Asiorestia motschulskii
105208;Cryphalus piceae;161165;161622;;Cryphalus piceae
105209;Cryptocephalus chrysopus;161165;161623;;Cryptocephalus chrysopus
105210;Cryptocephalus coryli;161165;161624;;Cryptocephalus coryli
105211;Cryptocephalus elegantulus;161165;161625;;Cryptocephalus elegantulus
105212;Cryptocephalus exiguus;161165;161626;;Cryptocephalus exiguus
105213;Cryptocephalus frenatus;161165;161627;;Cryptocephalus frenatus
105214;Cryptocephalus frontalis;161165;161628;;Cryptocephalus frontalis
105215;Cryptocephalus marginatus;161165;161629;;Cryptocephalus marginatus
105216;Cryptocephalus ochroleucus;161165;161630;;Cryptocephalus ochroleucus
105217;Cryptocephalus octopunctatus;161165;161631;;Cryptocephalus octopunctatus
105218;Cryptocephalus parvulus;161165;161632;;Cryptocephalus parvulus
105219;Cryptocephalus populi;161165;161633;;Cryptocephalus populi
105220;Cryptocephalus primarius;161165;161634;;Cryptocephalus primarius
105221;Cryptocephalus rufipes;161165;161635;;Cryptocephalus rufipes
105222;Cryptocephalus schaefferi;161165;161636;;Cryptocephalus schaefferi
105223;Cryptocephalus sexpunctatus;161165;161637;;Cryptocephalus sexpunctatus
105224;Cryptocephalus signatifrons;161165;161638;;Cryptocephalus signatifrons
105225;Cryptocephalus pygmaeus;161165;161639;;Cryptocephalus pygmaeus
105226;Cryptophagus angustus;161165;161640;;Cryptophagus angustus
105227;Cryptophagus badius;161165;161641;;Cryptophagus badius
105228;Cryptophagus corticinus;161165;161642;;Cryptophagus corticinus
105229;Cryptophagus cylindrus;161165;161643;;Cryptophagus cylindrus
105230;Cryptophagus dorsalis;161165;161644;;Cryptophagus dorsalis
105231;Cryptophagus labilis;161165;161645;;Cryptophagus labilis
105232;Micrambe lindbergorum;161165;161646;;Micrambe lindbergorum
105233;Cryptophagus populi;161165;161647;;Cryptophagus populi
105234;Cryptophagus postpositus;161165;161648;;Cryptophagus postpositus
105235;Cryptophagus schmidti;161165;161649;;Cryptophagus schmidti
105236;Cryptophagus deubeli;161165;161650;;Cryptophagus deubeli
105237;Cryptophagus thomsoni;161165;161651;;Cryptophagus thomsoni
105238;Cryptopleurum subtile;161165;161652;;Cryptopleurum subtile
105239;Crypturgus cinereus;161165;161654;;Crypturgus cinereus
105240;Ctenicera pectinicornis;161165;161655;;Ctenicera pectinicornis
105241;Cteniopus flavus;161165;161656;;Cteniopus flavus
105242;Curculio betulae;161165;161657;;Curculio betulae
105243;Curculio pellitus;161165;161658;;Curculio pellitus
105245;Curtimorda bisignata;161165;161660;;Curtimorda bisignata
105246;Cybister lateralimarginalis;161165;161661;;Cybister lateralimarginalis
105248;Cybocephalus fodori;161165;161663;;Cybocephalus fodori
105249;Cybocephalus politus;161165;161664;;Cybocephalus politus
105250;Cychramus variegatus;161165;161665;;Cychramus variegatus
105251;Cylindromorphus filum;161165;161666;;Cylindromorphus filum
105252;Cynegetis impunctata;161165;161667;;Cynegetis impunctata
105253;Cyphea curtula;161165;161668;;Cyphea curtula
105254;Cyphocleonus dealbatus;161165;161669;;Cyphocleonus dealbatus
105255;Cyphocleonus trisulcatus;161165;161670;;Cyphocleonus trisulcatus
105256;Cyphon hilaris;161165;161671;;Cyphon hilaris
105257;Cyphon ochraceus;161165;161672;;Cyphon ochraceus
105258;Cyphon phragmeteticola;161165;161673;;Cyphon phragmeteticola
105259;Cyphon ruficeps;161165;161674;;Cyphon ruficeps
105260;Cyrtanaspis phalerata;161165;161675;;Cyrtanaspis phalerata
105261;Cyrtoplastus seriepunctatus;161165;161676;;Cyrtoplastus seriepunctatus
105262;Liocyrtusa minuta;161165;161677;;Liocyrtusa minuta
105263;Liocyrtusa vittata;161165;161678;;Liocyrtusa vittata
105264;Dacne rufifrons;161165;161679;;Dacne rufifrons
105265;Dasycerus sulcatus;161165;161680;;Dasycerus sulcatus
105266;Dasytes fusculus;161165;161681;;Dasytes fusculus
105267;Dasytes obscurus;161165;161682;;Dasytes obscurus
105268;Dasytes subaeneus;161165;161683;;Dasytes subaeneus
105269;Dendroctonus micans;161165;161684;;Dendroctonus micans
105270;Dendrophilus pygmaeus;161165;161685;;Dendrophilus pygmaeus
105271;Denticollis rubens;161165;161686;;Denticollis rubens
105272;Deporaus mannerheimii;161165;161687;;Deporaus mannerheimii
105273;Dermestes haemorrhoidalis;161165;161688;;Dermestes haemorrhoidalis
105274;Dermestes peruvianus;161165;161689;;Dermestes peruvianus
105276;Deronectes platynotus;161165;161691;;Deronectes platynotus
105277;Diaclina fagi;161165;161692;;Diaclina fagi
105278;Diaperis boleti;161165;161693;;Diaperis boleti
105279;Dibolia cryptocephala;161165;161694;;Dibolia cryptocephala
105280;Dibolia cynoglossi;161165;161695;;Dibolia cynoglossi
105281;Dibolia depressiuscula;161165;161696;;Dibolia depressiuscula
105282;Dibolia foersteri;161165;161697;;Dibolia foersteri
105283;Dibolia rugulosa;161165;161698;;Dibolia rugulosa
105284;Dibolia timida;161165;161699;;Dibolia timida
105285;Dicronychus equiseti;161165;161700;;Dicronychus equiseti
105286;Pyropterus nigroruber;161165;161701;;Pyropterus nigroruber
105287;Dictyopterus aurora;161165;161702;;Dictyopterus aurora
105288;Platycis cosnardi;161165;161703;;Platycis cosnardi
105289;Doydirhynchus austriacus;161165;161704;;Doydirhynchus austriacus
105290;Diplocoelus fagi;161165;161705;;Diplocoelus fagi
105292;Dirhagus lepidus;161165;161707;;Dirhagus lepidus
105293;Dissoleucas niveirostris;161165;161708;;Dissoleucas niveirostris
105294;Chrysolina fastuosa;161165;161709;Prächtiger Blattkäfer;Prächtiger Blattkäfer – Chrysolina fastuosa
105295;Dolichosoma lineare;161165;161710;;Dolichosoma lineare
105296;Donacia brevicornis;161165;161711;;Donacia brevicornis
105297;Donacia spec.;161165;161712;;Donacia spec.
105299;Donacia vulgaris;161165;161715;;Donacia vulgaris
105300;Dorcadion fuliginator;161165;161716;;Dorcadion fuliginator
105301;Dorcatoma chrysomelina;161165;161717;;Dorcatoma chrysomelina
105302;Dorcatoma dresdensis;161165;161718;;Dorcatoma dresdensis
105303;Dorcatoma flavicornis;161165;161719;;Dorcatoma flavicornis
105304;Dorcatoma punctulata;161165;161720;;Dorcatoma punctulata
105305;Dorcatoma substriata;161165;161721;;Dorcatoma substriata
105306;Dorcus parallelepipedus;161165;161722;;Dorcus parallelepipedus
105307;Dorytomus suratus;161165;161723;;Dorytomus suratus
105308;Dorytomus hirtipennis;161165;161724;;Dorytomus hirtipennis
105309;Dorytomus nebulosus;161165;161725;;Dorytomus nebulosus
105310;Dorytomus schoenherri;161165;161726;;Dorytomus schoenherri
105311;Drapetes cinctus;161165;161727;;Drapetes cinctus
105312;Dromaeolus barnabita;161165;161728;;Dromaeolus barnabita
105313;Dryocoetes alni;161165;161729;;Dryocoetes alni
105314;Dryophilus anobioides;161165;161730;;Dryophilus anobioides
105315;Dryops lutulentus;161165;161731;;Dryops lutulentus
105316;Dryops spec.;161165;161732;;Dryops spec.
105317;Dytiscus circumflexus;161165;161733;;Dytiscus circumflexus
105318;Dytiscus dimidiatus;161165;161734;;Dytiscus dimidiatus
105319;Dytiscus lapponicus;161165;161735;;Dytiscus lapponicus
105320;Dytiscus marginalis;161165;161736;;Dytiscus marginalis
105321;Dytiscus spec.;161165;161737;;Dytiscus spec.
105322;Ebaeus pedicularius;161165;161738;;Ebaeus pedicularius
105323;Echinodera hypocrita;161165;161739;;Echinodera hypocrita
105324;Ampedus bouweri;161165;161740;;Ampedus bouweri
105325;Ampedus erythrogonus;161165;161741;;Ampedus erythrogonus
105326;Brachygonus megerlei;161165;161742;;Brachygonus megerlei
105327;Ampedus nemoralis;161165;161743;;Ampedus nemoralis
105328;Ampedus nigerrimus;161165;161744;;Ampedus nigerrimus
105329;Ampedus nigrinus;161165;161745;;Ampedus nigrinus
105331;Ampedus pomonae;161165;161747;;Ampedus pomonae
105332;Ampedus praeustus;161165;161748;;Ampedus praeustus
105333;Ampedus quercicola;161165;161749;;Ampedus quercicola
105335;Ampedus rufipennis;161165;161751;;Ampedus rufipennis
105336;Ampedus vandalitiae;161165;161752;;Ampedus vandalitiae
105337;Eledona agricola;161165;161753;;Eledona agricola
105338;Ellescus scanicus;161165;161754;;Ellescus scanicus
105339;Elmis aenea;161165;161755;;Elmis aenea
105340;Elmis maugetii;161165;161756;;Elmis maugetii
105341;Elmis spec.;161165;161757;;Elmis spec.
105342;Emphylus glaber;161165;161758;;Emphylus glaber
105343;Endomychus coccineus;161165;161759;;Endomychus coccineus
105344;Latridius anthracinus;161165;161760;;Latridius anthracinus
105345;Enicmus brevicornis;161165;161761;;Enicmus brevicornis
105346;Latridius consimilis;161165;161762;;Latridius consimilis
105347;Enicmus frater;161165;161763;;Enicmus frater
105348;Enicmus fungicola;161165;161764;;Enicmus fungicola
105349;Latridius hirtus;161165;161765;;Latridius hirtus
105350;Latridius pseudominutus;161165;161766;;Latridius pseudominutus
105351;Enicmus rugosus;161165;161767;;Enicmus rugosus
105352;Enicmus testaceus;161165;161768;;Enicmus testaceus
105353;Enochrus bicolor;161165;161769;;Enochrus bicolor
105354;Enochrus coarctatus;161165;161770;;Enochrus coarctatus
105355;Enochrus melanocephalus;161165;161771;;Enochrus melanocephalus
105356;Curelius exiguus;161165;161772;;Curelius exiguus
105357;Epierus comptus;161165;161773;;Epierus comptus
105358;Mitoplinthus caliginosus;161165;161774;;Mitoplinthus caliginosus
105359;Epitrix atropae;161165;161775;;Epitrix atropae
105360;Epuraea pallescens;161165;161776;;Epuraea pallescens
105362;Epuraea angustula;161165;161778;;Epuraea angustula
105363;Epuraea binotata;161165;161779;;Epuraea binotata
105364;Epuraea boreella;161165;161780;;Epuraea boreella
105365;Epuraea distincta;161165;161781;;Epuraea distincta
105366;Epuraea fuscicollis;161165;161782;;Epuraea fuscicollis
105367;Epuraea laeviuscula;161165;161783;;Epuraea laeviuscula
105368;Epuraea longiclavis;161165;161784;;Epuraea longiclavis
105369;Epuraea melanocephala;161165;161785;;Epuraea melanocephala
105370;Epuraea oblonga;161165;161786;;Epuraea oblonga
105371;Epuraea pygmaea;161165;161787;;Epuraea pygmaea
105372;Epuraea rufomarginata;161165;161788;;Epuraea rufomarginata
105373;Epuraea terminalis;161165;161789;;Epuraea terminalis
105374;Epuraea unicolor;161165;161790;;Epuraea unicolor
105375;Ergates faber;161165;161791;;Ergates faber
105376;Ernobius angusticollis;161165;161792;;Ernobius angusticollis
105377;Ernobius nigrinus;161165;161793;;Ernobius nigrinus
105378;Ernobius pini;161165;161794;;Ernobius pini
105379;Ernoporicus caucasicus;161165;161795;;Ernoporicus caucasicus
105380;Ernoporicus fagi;161165;161796;;Ernoporicus fagi
105381;Ernoporus tiliae;161165;161797;;Ernoporus tiliae
105382;Esolus angustatus;161165;161798;;Esolus angustatus
105383;Esolus pygmaeus;161165;161799;;Esolus pygmaeus
105384;Eubrychius velutus;161165;161800;;Eubrychius velutus
105385;Eucinetus haemorrhous;161165;161801;;Eucinetus haemorrhous
105386;Eucinetus meridionalis;161165;161802;;Eucinetus meridionalis
105387;Euconnus claviger;161165;161803;;Euconnus claviger
105388;Euconnus fimetarius;161165;161804;;Euconnus fimetarius
105389;Euconnus maeklinii;161165;161805;;Euconnus maeklinii
105390;Euconnus pragensis;161165;161806;;Euconnus pragensis
105391;Euconnus pubicollis;161165;161807;;Euconnus pubicollis
105392;Euconnus rutilipennis;161165;161808;;Euconnus rutilipennis
105393;Euplectus brunneus;161165;161809;;Euplectus brunneus
105394;Euplectus kirbyi;161165;161810;;Euplectus kirbyi
105395;Euplectus nanus;161165;161811;;Euplectus nanus
105396;Euplectus piceus;161165;161812;;Euplectus piceus
105397;Euplectus punctatus;161165;161813;;Euplectus punctatus
105398;Euryptilium saxonicum;161165;161814;;Euryptilium saxonicum
105399;Eusomus ovulum;161165;161815;;Eusomus ovulum
105400;Euthia linearis;161165;161816;;Euthia linearis
105401;Euthia schaumi;161165;161817;;Euthia schaumi
105402;Euthia scydmaenoides;161165;161818;;Euthia scydmaenoides
105403;Euthiconus conicicollis;161165;161819;;Euthiconus conicicollis
105404;Exocentrus adspersus;161165;161820;;Exocentrus adspersus
105405;Exocentrus punctipennis;161165;161821;;Exocentrus punctipennis
105406;Exochomus nigromaculatus;161165;161822;Ungefleckter Schwarzkugelkäfer;Ungefleckter Schwarzkugelkäfer – Exochomus nigromaculatus
105407;Neogalerucella pusilla;161165;161823;;Neogalerucella pusilla
105410;Georissus spec.;161165;161826;;Georissus spec.
105413;Geotrupes spec.;161165;161829;;Geotrupes spec.
105414;Anoplotrupes stercorosus;161165;161830;Wald-Mistkäfer;Wald-Mistkäfer – Anoplotrupes stercorosus
105415;Glischrochilus quadrisignatus;161165;161831;;Glischrochilus quadrisignatus
105416;Gnathoncus buyssoni;161165;161832;;Gnathoncus buyssoni
105417;Gnathoncus nannetensis;161165;161833;;Gnathoncus nannetensis
105418;Gnathotrichus materiarius;161165;161834;;Gnathotrichus materiarius
105419;Gnorimus nobilis;161165;161835;Edelkäfer;Edelkäfer – Gnorimus nobilis
105420;Grammoptera ustulata;161165;161836;;Grammoptera ustulata
105422;Graphoderus cinereus;161165;161838;;Graphoderus cinereus
105423;Graphoderus zonatus;161165;161839;;Graphoderus zonatus
105424;Gronops lunatus;161165;161840;;Gronops lunatus
105425;Grynobius planus;161165;161841;;Grynobius planus
105426;Gymnetron asellus;161165;161842;;Gymnetron asellus
105427;Gymnetron bipustulatum;161165;161843;;Gymnetron bipustulatum
105428;Gymnetron collinum;161165;161844;;Gymnetron collinum
105429;Gymnetron labile;161165;161845;;Gymnetron labile
105430;Gymnetron melanarium;161165;161846;;Gymnetron melanarium
105431;Gymnetron melas;161165;161847;;Gymnetron melas
105432;Gymnetron netum;161165;161848;;Gymnetron netum
105433;Gymnetron pascuorum;161165;161849;;Gymnetron pascuorum
105434;Gymnetron rostellum;161165;161850;;Gymnetron rostellum
105435;Gymnetron villosulum;161165;161851;;Gymnetron villosulum
105436;Gyrinus aeratus;161165;161852;;Gyrinus aeratus
105437;Gyrinus natator;161165;161853;;Gyrinus natator
105438;Gyrinus spec.;161165;161854;;Gyrinus spec.
105439;Gyrinus substriatus;161165;161855;;Gyrinus substriatus
105440;Habroloma nana;161165;161856;;Habroloma nana
105441;Haliplus fluviatilis;161165;161858;;Haliplus fluviatilis
105442;Haliplus fulvicollis;161165;161859;;Haliplus fulvicollis
105443;Haliplus fulvus;161165;161860;;Haliplus fulvus
105444;Haliplus lineatocollis;161165;161861;;Haliplus lineatocollis
105445;Haliplus spec.;161165;161863;;Haliplus spec.
105447;Altica brevicollis;161165;161865;;Altica brevicollis
105449;Altica palustris;161165;161867;;Altica palustris
105450;Altica pusilla;161165;161868;;Altica pusilla
105451;Altica quercetorum;161165;161869;;Altica quercetorum
105452;Haploglossa marginalis;159617;161870;;Haploglossa marginalis
105453;Hedobia regalis;161165;161871;;Hedobia regalis
105456;Elmis latreillei;161165;161874;;Elmis latreillei
105459;Helmis spec.;161165;161877;;Helmis spec.
105460;Helochares obscurus;161165;161878;;Helochares obscurus
105461;Helochares punctatus;161165;161879;;Helochares punctatus
105462;Elodes minuta;161165;161881;;Elodes minuta
105463;Elodes pseudominuta;161165;161882;;Elodes pseudominuta
105465;Helophorus aequalis;161165;161884;;Helophorus aequalis
105466;Helophorus asperatus;161165;161885;;Helophorus asperatus
105467;Helophorus brevipalpis;161165;161886;;Helophorus brevipalpis
105468;Helophorus croaticus;161165;161887;;Helophorus croaticus
105469;Helophorus dorsalis;161165;161888;;Helophorus dorsalis
105470;Helophorus pumilio;161165;161889;;Helophorus pumilio
105471;Helophorus grandis;161165;161890;;Helophorus grandis
105472;Helophorus griseus;161165;161891;;Helophorus griseus
105473;Helophorus laticollis;161165;161892;;Helophorus laticollis
105474;Helophorus longitarsis;161165;161893;;Helophorus longitarsis
105475;Helophorus nanus;161165;161894;;Helophorus nanus
105476;Helophorus obscurus;161165;161895;;Helophorus obscurus
105477;Helophorus porculus;161165;161896;;Helophorus porculus
105478;Helophorus redtenbacheri;161165;161897;;Helophorus redtenbacheri
105479;Helophorus spec.;161165;161898;;Helophorus spec.
105480;Helophorus strigifrons;161165;161899;;Helophorus strigifrons
105481;Henoticus serratus;161165;161900;;Henoticus serratus
105482;Euheptaulacus sus;161165;161901;;Euheptaulacus sus
105483;Hetaerius ferrugineus;161165;161902;;Hetaerius ferrugineus
105484;Heterocerus hispidulus;161165;161903;;Heterocerus hispidulus
105485;Neophytobius muricatus;161165;161904;;Neophytobius muricatus
105486;Hippodamia septemmaculata;161165;161905;;Hippodamia septemmaculata
105487;Hister helluo;161165;161906;;Hister helluo
105488;Margarinotus ignobilis;161165;161907;;Margarinotus ignobilis
105489;Margarinotus neglectus;161165;161908;;Margarinotus neglectus
105490;Hister quadrimaculatus;161165;161909;;Hister quadrimaculatus
105491;Hololepta plana;161165;161910;;Hololepta plana
105492;Holoparamecus caularum;161165;161911;;Holoparamecus caularum
105493;Omalisus fontisbellaquaei;161165;161912;;Omalisus fontisbellaquaei
105494;Omaloplia ruricola;161165;161913;;Omaloplia ruricola
105495;Hoplia philanthus;161165;161914;;Hoplia philanthus
105496;Hoplia praticola;161165;161915;;Hoplia praticola
105497;Hydnobius multistriatus;161165;161916;;Hydnobius multistriatus
105498;Hydnobius punctatus;161165;161917;;Hydnobius punctatus
105499;Hydnobius spinipes;161165;161918;;Hydnobius spinipes
105500;Hydraena belgica;161165;161919;;Hydraena belgica
105501;Hydraena melas;161165;161920;;Hydraena melas
105502;Hydraena britteni;161165;161921;;Hydraena britteni
105503;Hydraena dentipes;161165;161922;;Hydraena dentipes
105504;Hydraena gracilis;161165;161923;;Hydraena gracilis
105505;Hydraena palustris;161165;161924;;Hydraena palustris
105506;Hydraena pulchella;161165;161925;;Hydraena pulchella
105507;Hydraena spec.;161165;161926;;Hydraena spec.
105508;Hydraena reyi;161165;161927;;Hydraena reyi
105509;Hydraena testacea;161165;161928;;Hydraena testacea
105510;Hydrobius fuscipes;161165;161929;;Hydrobius fuscipes
105511;Hydrochus brevis;161165;161930;;Hydrochus brevis
105512;Hydrochus carinatus;161165;161931;;Hydrochus carinatus
105513;Hydrochus elongatus;161165;161932;;Hydrochus elongatus
105514;Hydrocyphon deflexicollis;161165;161933;;Hydrocyphon deflexicollis
105515;Hydroporus discretus;161165;161934;;Hydroporus discretus
105516;Hydroporus erythrocephalus;161165;161935;;Hydroporus erythrocephalus
105517;Hydroporus ferrugineus;161165;161936;;Hydroporus ferrugineus
105518;Hydroporus gyllenhali;161165;161937;;Hydroporus gyllenhali
105519;Hydroporus longicornis;161165;161938;;Hydroporus longicornis
105520;Hydroporus longulus;161165;161939;;Hydroporus longulus
105522;Hydroporus melanarius;161165;161941;;Hydroporus melanarius
105523;Hydroporus obscurus;161165;161943;;Hydroporus obscurus
105524;Hydroporus palustris;161165;161944;Sechsfleckiger Zwerschwimmer;Sechsfleckiger Zwerschwimmer – Hydroporus palustris
105525;Hydroporus spec.;161165;161945;;Hydroporus spec.
105526;Prasocuris hannoverana;161165;161946;;Prasocuris hannoverana
105527;Hydrophilus piceus;161165;161947;;Hydrophilus piceus
105528;Hygrobia spec.;161165;161948;;Hygrobia spec.
105530;Hygrotus decoratus;161165;161950;;Hygrotus decoratus
105531;Hylastes attenuatus;161165;161951;;Hylastes attenuatus
105532;Hylastinus obscurus;161165;161952;;Hylastinus obscurus
105533;Hylesinus crenatus;161165;161953;;Hylesinus crenatus
105534;Hylesinus oleiperda;161165;161954;;Hylesinus oleiperda
105535;Hylobius transversovittatus;161165;161955;;Hylobius transversovittatus
105536;Hypebaeus flavipes;161165;161956;;Hypebaeus flavipes
105537;Donus oxalidis;161165;161957;;Donus oxalidis
105538;Donus tesselatus;161165;161958;;Donus tesselatus
105539;Hyperaspis campestris;161165;161959;;Hyperaspis campestris
105540;Hyperaspis reppensis;161165;161960;;Hyperaspis reppensis
105541;Hyperaspis subconcolor;161165;161961;;Hyperaspis subconcolor
105542;Hyphydrus ovatus;161165;161962;;Hyphydrus ovatus
105543;Zorochros meridionalis;161165;161963;;Zorochros meridionalis
105544;Negastrius pulchellus;161165;161964;;Negastrius pulchellus
105545;Oedostethus quadripustulatus;161165;161965;;Oedostethus quadripustulatus
105546;Hypnoidus riparius;161165;161966;;Hypnoidus riparius
105547;Hypocaccus rugifrons;161165;161967;;Hypocaccus rugifrons
105548;Hypocassida subferruginea;161165;161968;;Hypocassida subferruginea
105549;Hylis cariniceps;161165;161969;;Hylis cariniceps
105550;Hylis foveicollis;161165;161970;;Hylis foveicollis
105551;Hylis olexai;161165;161971;;Hylis olexai
105553;Corticeus fraxini;161165;161973;;Corticeus fraxini
105556;Orthotomicus suturalis;161165;161976;;Orthotomicus suturalis
105557;Idolus picipennis;161165;161977;;Idolus picipennis
105558;Ilybius aenescens;161165;161978;;Ilybius aenescens
105559;Ilybius crassus;161165;161979;;Ilybius crassus
105560;Ilybius fuliginosus;161165;161980;;Ilybius fuliginosus
105561;Ilybius spec.;161165;161981;;Ilybius spec.
105562;Ilybius subaeneus;161165;161982;;Ilybius subaeneus
105563;Ips acuminatus;161165;161983;;Ips acuminatus
105564;Ips amitinus;161165;161984;;Ips amitinus
105565;Ips cembrae;161165;161985;;Ips cembrae
105566;Ips sexdentatus;161165;161986;;Ips sexdentatus
105567;Ischnomera cyanea;161165;161987;;Ischnomera cyanea
105568;Ischnomera sanguinicollis;161165;161988;;Ischnomera sanguinicollis
105569;Isomira semiflava;161165;161989;;Isomira semiflava
105570;Pachytodes cerambyciformis;161165;161990;Gefleckter blütenbock;Gefleckter blütenbock – Pachytodes cerambyciformis
105571;Kissister minimus;161165;161991;;Kissister minimus
105572;Kissophagus hederae;161165;161992;;Kissophagus hederae
105573;Labidostomis humeralis;161165;161993;;Labidostomis humeralis
105574;Labidostomis tridentata;161165;161994;;Labidostomis tridentata
105575;Laccobius atratus;161165;161995;;Laccobius atratus
105576;Laccobius biguttatus;161165;161996;;Laccobius biguttatus
105577;Laccobius obscuratus;161165;161997;;Laccobius obscuratus
105578;Laccobius sinuatus;161165;161998;;Laccobius sinuatus
105579;Laccobius spec.;161165;161999;;Laccobius spec.
105580;Laccophilus spec.;161165;162000;;Laccophilus spec.
105581;Laccophilus ponticus;161165;162001;;Laccophilus ponticus
105582;Laccornis oblongus;161165;162002;;Laccornis oblongus
105583;Lachnaia sexpunctata;161165;162003;;Lachnaia sexpunctata
105584;Leptophloeus alternans;161165;162004;;Leptophloeus alternans
105585;Leptophloeus clematidis;161165;162005;;Leptophloeus clematidis
105586;Cryptolestes corticinus;161165;162006;;Cryptolestes corticinus
105587;Cryptolestes duplicatus;161165;162007;;Cryptolestes duplicatus
105588;Laemophloeus kraussi;161165;162008;;Laemophloeus kraussi
105589;Cryptolestes pusillus;161165;162009;;Cryptolestes pusillus
105590;Placonotus testaceus;161165;162010;;Placonotus testaceus
105591;Magdalis exarata;161165;162011;;Magdalis exarata
105592;Lagria atripes;161165;162012;;Lagria atripes
105593;Lagria hirta;161165;162013;;Lagria hirta
105594;Lamprobyrrhulus nitidus;161165;162014;Pillenkäfer;Pillenkäfer – Lamprobyrrhulus nitidus
105595;Oomorphus concolor;161165;162015;;Oomorphus concolor
105596;Lampyris noctiluca;161165;162016;;Lampyris noctiluca
105597;Larinus beckeri;161165;162017;;Larinus beckeri
105598;Larinus jaceae;161165;162018;;Larinus jaceae
105599;Larinus turbinatus;161165;162019;;Larinus turbinatus
105600;Lasiorhynchites coeruleocephalus;161165;162020;;Lasiorhynchites coeruleocephalus
105601;Lasiorhynchites cavifrons;161165;162021;;Lasiorhynchites cavifrons
105602;Limnius opacus;161165;162022;;Limnius opacus
105604;Stephostethus alternans;161165;162024;;Stephostethus alternans
105605;Cartodere australicus;161165;162025;;Cartodere australicus
105606;Cartodere bifasciatus;161165;162026;;Cartodere bifasciatus
105607;Stephostethus sinuatocollis;161165;162027;;Stephostethus sinuatocollis
105608;Stephostethus pandellei;161165;162028;;Stephostethus pandellei
105609;Stephostethus rugicollis;161165;162029;;Stephostethus rugicollis
105610;Leiosoma cribrum;161165;162030;;Leiosoma cribrum
105611;Lema cyanella;161165;162031;;Lema cyanella
105612;Leptinotarsa decemlineata;161165;162032;Kartoffelkäfer;Kartoffelkäfer – Leptinotarsa decemlineata
105613;Corymbia maculicornis;161165;162033;;Corymbia maculicornis
105614;Corymbia rubra;161165;162034;;Corymbia rubra
105615;Anoplodera rufipes;161165;162035;;Anoplodera rufipes
105616;Anastrangalia sanguinolenta;161165;162036;;Anastrangalia sanguinolenta
105617;Corymbia scutellata;161165;162037;;Corymbia scutellata
105618;Anoplodera sexguttata;161165;162038;;Anoplodera sexguttata
105619;Lichenophanes varius;161165;162039;;Lichenophanes varius
105620;Lignyodes enucleator;161165;162040;;Lignyodes enucleator
105621;Limnebius crinifer;161165;162041;;Limnebius crinifer
105622;Limnebius nitidus;161165;162042;;Limnebius nitidus
105623;Limnebius papposus;161165;162043;;Limnebius papposus
105624;Limnichus pygmaeus;161165;162044;;Limnichus pygmaeus
105625;Limnius perrisi;161165;162045;;Limnius perrisi
105626;Limnius spec.;161165;162046;;Limnius spec.
105627;Oulimnius troglodytes;161165;162047;;Oulimnius troglodytes
105628;Limnius volckmari;161165;162048;;Limnius volckmari
105629;Limnobaris reitteri;161165;162049;;Limnobaris reitteri
105630;Protaetia lugubris;161165;162050;;Protaetia lugubris
105631;Leiodes badia;161165;162051;;Leiodes badia
105632;Leiodes brunnea;161165;162052;;Leiodes brunnea
105633;Leiodes cinnamomea;161165;162053;;Leiodes cinnamomea
105634;Leiodes strigipenne;161165;162054;;Leiodes strigipenne
105635;Leiodes litura;161165;162055;;Leiodes litura
105636;Leiodes lucens;161165;162056;;Leiodes lucens
105637;Leiodes ferruginea;161165;162057;;Leiodes ferruginea
105638;Leiodes pallens;161165;162058;;Leiodes pallens
105639;Leiodes rugosa;161165;162059;;Leiodes rugosa
105640;Leiodes nigrita;161165;162060;;Leiodes nigrita
105641;Liodopria serricornis;161165;162061;;Liodopria serricornis
105642;Liophloeus tessulatus;161165;162062;;Liophloeus tessulatus
105643;Liosoma oblongulum;161165;162063;;Liosoma oblongulum
105644;Lissodema cursor;161165;162064;;Lissodema cursor
105646;Lissodema denticolle;161165;162066;;Lissodema denticolle
105648;Lixus bardanae;161165;162068;;Lixus bardanae
105649;Lixus filiformis;161165;162069;;Lixus filiformis
105650;Lixus iridis;161165;162070;;Lixus iridis
105651;Longitarsus absinthii;161165;162071;;Longitarsus absinthii
105652;Longitarsus aeruginosus;161165;162072;;Longitarsus aeruginosus
105653;Longitarsus apicalis;161165;162073;;Longitarsus apicalis
105654;Longitarsus australis;161165;162074;;Longitarsus australis
105655;Longitarsus ballotae;161165;162075;;Longitarsus ballotae
105656;Longitarsus brisouti;161165;162076;;Longitarsus brisouti
105657;Longitarsus celticus;161165;162077;;Longitarsus celticus
105658;Longitarsus curtus;161165;162078;;Longitarsus curtus
105659;Longitarsus dorsalis;161165;162079;;Longitarsus dorsalis
105660;Longitarsus echii;161165;162080;;Longitarsus echii
105661;Longitarsus foudrasi;161165;162081;;Longitarsus foudrasi
105662;Longitarsus gracilis;161165;162082;;Longitarsus gracilis
105663;Longitarsus holsaticus;161165;162083;;Longitarsus holsaticus
105664;Longitarsus kutscherae;161165;162084;;Longitarsus kutscherae
105665;Longitarsus longipennis;161165;162085;;Longitarsus longipennis
105666;Longitarsus lycopi;161165;162086;;Longitarsus lycopi
105667;Longitarsus membranaceus;161165;162087;;Longitarsus membranaceus
105668;Longitarsus minusculus;161165;162088;;Longitarsus minusculus
105669;Longitarsus monticola;161165;162089;;Longitarsus monticola
105670;Longitarsus nanus;161165;162090;;Longitarsus nanus
105671;Longitarsus nigrofasciatus;161165;162091;;Longitarsus nigrofasciatus
105672;Longitarsus noricus;161165;162092;;Longitarsus noricus
105673;Longitarsus obliteratus;161165;162093;;Longitarsus obliteratus
105674;Longitarsus ochroleucus;161165;162094;;Longitarsus ochroleucus
105675;Longitarsus pellucidus;161165;162095;;Longitarsus pellucidus
105676;Longitarsus pulmonariae;161165;162096;;Longitarsus pulmonariae
105677;Longitarsus quadriguttatus;161165;162097;;Longitarsus quadriguttatus
105678;Longitarsus salviae;161165;162098;;Longitarsus salviae
105679;Longitarsus aeneicollis;161165;162099;;Longitarsus aeneicollis
105680;Longitarsus symphyti;161165;162100;;Longitarsus symphyti
105681;Longitarsus ferrugineus;161165;162101;;Longitarsus ferrugineus
105682;Lucanus cervus;161165;162102;Hirschkäfer;Hirschkäfer – Lucanus cervus
105683;Lymantor coryli;161165;162103;;Lymantor coryli
105684;Lymexylon navale;161165;162104;;Lymexylon navale
105685;Macroplea appendiculata;161165;162105;;Macroplea appendiculata
105686;Magdalis barbicornis;161165;162106;;Magdalis barbicornis
105687;Magdalis carbonaria;161165;162107;;Magdalis carbonaria
105688;Magdalis linearis;161165;162108;;Magdalis linearis
105689;Magdalis nitidipennis;161165;162109;;Magdalis nitidipennis
105690;Magdalis phlegmatica;161165;162110;;Magdalis phlegmatica
105691;Sirocalodes quercicola;161165;162111;;Sirocalodes quercicola
105692;Magdalis rufa;161165;162112;;Magdalis rufa
105693;Malachius bipustulatus;161165;162113;;Malachius bipustulatus
105694;Malachius scutellaris;161165;162114;;Malachius scutellaris
105695;Malthinus balteatus;161165;162115;;Malthinus balteatus
105696;Malthinus facialis;161165;162116;;Malthinus facialis
105697;Malthinus frontalis;161165;162117;;Malthinus frontalis
105698;Malthinus glabellus;161165;162118;;Malthinus glabellus
105699;Malthinus seriepunctatus;161165;162119;;Malthinus seriepunctatus
105700;Malthodes crassicornis;161165;162120;;Malthodes crassicornis
105701;Malthodes debilis;161165;162121;;Malthodes debilis
105702;Malthodes europaeus;161165;162122;;Malthodes europaeus
105703;Malthodes flavoguttatus;161165;162123;;Malthodes flavoguttatus
105704;Malthodes fuscus;161165;162124;;Malthodes fuscus
105705;Malthodes guttifer;161165;162125;;Malthodes guttifer
105706;Malthodes hexacanthus;161165;162126;;Malthodes hexacanthus
105707;Malthodes misellus;161165;162127;;Malthodes misellus
105708;Malthodes mysticus;161165;162128;;Malthodes mysticus
105709;Malthodes pumilus;161165;162129;;Malthodes pumilus
105710;Mantura horioni;161165;162130;;Mantura horioni
105711;Mantura mathewsi;161165;162131;;Mantura mathewsi
105712;Mantura obtusata;161165;162132;;Mantura obtusata
105713;Melandrya barbata;161165;162133;;Melandrya barbata
105714;Melandrya dubia;161165;162134;;Melandrya dubia
105715;Phaenops cyanea;161165;162135;;Phaenops cyanea
105717;Melanophthalma distinguenda;161165;162137;;Melanophthalma distinguenda
105718;Melanophthalma maura;161165;162138;;Melanophthalma maura
105719;Melanotus brunnipes;161165;162139;;Melanotus brunnipes
105720;Melanotus castanipes;161165;162140;;Melanotus castanipes
105721;Melanotus crassicollis;161165;162141;;Melanotus crassicollis
105722;Melanotus punctolineatus;161165;162142;;Melanotus punctolineatus
105724;Meligethes acicularis;161165;162144;;Meligethes acicularis
105725;Meligethes aeneus;161165;162145;Rapsglanzkäfer;Rapsglanzkäfer – Meligethes aeneus
105726;Meligethes anthracinus;161165;162146;;Meligethes anthracinus
105727;Meligethes assimilis;161165;162147;;Meligethes assimilis
105728;Meligethes atramentarius;161165;162148;;Meligethes atramentarius
105729;Meligethes bidens;161165;162149;;Meligethes bidens
105730;Meligethes bidentatus;161165;162150;;Meligethes bidentatus
105731;Meligethes brachialis;161165;162151;;Meligethes brachialis
105732;Meligethes brevis;161165;162152;;Meligethes brevis
105733;Meligethes coeruleovirens;161165;162153;;Meligethes coeruleovirens
105734;Meligethes corvinus;161165;162154;;Meligethes corvinus
105735;Meligethes egenus;161165;162155;;Meligethes egenus
105736;Meligethes erichsoni;161165;162156;;Meligethes erichsoni
105737;Meligethes fulvipes;161165;162157;;Meligethes fulvipes
105738;Meligethes kunzei;161165;162158;;Meligethes kunzei
105739;Meligethes lepidii;161165;162159;;Meligethes lepidii
105740;Meligethes ochropus;161165;162160;;Meligethes ochropus
105741;Meligethes ovatus;161165;162161;;Meligethes ovatus
105742;Meligethes rotundicollis;161165;162162;;Meligethes rotundicollis
105743;Meligethes serripes;161165;162163;;Meligethes serripes
105744;Meligethes subaeneus;161165;162164;;Meligethes subaeneus
105745;Meligethes subrugosus;161165;162165;;Meligethes subrugosus
105746;Meligethes sulcatus;161165;162166;;Meligethes sulcatus
105747;Meligethes tristis;161165;162167;;Meligethes tristis
105748;Meligethes umbrosus;161165;162168;;Meligethes umbrosus
105749;Meloe rugosus;161165;162169;Mattschwarzer Maiwurmkäfer;Mattschwarzer Maiwurmkäfer – Meloe rugosus
105750;Meloe spec.;161165;162170;;Meloe spec.
105751;Melolontha melolontha;161165;162171;Feldmaikäfer;Feldmaikäfer – Melolontha melolontha
105752;Chrysomela saliceti;161165;162172;;Chrysomela saliceti
105753;Chrysomela vigintipunctata;161165;162173;;Chrysomela vigintipunctata
105754;Mesocoelopus niger;161165;162174;;Mesocoelopus niger
105755;Metacantharis discoidea;161165;162175;;Metacantharis discoidea
105756;Metoecus paradoxus;161165;162176;;Metoecus paradoxus
105757;Miarus distinctus;161165;162177;;Miarus distinctus
105758;Miarus monticola;161165;162178;;Miarus monticola
105759;Paromalus parallelepipedus;161165;162179;;Paromalus parallelepipedus
105760;Microscydmus minimus;161165;162180;;Microscydmus minimus
105761;Microscydmus nanus;161165;162181;;Microscydmus nanus
105762;Molorchus umbellatarum;161165;162182;;Molorchus umbellatarum
105763;Mononychus punctumalbum;161165;162183;;Mononychus punctumalbum
105764;Monotoma angusticollis;161165;162184;;Monotoma angusticollis
105765;Monotoma brevicollis;161165;162185;;Monotoma brevicollis
105766;Monotoma conicicollis;161165;162186;;Monotoma conicicollis
105767;Monotoma quadrifoveolata;161165;162187;;Monotoma quadrifoveolata
105768;Monotoma spinicollis;161165;162188;;Monotoma spinicollis
105769;Monotoma testacea;161165;162189;;Monotoma testacea
105770;Mordella huetheri;161165;162190;;Mordella huetheri
105771;Mordella leucaspis;161165;162191;;Mordella leucaspis
105772;Mordellistena breddini;161165;162192;;Mordellistena breddini
105773;Mordellistena dieckmanni;161165;162193;;Mordellistena dieckmanni
105774;Mordellistena inexpectata;161165;162194;;Mordellistena inexpectata
105775;Mordellistena klapperichi;161165;162195;;Mordellistena klapperichi
105776;Mordellistena koelleri;161165;162196;;Mordellistena koelleri
105777;Mordellistena kraatzi;161165;162197;;Mordellistena kraatzi
105778;Mordellistena mihoki;161165;162198;;Mordellistena mihoki
105779;Mordellistena pseudobrevicauda;161165;162199;;Mordellistena pseudobrevicauda
105780;Mordellistena pygmaeola;161165;162200;;Mordellistena pygmaeola
105781;Mordellistena tarsata;161165;162201;;Mordellistena tarsata
105782;Mordellistena weisei;161165;162202;;Mordellistena weisei
105783;Mordellistena aertsi;161165;162203;;Mordellistena aertsi
105784;Mordellistena confinis;161165;162204;;Mordellistena confinis
105785;Mordellistena falsoparvula;161165;162205;;Mordellistena falsoparvula
105786;Mordellistena hollandica;161165;162206;;Mordellistena hollandica
105787;Mordellistena parvula;161165;162207;;Mordellistena parvula
105788;Mordellistena parvuloides;161165;162208;;Mordellistena parvuloides
105789;Mordellistena pentas;161165;162209;;Mordellistena pentas
105790;Mordellistena perroudi;161165;162210;;Mordellistena perroudi
105791;Mordellistena pseudopumila;161165;162211;;Mordellistena pseudopumila
105792;Mordellistena purpureonigrans;161165;162212;;Mordellistena purpureonigrans
105793;Mordellistena rhenana;161165;162213;;Mordellistena rhenana
105794;Mordellistena stoeckleini;161165;162214;;Mordellistena stoeckleini
105795;Mordellistena thuringiaca;161165;162215;;Mordellistena thuringiaca
105796;Mycetina cruciata;161165;162216;;Mycetina cruciata
105797;Mycetochara axillaris;161165;162217;;Mycetochara axillaris
105798;Mycetochara linearis;161165;162218;;Mycetochara linearis
105799;Mycetophagus fulvicollis;161165;162219;;Mycetophagus fulvicollis
105800;Mycetophagus multipunctatus;161165;162220;;Mycetophagus multipunctatus
105801;Mycetophagus populi;161165;162221;;Mycetophagus populi
105802;Mycetophagus quadriguttatus;161165;162222;;Mycetophagus quadriguttatus
105803;Mycetophagus quadripustulatus;161165;162223;;Mycetophagus quadripustulatus
105804;Mycetophagus salicis;161165;162224;;Mycetophagus salicis
105805;Omias rotundatum;161165;162225;;Omias rotundatum
105806;Myrmechixenus vaporariorum;161165;162226;;Myrmechixenus vaporariorum
105807;Myrmetes paykulli;161165;162227;;Myrmetes paykulli
105808;Myrrha octodecimguttata;161165;162228;Achtzehnfleckiger Marienkäfer;Achtzehnfleckiger Marienkäfer – Myrrha octodecimguttata
105809;Anogcodes rufiventris;161165;162229;;Anogcodes rufiventris
105810;Anogcodes ustulata;161165;162230;;Anogcodes ustulata
105811;Nanophyes globulus;161165;162231;;Nanophyes globulus
105812;Nargus brunneus;161165;162232;;Nargus brunneus
105813;Nathrius brevipennis;161165;162233;;Nathrius brevipennis
105814;Necrodes littoralis;161165;162234;;Necrodes littoralis
105815;Necrophilus subterraneus;161165;162235;;Necrophilus subterraneus
105816;Necrophorus germanicus;161165;162236;;Necrophorus germanicus
105817;Necrophorus humator;161165;162237;;Necrophorus humator
105818;Necrophorus investigator;161165;162238;;Necrophorus investigator
105819;Necrophorus sepultor;161165;162239;;Necrophorus sepultor
105820;Necrophorus vespillo;161165;162240;;Necrophorus vespillo
105821;Necrophorus vespilloides;161165;162241;;Necrophorus vespilloides
105822;Necydalis major;161165;162242;Großer Wespenbock;Großer Wespenbock – Necydalis major
105823;Negastrius sabulicola;161165;162243;;Negastrius sabulicola
105824;Nemadus colonoides;161165;162244;;Nemadus colonoides
105825;Nemozoma elongatum;161165;162245;;Nemozoma elongatum
105826;Ceutorhynchus hampei;161165;162246;;Ceutorhynchus hampei
105827;Ceutorhynchus pulvinatus;161165;162247;;Ceutorhynchus pulvinatus
105829;Ceutorhynchus rhenanus;161165;162249;;Ceutorhynchus rhenanus
105830;Nephanes titan;161165;162250;;Nephanes titan
105831;Nephus redtenbacheri;161165;162251;;Nephus redtenbacheri
105832;Neuraphes angulatus;161165;162252;;Neuraphes angulatus
105833;Neuraphes carinatus;161165;162253;;Neuraphes carinatus
105834;Neuraphes plicicollis;161165;162254;;Neuraphes plicicollis
105835;Neuraphes praeteritus;161165;162255;;Neuraphes praeteritus
105836;Neuraphes rubicundus;161165;162256;;Neuraphes rubicundus
105837;Neuraphes ruthenus;161165;162257;;Neuraphes ruthenus
105838;Neuraphes talparum;161165;162258;;Neuraphes talparum
105839;Nosodendron fasciculare;161165;162259;;Nosodendron fasciculare
105841;Nossidium pilosellum;161165;162261;;Nossidium pilosellum
105842;Notaris acridulus;161165;162262;;Notaris acridulus
105843;Notaris scirpi;161165;162263;;Notaris scirpi
105844;Notoxus monoceros;161165;162264;;Notoxus monoceros
105845;Oberea linearis;161165;162265;;Oberea linearis
105846;Oberea pupillata;161165;162266;;Oberea pupillata
105847;Obrium cantharinum;161165;162267;;Obrium cantharinum
105848;Ochrosis ventralis;161165;162268;;Ochrosis ventralis
105849;Ochthebius bicolon;161165;162269;;Ochthebius bicolon
105850;Ochthebius exsculptus;161165;162270;;Ochthebius exsculptus
105851;Ochthebius foveolatus;161165;162271;;Ochthebius foveolatus
105852;Ochthebius gibbosus;161165;162272;;Ochthebius gibbosus
105853;Ochthebius metallescens;161165;162273;;Ochthebius metallescens
105854;Oedemera subulata;161165;162274;;Oedemera subulata
105855;Oedemera femorata;161165;162275;;Oedemera femorata
105856;Oedemera tristis;161165;162276;;Oedemera tristis
105857;Olibrus baudueri;161165;162277;;Olibrus baudueri
105858;Olibrus bimaculatus;161165;162278;;Olibrus bimaculatus
105859;Olibrus bisignatus;161165;162279;;Olibrus bisignatus
105860;Olibrus flavicornis;161165;162280;;Olibrus flavicornis
105861;Olibrus gerhardti;161165;162281;;Olibrus gerhardti
105862;Olibrus liquidus;161165;162282;;Olibrus liquidus
105863;Olibrus pygmaeus;161165;162283;;Olibrus pygmaeus
105864;Oligella foveolata;161165;162284;;Oligella foveolata
105865;Oligomerus brunneus;161165;162285;;Oligomerus brunneus
105866;Omophlus lepturoides;161165;162286;;Omophlus lepturoides
105867;Omophlus lividipes;161165;162287;;Omophlus lividipes
105868;Omophlus betulae;161165;162288;;Omophlus betulae
105869;Oedemera femoralis;161165;162289;;Oedemera femoralis
105870;Anthocomus coccineus;161165;162290;;Anthocomus coccineus
105871;Onthophagus joannae;161165;162291;;Onthophagus joannae
105872;Onthophagus taurus;161165;162292;;Onthophagus taurus
105873;Onthophagus verticicornis;161165;162293;;Onthophagus verticicornis
105874;Opanthribus tesselatus;161165;162294;;Opanthribus tesselatus
105875;Orchesia fasciata;161165;162295;;Orchesia fasciata
105876;Orchesia minor;161165;162296;;Orchesia minor
105877;Orectochilus villosus;161165;162297;;Orectochilus villosus
105879;Orobitis cyaneus;161165;162300;;Orobitis cyaneus
105880;Comasinus setiger;161165;162301;;Comasinus setiger
105881;Orthoperus mundus;161165;162302;;Orthoperus mundus
105882;Orthoperus intersitus;161165;162303;;Orthoperus intersitus
105883;Orthoperus nigrescens;161165;162304;;Orthoperus nigrescens
105884;Oryctes nasicornis;161165;162305;Nashornkäfer;Nashornkäfer – Oryctes nasicornis
105885;Osphya bipunctata;161165;162306;;Osphya bipunctata
105886;Otiorhynchus clavipes;161165;162307;;Otiorhynchus clavipes
105887;Otiorhynchus fuscipes;161165;162308;;Otiorhynchus fuscipes
105888;Otiorhynchus ligneus;161165;162309;;Otiorhynchus ligneus
105889;Otiorhynchus lugdunensis;161165;162310;;Otiorhynchus lugdunensis
105890;Otiorhynchus rugosostriatus;161165;162311;;Otiorhynchus rugosostriatus
105891;Otiorhynchus scaber;161165;162312;;Otiorhynchus scaber
105892;Otiorhynchus sulcatus;161165;162313;;Otiorhynchus sulcatus
105893;Otiorhynchus uncinatus;161165;162314;;Otiorhynchus uncinatus
105894;Otiorhynchus veterator;161165;162315;;Otiorhynchus veterator
105895;Oulimnius tuberculatus;161165;162316;;Oulimnius tuberculatus
105896;Oxyomus sylvestris;161165;162317;;Oxyomus sylvestris
105897;Oxythyrea funesta;161165;162318;;Oxythyrea funesta
105898;Pachnephorus pilosus;161165;162319;;Pachnephorus pilosus
105899;Pachybrachis picus;161165;162320;;Pachybrachis picus
105900;Pachybrachis sinuatus;161165;162321;;Pachybrachis sinuatus
105901;Pachybrachis tessellatus;161165;162322;;Pachybrachis tessellatus
105902;Paederus limnophilus;159617;160269;;Paederus limnophilus
105903;Palorus depressus;161165;162323;;Palorus depressus
105904;Pediacus depressus;161165;162324;;Pediacus depressus
105905;Pediacus dermestoides;161165;162325;;Pediacus dermestoides
105906;Pelenomus olssoni;161165;162326;;Pelenomus olssoni
105907;Neophytobius quadrinodosus;161165;162327;;Neophytobius quadrinodosus
105908;Pelenomus waltoni;161165;162328;;Pelenomus waltoni
105909;Pentaphyllus testaceus;161165;162329;;Pentaphyllus testaceus
105910;Phalacrus fimetarius;161165;162330;;Phalacrus fimetarius
105911;Phalacrus caricis;161165;162331;;Phalacrus caricis
105912;Phalacrus championi;161165;162332;;Phalacrus championi
105913;Phalacrus substriatus;161165;162333;;Phalacrus substriatus
105914;Lamprohiza splendidula;161165;162334;;Lamprohiza splendidula
105915;Philopedon plagiatus;161165;162335;;Philopedon plagiatus
105916;Phloeophthorus rhododactylus;161165;162336;;Phloeophthorus rhododactylus
105917;Phloeosinus aubei;161165;162337;;Phloeosinus aubei
105918;Phloeosinus thujae;161165;162338;;Phloeosinus thujae
105920;Phosphuga atrata;161165;162340;;Phosphuga atrata
105921;Phthorophloeus spinulosus;161165;162341;;Phthorophloeus spinulosus
105922;Phyllobius argentatus;161165;162342;;Phyllobius argentatus
105923;Phyllobius sinuatus;161165;162343;;Phyllobius sinuatus
105924;Phyllobius vespertinus;161165;162344;;Phyllobius vespertinus
105925;Phyllobrotica quadrimaculata;161165;162345;;Phyllobrotica quadrimaculata
105926;Phyllotreta aerea;161165;162346;;Phyllotreta aerea
105927;Phyllotreta armoraciae;161165;162347;;Phyllotreta armoraciae
105928;Phyllotreta christinae;161165;162348;;Phyllotreta christinae
105929;Phyllotreta consobrina;161165;162349;;Phyllotreta consobrina
105930;Phyllotreta diademata;161165;162350;;Phyllotreta diademata
105931;Phyllotreta dilatata;161165;162351;;Phyllotreta dilatata
105932;Phyllotreta flexuosa;161165;162352;;Phyllotreta flexuosa
105933;Phyllotreta nodicornis;161165;162353;;Phyllotreta nodicornis
105934;Phyllotreta procera;161165;162354;;Phyllotreta procera
105935;Phymatodes glabratus;161165;162355;;Phymatodes glabratus
105936;Phymatodes rufipes;161165;162356;;Phymatodes rufipes
105937;Pelenomus canaliculatus;161165;162357;;Pelenomus canaliculatus
105938;Gonioctena interposita;161165;162358;;Gonioctena interposita
105939;Gonioctena pallida;161165;162359;;Gonioctena pallida
105942;Phytoecia icterica;161165;162362;;Phytoecia icterica
105944;Hypera pastinacae;161165;162364;;Hypera pastinacae
105945;Hypera viciae;161165;162365;;Hypera viciae
105946;Pidonia lurida;161165;162366;;Pidonia lurida
105947;Pissodes piniphilus;161165;162367;;Pissodes piniphilus
105948;Pissodes scabricollis;161165;162368;;Pissodes scabricollis
105949;Pityophthorus glabratus;161165;162369;;Pityophthorus glabratus
105950;Pityophthorus lichtensteini;161165;162370;;Pityophthorus lichtensteini
105951;Pityophthorus pityographus;161165;162371;;Pityophthorus pityographus
105952;Pityophthorus pubescens;161165;162372;;Pityophthorus pubescens
105953;Plagionotus detritus;161165;162373;;Plagionotus detritus
105954;Platambus maculatus;161165;162374;;Platambus maculatus
105955;Platambus spec.;161165;162375;;Platambus spec.
105956;Plateumaris consimilis;161165;162376;;Plateumaris consimilis
105958;Plateumaris rustica;161165;162378;;Plateumaris rustica
105959;Plateumaris sericea;161165;162379;;Plateumaris sericea
105960;Platycerus caraboides;161165;162380;;Platycerus caraboides
105961;Platycis minutus;161165;162381;;Platycis minutus
105962;Platydema violaceum;161165;162382;;Platydema violaceum
105963;Platynaspis luteorubra;161165;162383;;Platynaspis luteorubra
105965;Platypus cylindrus;161165;162384;;Platypus cylindrus
105967;Platyrhinus resinosus;161165;162386;Großer Breitrüssler;Großer Breitrüssler – Platyrhinus resinosus
105968;Plectophloeus fischeri;161165;162387;;Plectophloeus fischeri
105969;Plectophloeus nitidus;161165;162388;;Plectophloeus nitidus
105970;Plegaderus caesus;161165;162389;;Plegaderus caesus
105971;Plegaderus dissectus;161165;162390;;Plegaderus dissectus
105972;Plegaderus vulneratus;161165;162391;;Plegaderus vulneratus
105973;Podagrica fuscipes;161165;162392;;Podagrica fuscipes
105974;Pogonocherus hispidus;161165;162393;Rauher Wimperbock;Rauher Wimperbock – Pogonocherus hispidus
105975;Pogonocherus decoratus;161165;162394;;Pogonocherus decoratus
105976;Pogonocherus hispidulus;161165;162395;;Pogonocherus hispidulus
105977;Pogonocherus ovatus;161165;162396;;Pogonocherus ovatus
105978;Polydrusus corruscus;161165;162397;;Polydrusus corruscus
105979;Polydrusus impressifrons;161165;162398;;Polydrusus impressifrons
105980;Polydrusus pilosus;161165;162399;;Polydrusus pilosus
105981;Polydrusus prasinus;161165;162400;;Polydrusus prasinus
105982;Poophagus sisymbrii;161165;162401;;Poophagus sisymbrii
105983;Nebrioporus assimilis;161165;162402;Ähnlicher Zahnflügel-Tauchkäfer;Ähnlicher Zahnflügel-Tauchkäfer – Nebrioporus assimilis
105984;Nebrioporus canaliculatus;161165;162403;;Nebrioporus canaliculatus
105985;Nebrioporus depressus;161165;162404;;Nebrioporus depressus
105986;Prasocuris junci;161165;162405;;Prasocuris junci
105987;Priobium carpini;161165;162406;;Priobium carpini
105988;Prionocyphon serricornis;161165;162407;;Prionocyphon serricornis
105989;Prionus coriarius;161165;162408;Sägebock;Sägebock – Prionus coriarius
105990;Prionychus ater;161165;162409;;Prionychus ater
105991;Procraerus tibialis;161165;162410;;Procraerus tibialis
105992;Propylea quatuordecimpunctata;161165;162411;;Propylea quatuordecimpunctata
105993;Psammodius asper;161165;162412;;Psammodius asper
105994;Psammoecus bipunctatus;161165;162413;;Psammoecus bipunctatus
105995;Pselaphaulax dresdensis;161165;162414;;Pselaphaulax dresdensis
105996;Pseudocistela ceramboides;161165;162415;;Pseudocistela ceramboides
105997;Trogoderma angustum;161165;162416;;Trogoderma angustum
105998;Psilothrix viridicoeruleus;161165;162417;;Psilothrix viridicoeruleus
105999;Psylliodes cupreus;161165;162418;;Psylliodes cupreus
106000;Psylliodes instabilis;161165;162419;;Psylliodes instabilis
106001;Psylliodes isatidis;161165;162420;;Psylliodes isatidis
106002;Psylliodes luteolus;161165;162421;;Psylliodes luteolus
106003;Psylliodes thlaspis;161165;162422;;Psylliodes thlaspis
106004;Pteleobius vittatus;161165;162423;;Pteleobius vittatus
106005;Ptenidium fuscicorne;161165;162424;;Ptenidium fuscicorne
106006;Ptenidium gressneri;161165;162425;;Ptenidium gressneri
106007;Ptenidium intermedium;161165;162426;;Ptenidium intermedium
106008;Ptenidium laevigatum;161165;162427;;Ptenidium laevigatum
106009;Ptenidium longicorne;161165;162428;;Ptenidium longicorne
106010;Ptenidium formicetorum;161165;162429;;Ptenidium formicetorum
106011;Ptenidium punctatum;161165;162430;;Ptenidium punctatum
106012;Ptiliolum fuscum;161165;162431;;Ptiliolum fuscum
106013;Ptiliolum wuesthoffi;161165;162432;;Ptiliolum wuesthoffi
106014;Ptilium exaratum;161165;162433;;Ptilium exaratum
106015;Ptilium modestum;161165;162434;;Ptilium modestum
106016;Ptinella limbata;161165;162435;;Ptinella limbata
106017;Ptinella microscopia;161165;162436;;Ptinella microscopia
106018;Ptinus clavipes;161165;162437;;Ptinus clavipes
106019;Ptinus dubius;161165;162438;;Ptinus dubius
106020;Ptinus pilosus;161165;162439;;Ptinus pilosus
106021;Ptinus pusillus;161165;162440;;Ptinus pusillus
106022;Ptinus raptor;161165;162441;;Ptinus raptor
106023;Ptinus sexpunctatus;161165;162442;;Ptinus sexpunctatus
106024;Ptinus subpilosus;161165;162443;;Ptinus subpilosus
106025;Ptomaphagus sericatus;161165;162444;;Ptomaphagus sericatus
106026;Ptomaphagus varicornis;161165;162445;;Ptomaphagus varicornis
106028;Pycnomerus terebrans;161165;162447;;Pycnomerus terebrans
106029;Cratosilis denticollis;161165;162448;;Cratosilis denticollis
106030;Pyrochroa coccinea;161165;162449;Scharlachroter Feuerkäfer;Scharlachroter Feuerkäfer – Pyrochroa coccinea
106031;Pyrochroa serraticornis;161165;162450;;Pyrochroa serraticornis
106032;Pyrochroa spec.;161165;162451;;Pyrochroa spec.
106033;Pytho depressus;161165;162452;;Pytho depressus
106034;Rabocerus foveolatus;161165;162453;;Rabocerus foveolatus
106035;Rabocerus gabrieli;161165;162454;;Rabocerus gabrieli
106036;Rhagium bifasciatum;161165;162455;;Rhagium bifasciatum
106037;Rhagonycha fulva;161165;162456;Rotgelber Weichkäfer;Rotgelber Weichkäfer – Rhagonycha fulva
106038;Rhagonycha lutea;161165;162457;;Rhagonycha lutea
106040;Phaeochrotes cinctus;161165;162459;;Phaeochrotes cinctus
106041;Rhaphitropis marchicus;161165;162460;;Rhaphitropis marchicus
106042;Rhinocyllus conicus;161165;162461;;Rhinocyllus conicus
106043;Rhinoncus albicinctus;161165;162462;;Rhinoncus albicinctus
106044;Rhinoncus henningsi;161165;162463;;Rhinoncus henningsi
106045;Cyanostolus aeneus;161165;162464;;Cyanostolus aeneus
106046;Rhizophagus cribratus;161165;162465;;Rhizophagus cribratus
106047;Rhizophagus grandis;161165;162466;;Rhizophagus grandis
106048;Rhizophagus nitidulus;161165;162467;;Rhizophagus nitidulus
106049;Rhizophagus parvulus;161165;162468;;Rhizophagus parvulus
106050;Ropalopus spinicornis;161165;162469;;Ropalopus spinicornis
106051;Isochnus angustifrons;161165;162470;;Isochnus angustifrons
106052;Pseudorchestes ermischi;161165;162471;;Pseudorchestes ermischi
106053;Rhynchaenus fagi;161165;162472;Buchenspringrüssler;Buchenspringrüssler – Rhynchaenus fagi
106054;Rhynchaenus jota;161165;162473;;Rhynchaenus jota
106055;Tachyerges pseudostigma;161165;162474;;Tachyerges pseudostigma
106056;Rhynchaenus rufus;161165;162475;;Rhynchaenus rufus
106057;Rhynchaenus signifer;161165;162476;;Rhynchaenus signifer
106058;Rhynchites auratus;161165;162477;;Rhynchites auratus
106059;Rhynchites bacchus;161165;162478;;Rhynchites bacchus
106060;Rhyncolus elongatus;161165;162479;;Rhyncolus elongatus
106061;Rhyncolus punctatulus;161165;162480;;Rhyncolus punctatulus
106062;Rhyssemus germanus;161165;162481;;Rhyssemus germanus
106063;Riolus cupreus;161165;162482;;Riolus cupreus
106064;Riolus spec.;161165;162483;;Riolus spec.
106065;Riolus subviolaceus;161165;162484;;Riolus subviolaceus
106066;Rutidosoma globulus;161165;162485;;Rutidosoma globulus
106067;Sacium nanum;161165;162486;;Sacium nanum
106068;Sacium pusillum;161165;162487;;Sacium pusillum
106069;Sphaeriestes stockmanni;161165;162488;;Sphaeriestes stockmanni
106070;Sphaeriestes reyi;161165;162489;;Sphaeriestes reyi
106071;Saperda scalaris;161165;162490;Leiterbock;Leiterbock – Saperda scalaris
106072;Saprinus lautus;161165;162491;;Saprinus lautus
106073;Scirtes hemisphaericus;161165;162492;;Scirtes hemisphaericus
106074;Sclerophaedon orbicularis;161165;162493;;Sclerophaedon orbicularis
106075;Scolytus carpini;161165;162494;;Scolytus carpini
106076;Scolytus intricatus;161165;162495;;Scolytus intricatus
106077;Scolytus multistriatus;161165;162496;;Scolytus multistriatus
106078;Scolytus pygmaeus;161165;162497;;Scolytus pygmaeus
106079;Scraptia fuscula;161165;162498;;Scraptia fuscula
106080;Scydmaenus perrisi;161165;162499;;Scydmaenus perrisi
106081;Scydmaenus rufus;161165;162500;;Scydmaenus rufus
106082;Scydmoraphes sparshalli;161165;162501;;Scydmoraphes sparshalli
106083;Scydmoraphes helvolus;161165;162502;;Scydmoraphes helvolus
106084;Scydmoraphes minutus;161165;162503;;Scydmoraphes minutus
106085;Scymnus abietis;161165;162504;;Scymnus abietis
106086;Scymnus apetzi;161165;162505;;Scymnus apetzi
106087;Scymnus pallipediformis;161165;162506;;Scymnus pallipediformis
106088;Nephus bipunctatus;161165;162507;;Nephus bipunctatus
106089;Scymnus femoralis;161165;162508;;Scymnus femoralis
106090;Scymnus interruptus;161165;162509;;Scymnus interruptus
106091;Scymnus limbatus;161165;162510;;Scymnus limbatus
106092;Nephus quadrimaculatus;161165;162511;;Nephus quadrimaculatus
106093;Scymnus subvillosus;161165;162512;;Scymnus subvillosus
106094;Mosotalesus nigricornis;161165;162513;;Mosotalesus nigricornis
106095;Sericus brunneus;161165;162514;;Sericus brunneus
106096;Sericus subaeneus;161165;162515;;Sericus subaeneus
106097;Serropalpus barbatus;161165;162516;;Serropalpus barbatus
106098;Sibinia phalerata;161165;162517;;Sibinia phalerata
106099;Sibinia pyrrhodactyla;161165;162518;;Sibinia pyrrhodactyla
106100;Sibinia primita;161165;162519;;Sibinia primita
106101;Sibinia subelliptica;161165;162520;;Sibinia subelliptica
106102;Silis ruficollis;161165;162521;;Silis ruficollis
106103;Silpha obscura;161165;162522;;Silpha obscura
106104;Silvanoprus fagi;161165;162523;;Silvanoprus fagi
106105;Silvanus bidentatus;161165;162524;;Silvanus bidentatus
106106;Sinodendron cylindricum;161165;162525;Baumschröter;Baumschröter – Sinodendron cylindricum
106107;Sitaris muralis;161165;162526;;Sitaris muralis
106108;Sitona ambiguus;161165;162527;;Sitona ambiguus
106109;Sitona cylindricollis;161165;162528;;Sitona cylindricollis
106110;Sitona gressorius;161165;162529;;Sitona gressorius
106111;Sitona inops;161165;162530;;Sitona inops
106112;Sitona languidus;161165;162531;;Sitona languidus
106113;Sitona ononidis;161165;162532;;Sitona ononidis
106114;Sitona waterhousei;161165;162533;;Sitona waterhousei
106115;Smicronyx coecus;161165;162534;;Smicronyx coecus
106116;Smicronyx nebulosus;161165;162535;;Smicronyx nebulosus
106117;Smicrus filicornis;161165;162536;;Smicrus filicornis
106118;Soronia punctatissima;161165;162537;;Soronia punctatissima
106119;Sospita vigintiguttata;161165;162538;;Sospita vigintiguttata
106120;Sphaerites glabratus;161165;162539;;Sphaerites glabratus
106121;Microsporus acaroides;161165;162540;;Microsporus acaroides
106122;Sphaerosoma globosum;161165;162541;;Sphaerosoma globosum
106123;Sphaerosoma piliferum;161165;162542;;Sphaerosoma piliferum
106124;Sphenophorus striatopunctatus;161165;162543;;Sphenophorus striatopunctatus
106125;Sphinginus lobatus;161165;162544;;Sphinginus lobatus
106126;Spondylis buprestoides;161165;162545;;Spondylis buprestoides
106127;Stenelmis canaliculata;161165;162546;;Stenelmis canaliculata
106128;Stenichnus bicolor;161165;162547;;Stenichnus bicolor
106129;Stenichnus godarti;161165;162548;;Stenichnus godarti
106130;Stenichnus pusillus;161165;162549;;Stenichnus pusillus
106131;Stenocorus quercus;161165;162550;;Stenocorus quercus
106132;Stenopterus rufus;161165;162551;;Stenopterus rufus
106133;Stenostola ferrea;161165;162552;;Stenostola ferrea
106134;Stictonectes lepidus;161165;162553;;Stictonectes lepidus
106135;Stictotarsus duodecimpustulatus;161165;162554;;Stictotarsus duodecimpustulatus
106136;Leptura aurulenta;161165;162555;;Leptura aurulenta
106137;Leptura maculata;161165;162556;Bockkäfer;Bockkäfer – Leptura maculata
106138;Stenurella melanura;161165;162557;;Stenurella melanura
106139;Pedostrangalia revestita;161165;162558;;Pedostrangalia revestita
106140;Strangalia spec.;161165;162559;;Strangalia spec.
106141;Strophosoma fulvicorne;161165;162560;;Strophosoma fulvicorne
106142;Sulcacis bidentulus;161165;162561;;Sulcacis bidentulus
106143;Symbiotes gibberosus;161165;162563;;Symbiotes gibberosus
106144;Symbiotes latus;161165;162564;;Symbiotes latus
106145;Synaptus filiformis;161165;162565;;Synaptus filiformis
106146;Synchita humeralis;161165;162566;;Synchita humeralis
106147;Oenopia impustulata;161165;162567;;Oenopia impustulata
106148;Oenopia lyncea;161165;162568;;Oenopia lyncea
106149;Telmatophilus schoenherri;161165;162569;;Telmatophilus schoenherri
106150;Tetropium fuscum;161165;162570;;Tetropium fuscum
106151;Tetropium gabrieli;161165;162571;;Tetropium gabrieli
106152;Thalycra fervida;161165;162572;;Thalycra fervida
106153;Thamiocolus signatus;161165;162573;;Thamiocolus signatus
106154;Thamnurgus kaltenbachi;161165;162574;;Thamnurgus kaltenbachi
106155;Thanasimus rufipes;161165;162575;;Thanasimus rufipes
106156;Thanatophilus dispar;161165;162576;;Thanatophilus dispar
106157;Aulonothroscus brevicollis;161165;162577;;Aulonothroscus brevicollis
106158;Trixagus elateroides;161165;162578;;Trixagus elateroides
106159;Trixagus obtusus;161165;162579;;Trixagus obtusus
106160;Thymalus limbatus;161165;162580;;Thymalus limbatus
106161;Tilloidea unifasciata;161165;162581;;Tilloidea unifasciata
106162;Timarcha metallica;161165;162582;;Timarcha metallica
106163;Timarcha spec.;161165;162583;;Timarcha spec.
106164;Timarcha tenebricosa;161165;162584;;Timarcha tenebricosa
106165;Oxymirus cursor;161165;162585;;Oxymirus cursor
106166;Trachyphloeus alternans;161165;162586;;Trachyphloeus alternans
106167;Trachyphloeus asperatus;161165;162587;;Trachyphloeus asperatus
106168;Trachys fragariae;161165;162588;;Trachys fragariae
106169;Trachys pumilus;161165;162589;;Trachys pumilus
106170;Trachys pygmaeus;161165;162590;;Trachys pygmaeus
106171;Trachys troglodytes;161165;162591;;Trachys troglodytes
106172;Triarthron maerkelii;161165;162592;;Triarthron maerkelii
106173;Tribolium destructor;161165;162593;;Tribolium destructor
106174;Trichius fasciatus;161165;162594;;Trichius fasciatus
106175;Trichius spec.;161165;162595;;Trichius spec.
106176;Trichius zonatus;161165;162596;;Trichius zonatus
106177;Trichodes alvearius;161165;162597;Zottiger Bienenkäfer;Zottiger Bienenkäfer – Trichodes alvearius
106178;Trichonyx sulcicollis;161165;162598;;Trichonyx sulcicollis
106179;Trimium brevicorne;161165;162599;;Trimium brevicorne
106180;Trinodes hirtus;161165;162600;;Trinodes hirtus
106181;Triphyllus bicolor;161165;162601;;Triphyllus bicolor
106182;Triplax lepida;161165;162602;;Triplax lepida
106183;Trogoderma nigrum;161165;162603;;Trogoderma nigrum
106184;Trogoderma versicolor;161165;162604;;Trogoderma versicolor
106185;Tropideres albirostris;161165;162605;;Tropideres albirostris
106186;Enedreutes sepicola;161165;162606;;Enedreutes sepicola
106187;Allandrus undulatus;161165;162607;;Allandrus undulatus
106188;Tropinota hirta;161165;162608;;Tropinota hirta
106189;Tropiphorus elevatus;161165;162609;;Tropiphorus elevatus
106190;Trox hispidus;161165;162610;;Trox hispidus
106192;Trypophloeus asperatus;161165;162612;;Trypophloeus asperatus
106193;Tychius crassirostris;161165;162613;;Tychius crassirostris
106194;Sibinia femoralis;161165;162614;;Sibinia femoralis
106195;Tychius breviusculus;161165;162615;;Tychius breviusculus
106196;Tychius medicaginis;161165;162616;;Tychius medicaginis
106197;Tychius pusillus;161165;162617;;Tychius pusillus
106198;Typhaeus typhoeus;161165;162618;Steinkäfer;Steinkäfer – Typhaeus typhoeus
106199;Tyrus mucronatus;161165;162619;;Tyrus mucronatus
106200;Uloma culinaris;161165;162620;;Uloma culinaris
106201;Urodon suturalis;161165;162621;;Urodon suturalis
106202;Vibidia duodecimguttata;161165;162622;;Vibidia duodecimguttata
106203;Xyleborus monographus;161165;162623;;Xyleborus monographus
106204;Xylechinus pilosus;161165;162624;;Xylechinus pilosus
106205;Xyletinus ater;161165;162625;;Xyletinus ater
106206;Xylita laevigata;161165;162626;;Xylita laevigata
106207;Xylopertha retusa;161165;162627;;Xylopertha retusa
106208;Xyleborus germanus;161165;162628;;Xyleborus germanus
106209;Xylotrechus antilope;161165;162629;;Xylotrechus antilope
106210;Xylotrechus arvicola;161165;162630;;Xylotrechus arvicola
106211;Zeugophora scutellaris;161165;162631;;Zeugophora scutellaris
106212;Springschwaenze;nan;165787;;Springschwaenze
106213;Tomocerus flavescens;165787;165788;;Tomocerus flavescens
106214;Krebse;nan;162915;;Krebse
106215;Asellus aquaticus;162915;162916;;Asellus aquaticus
106216;Asellus cavaticus;162915;162917;;Asellus cavaticus
106218;Atyaephyra desmaresti;162915;162921;Süsswassergarnele;Süsswassergarnele – Atyaephyra desmaresti
106219;Cyclops spec.;162915;162928;;Cyclops spec.
106220;Daphnia magna;162915;162929;;Daphnia magna
106221;Daphnia pulex;162915;162930;;Daphnia pulex
106222;Daphnia spec.;162915;162931;;Daphnia spec.
106223;Gammarus fossarum;162915;162936;;Gammarus fossarum
106224;Gammarus pulex;162915;162937;;Gammarus pulex
106225;Gammarus roeseli;162915;162938;;Gammarus roeseli
106226;Gammarus spec.;162915;162939;;Gammarus spec.
106227;Ligidium hypnorum;162915;162942;;Ligidium hypnorum
106228;Ligidium spec.;162915;162943;;Ligidium spec.
106229;Lygidum hypnorum;162915;162944;;Lygidum hypnorum
106230;Niphargus aquilex;162915;162945;;Niphargus aquilex
106231;Niphargus fontanus;162915;162946;;Niphargus fontanus
106232;Niphargus kochianus-Gr.;162915;162947;;Niphargus kochianus-Gr.
106233;Niphargus schellenbergi;162915;162948;;Niphargus schellenbergi
106234;Niphargus spec.;162915;162949;;Niphargus spec.
106235;Oniscus asellus;162915;162950;;Oniscus asellus
106236;Philoscia muscorum;162915;162953;;Philoscia muscorum
106237;Porcellio scaber;162915;162954;;Porcellio scaber
106238;Proasellus cavaticus;162915;162955;;Proasellus cavaticus
106239;Siphonophanes grubei;162915;162958;;Siphonophanes grubei
106240;Trachilepus spec.;162915;162959;;Trachilepus spec.
106241;Zweiflügler;nan;166256;;Zweiflügler
106242;Acnemia nitidicollis;166256;166257;;Acnemia nitidicollis
106243;Aedes spec.;166256;166258;;Aedes spec.
106244;Allocotocera pulchella;166256;166259;;Allocotocera pulchella
106245;Allodia alternans;166256;166260;;Allodia alternans
106246;Allodia anglofennica;166256;166261;;Allodia anglofennica
106247;Allodia czernyi;166256;166262;;Allodia czernyi
106248;Allodia grata;166256;166263;;Allodia grata
106249;Allodia lugens;166256;166264;;Allodia lugens
106250;Allodia lundstroemi;166256;166265;;Allodia lundstroemi
106251;Allodia ornaticollis;166256;166266;;Allodia ornaticollis
106252;Allodiopsis cristata;166256;166267;;Allodiopsis cristata
106253;Allodiopsis domestica;166256;166268;;Allodiopsis domestica
106254;Anaclileia dziedzickii;166256;166269;;Anaclileia dziedzickii
106255;Anatella ciliata;166256;166270;;Anatella ciliata
106256;Anatella flavomaculata;166256;166271;;Anatella flavomaculata
106257;Anatella longisetosa;166256;166272;;Anatella longisetosa
106258;Anatella minuta;166256;166273;;Anatella minuta
106259;Anopheles spec.;166256;166274;;Anopheles spec.
106260;Apolephthisa subincana;166256;166275;;Apolephthisa subincana
106261;Arctophila bombiformis;166256;166276;;Arctophila bombiformis
106262;Arctophila fulva;166256;166277;;Arctophila fulva
106263;Asilus crabroniformis;166256;166278;;Asilus crabroniformis
106264;Asilus spec.;166256;166279;;Asilus spec.
106265;Atherix spec.;166256;166280;;Atherix spec.
106266;Azana anomala;166256;166281;;Azana anomala
106267;Azelia zetterstedti;166256;166282;;Azelia zetterstedti
106268;Baccha elongata;166256;166283;;Baccha elongata
106269;Bellardia agilis;166256;166284;;Bellardia agilis
106270;Bellardia pusilla;166256;166285;;Bellardia pusilla
106271;Bezzia spec.;166256;166286;;Bezzia spec.
106272;Bibio marci;166256;166288;;Bibio marci
106273;Bibio spec.;166256;166289;;Bibio spec.
106275;Bicellaria spuria;166256;166290;;Bicellaria spuria
106276;Bicellaria sulcata;166256;166291;;Bicellaria sulcata
106277;Boletina anderschi;166256;166292;;Boletina anderschi
106278;Boletina basalis;166256;166293;;Boletina basalis
106279;Boletina gripha;166256;166294;;Boletina gripha
106280;Boletina griphoides;166256;166295;;Boletina griphoides
106281;Boletina groenlandica;166256;166296;;Boletina groenlandica
106282;Boletina nigricans;166256;166297;;Boletina nigricans
106283;Boletina plana;166256;166298;;Boletina plana
106284;Boletina sciarina;166256;166299;;Boletina sciarina
106285;Boletina silvatica;166256;166300;;Boletina silvatica
106286;Boletina trivittata;166256;166301;;Boletina trivittata
106287;Bolitophila cinerea;166256;166302;;Bolitophila cinerea
106288;Bolitophila hybrida;166256;166303;;Bolitophila hybrida
106289;Bolitophila occlusa;166256;166304;;Bolitophila occlusa
106290;Bolitophila spinigera;166256;166305;;Bolitophila spinigera
106291;Bombylius major;166256;166306;;Bombylius major
106292;Brachicoma devia;166256;166307;;Brachicoma devia
106293;Brachypalpoides lentus;166256;166308;Rote Holzmulmschwebfliege;Rote Holzmulmschwebfliege – Brachypalpoides lentus
106294;Brevicornu boreale;166256;166309;;Brevicornu boreale
106295;Brevicornu crassicorne;166256;166310;;Brevicornu crassicorne
106296;Brevicornu fuscipenne;166256;166311;;Brevicornu fuscipenne
106297;Brevicornu ruficorne;166256;166312;;Brevicornu ruficorne
106298;Brevicornu sericoma;166256;166313;;Brevicornu sericoma
106299;Brontaea humilis;166256;166314;;Brontaea humilis
106300;Calliphora subalpina;166256;166315;;Calliphora subalpina
106301;Calliphora vicina;166256;166316;;Calliphora vicina
106302;Calliphora vomitoria;166256;166317;;Calliphora vomitoria
106303;Campsicnemis curvipes;166256;166318;;Campsicnemis curvipes
106304;Campsicnemis loripes;166256;166319;;Campsicnemis loripes
106305;Cerotelion humeralis;166256;166320;;Cerotelion humeralis
106306;Chalcosyrphus nemorum;166256;166321;Kleine Faulholzschwebfliege;Kleine Faulholzschwebfliege – Chalcosyrphus nemorum
106307;Cheilosia ahenea;166256;166322;;Cheilosia ahenea
106308;Cheilosia albipila;166256;166323;;Cheilosia albipila
106309;Cheilosia albitarsis;166256;166324;;Cheilosia albitarsis
106310;Cheilosia antiqua;166256;166325;;Cheilosia antiqua
106311;Cheilosia barbata;166256;166326;;Cheilosia barbata
106312;Cheilosia bergenstammi;166256;166327;;Cheilosia bergenstammi
106313;Cheilosia canicularis;166256;166328;;Cheilosia canicularis
106314;Cheilosia chloris;166256;166329;;Cheilosia chloris
106315;Cheilosia chrysocoma;166256;166330;;Cheilosia chrysocoma
106316;Cheilosia fraterna;166256;166331;;Cheilosia fraterna
106317;Cheilosia illustrata;166256;166332;;Cheilosia illustrata
106318;Cheilosia intonsa;166256;166334;;Cheilosia intonsa
106319;Cheilosia melanura;166256;166336;;Cheilosia melanura
106320;Cheilosia nasutula;166256;166337;;Cheilosia nasutula
106321;Cheilosia pagana;166256;166339;;Cheilosia pagana
106322;Cheilosia proxima;166256;166341;;Cheilosia proxima
106323;Cheilosia soror;166256;166344;;Cheilosia soror
106324;Chironomus spec.;166256;166348;;Chironomus spec.
106325;Chloromyia formosa;166256;166350;;Chloromyia formosa
106326;Chrysogaster hirtella;166256;166351;;Chrysogaster hirtella
106327;Chrysogaster solstitialis;166256;166353;;Chrysogaster solstitialis
106328;Chrysogaster viduata;166256;166354;;Chrysogaster viduata
106329;Chrysops caecutiens;166256;166355;;Chrysops caecutiens
106330;Chrysotoxum bicinctum;166256;166356;;Chrysotoxum bicinctum
106331;Chrysotoxum fasciatum;166256;166357;;Chrysotoxum fasciatum
106332;Chrysotus blepharosceles;166256;166358;;Chrysotus blepharosceles
106333;Chrysotus cilipes;166256;166359;;Chrysotus cilipes
106334;Chrysotus gramineus;166256;166360;;Chrysotus gramineus
106335;Chrysotus microcerus;166256;166361;;Chrysotus microcerus
106336;Coelosia silvatica;166256;166362;;Coelosia silvatica
106337;Coelosia tructata;166256;166363;;Coelosia tructata
106338;Coenosia pedella;166256;166364;;Coenosia pedella
106339;Cordula fusca;166256;166365;;Cordula fusca
106340;Cordyla brevicornis;166256;166366;;Cordyla brevicornis
106341;Cordyla crassicornis;166256;166367;;Cordyla crassicornis
106342;Cordyla fissa;166256;166368;;Cordyla fissa
106343;Cordyla flaviceps;166256;166369;;Cordyla flaviceps
106344;Cordyla murina;166256;166370;;Cordyla murina
106345;Cordyla pusilla;166256;166371;;Cordyla pusilla
106346;Cordyla semiflava;166256;166372;;Cordyla semiflava
106347;Cordyla sixi;166256;166373;;Cordyla sixi
106348;Craspedochoeta pullula;166256;166374;;Craspedochoeta pullula
106349;Culex pipiens;166256;166375;;Culex pipiens
106350;Culex spec.;166256;166376;;Culex spec.
106351;Cynomyia mortorum;166256;166378;;Cynomyia mortorum
106352;Dasysyrphus albostriatus;166256;166379;;Dasysyrphus albostriatus
106353;Dasysyrphus hilaris;166256;166380;;Dasysyrphus hilaris
106354;Dasysyrphus lunulatus;166256;166381;;Dasysyrphus lunulatus
106356;Dasysyrphus tricinctus;166256;166383;;Dasysyrphus tricinctus
106357;Dasysyrphus venestus;166256;166384;;Dasysyrphus venestus
106358;Delia brassicae;166256;166385;;Delia brassicae
106359;Delia flabellifera;166256;166386;;Delia flabellifera
106360;Delia florilega;166256;166387;;Delia florilega
106361;Delia nuda;166256;166388;;Delia nuda
106362;Delia platura;166256;166389;;Delia platura
106363;Delia tenuiventris;166256;166390;;Delia tenuiventris
106364;Desmometopa sordida;166256;166391;;Desmometopa sordida
106365;Diadocidia ferruginosa;166256;166392;;Diadocidia ferruginosa
106366;Diadocidia spinulosa;166256;166393;;Diadocidia spinulosa
106367;Didea intermedia;166256;166394;;Didea intermedia
106368;Dilophus febrilis;166256;166395;;Dilophus febrilis
106369;Discachaeta arcipes;166256;166396;;Discachaeta arcipes
106370;Ditomyia fasciata;166256;166397;;Ditomyia fasciata
106371;Dixa spec.;166256;166398;;Dixa spec.
106372;Docosia gilvipes;166256;166399;;Docosia gilvipes
106373;Docosia sciarina;166256;166400;;Docosia sciarina
106374;Dolichopus atripes;166256;166401;;Dolichopus atripes
106375;Dolichopus flavipes;166256;166402;;Dolichopus flavipes
106376;Dolichopus plumipes;166256;166403;;Dolichopus plumipes
106377;Dolichopus trivialis;166256;166404;;Dolichopus trivialis
106378;Dolichopus ungulatus;166256;166405;;Dolichopus ungulatus
106379;Dolichopus wahlbergi;166256;166406;;Dolichopus wahlbergi
106380;Dryneia hamata;166256;166407;;Dryneia hamata
106381;Dryomyza flaveola;166256;166408;;Dryomyza flaveola
106382;Dynatosoma cochleare;166256;166409;;Dynatosoma cochleare
106383;Dynatosoma reciprocum;166256;166410;;Dynatosoma reciprocum
106384;Dynatosoma rufescens;166256;166411;;Dynatosoma rufescens
106385;Ectrepesthoneura hirta;166256;166412;;Ectrepesthoneura hirta
106386;Egle muscaria;166256;166413;;Egle muscaria
106387;Elfia zonella;166256;166414;;Elfia zonella
106388;Empis aestiva;166256;166415;;Empis aestiva
106389;Empis albinervis;166256;166416;;Empis albinervis
106390;Empis ciliata;166256;166417;;Empis ciliata
106391;Empis livida;166256;166418;;Empis livida
106392;Empis nigripes;166256;166419;;Empis nigripes
106393;Empis nuntia;166256;166420;;Empis nuntia
106394;Empis plumipes;166256;166421;;Empis plumipes
106395;Empis prodomus;166256;166422;;Empis prodomus
106396;Empis rustica;166256;166423;;Empis rustica
106397;Empis tessellata;166256;166424;;Empis tessellata
106398;Empis variegata;166256;166425;;Empis variegata
106399;Ensina sonchi;166256;166426;;Ensina sonchi
106400;Epicampocera succinata;166256;166427;;Epicampocera succinata
106401;Epistrophe balteata;166256;166428;;Epistrophe balteata
106402;Epistrophe nitidicollis;166256;166430;;Epistrophe nitidicollis
106403;Episyrphus auricollis;166256;166431;;Episyrphus auricollis
106404;Episyrphus balteatus;166256;166432;;Episyrphus balteatus
106405;Episyrphus cinctella;166256;166433;;Episyrphus cinctella
106406;Eriothrix rufomaculatus;166256;166434;;Eriothrix rufomaculatus
106407;Eriozona syrphoides;166256;166435;;Eriozona syrphoides
106408;Eristalinus sepulchralis;166256;166436;;Eristalinus sepulchralis
106409;Eristalis abusivus;166256;166437;;Eristalis abusivus
106410;Eristalis arbustorum;166256;166438;;Eristalis arbustorum
106411;Eristalis horticola;166256;166439;;Eristalis horticola
106412;Eristalis interrupta;166256;166440;;Eristalis interrupta
106413;Eristalis intricarius;166256;166441;;Eristalis intricarius
106414;Eristalis jugorum;166256;166442;;Eristalis jugorum
106415;Eristalis nemorum;166256;166443;;Eristalis nemorum
106416;Eristalis pertinax;166256;166444;;Eristalis pertinax
106417;Eristalis picea;166256;166445;;Eristalis picea
106418;Eristalis pratorum;166256;166446;;Eristalis pratorum
106419;Eristalis rupium;166256;166447;;Eristalis rupium
106420;Eristalis tenax;166256;166448;;Eristalis tenax
106421;Erycina rutila;166256;166450;;Erycina rutila
106423;Exechia confinis;166256;166452;;Exechia confinis
106424;Exechia contaminata;166256;166453;;Exechia contaminata
106425;Exechia dorsalis;166256;166454;;Exechia dorsalis
106426;Exechia fusca;166256;166455;;Exechia fusca
106427;Exechia parvula;166256;166456;;Exechia parvula
106428;Exechia repanda;166256;166457;;Exechia repanda
106429;Exechiopsis indecisa;166256;166458;;Exechiopsis indecisa
106430;Exechiopsis subulata;166256;166459;;Exechiopsis subulata
106431;Exechiopsis unguiculata;166256;166460;;Exechiopsis unguiculata
106432;Fannia armata;166256;166462;;Fannia armata
106433;Fannia canicularis;166256;166463;;Fannia canicularis
106434;Fannia latipalpis;166256;166464;;Fannia latipalpis
106435;Fannia lepida;166256;166465;;Fannia lepida
106436;Fannia manicata;166256;166466;;Fannia manicata
106437;Fannia mollissima;166256;166467;;Fannia mollissima
106438;Fannia polychaeta;166256;166468;;Fannia polychaeta
106439;Fannia rondanii;166256;166469;;Fannia rondanii
106440;Fannia scalaris;166256;166470;;Fannia scalaris
106441;Fannia serena;166256;166471;;Fannia serena
106442;Fannia similis;166256;166472;;Fannia similis
106443;Ferdinandea cuprea;166256;166473;Helle Goldschwebfliege;Helle Goldschwebfliege – Ferdinandea cuprea
106444;Geomyza combinata;166256;166474;;Geomyza combinata
106445;Gnoriste apicalis;166256;166475;;Gnoriste apicalis
106446;Graphomyia maculata;166256;166476;;Graphomyia maculata
106447;Grzegorzekia collaris;166256;166477;;Grzegorzekia collaris
106448;Haematopota pluvialis;166256;166478;;Haematopota pluvialis
106449;Hebecnema umbratica;166256;166479;;Hebecnema umbratica
106450;Hebecnema vespertina;166256;166480;;Hebecnema vespertina
106451;Helicophagella crassimargo;166256;166481;;Helicophagella crassimargo
106452;Helicophagella roeselei;166256;166482;;Helicophagella roeselei
106453;Helina cilipes;166256;166483;;Helina cilipes
106454;Helina depuncta;166256;166484;;Helina depuncta
106455;Helina impuncta;166256;166485;;Helina impuncta
106456;Helina lasiophthalma;166256;166486;;Helina lasiophthalma
106457;Helina latitarsis;166256;166487;;Helina latitarsis
106458;Helophilus pendulus;166256;166489;;Helophilus pendulus
106459;Helophilus trivittatus;166256;166490;;Helophilus trivittatus
106460;Hercostomus germanus;166256;166491;;Hercostomus germanus
106461;Hercostomus nigripennis;166256;166492;;Hercostomus nigripennis
106462;Hermione spec.;166256;166493;;Hermione spec.
106463;Heteronychia filia;166256;166494;;Heteronychia filia
106464;Heteronychia vagans;166256;166495;;Heteronychia vagans
106465;Hilara spec.;166256;166496;;Hilara spec.
106466;Hydrophoria annulata;166256;166497;;Hydrophoria annulata
106467;Hydrophoria conica;166256;166498;;Hydrophoria conica
106468;Hydrotaea albipuncta;166256;166499;;Hydrotaea albipuncta
106469;Hydrotaea borussica;166256;166500;;Hydrotaea borussica
106470;Hydrotaea cinerea;166256;166501;;Hydrotaea cinerea
106471;Hydrotaea dentipes;166256;166502;;Hydrotaea dentipes
106472;Hydrotaea irritans;166256;166503;;Hydrotaea irritans
106473;Hydrotaea militaris;166256;166504;;Hydrotaea militaris
106474;Hydrotaea parva;166256;166505;;Hydrotaea parva
106475;Hydrotaea pellucens;166256;166506;;Hydrotaea pellucens
106476;Hydrtzotaea meridionalis;166256;166507;;Hydrtzotaea meridionalis
106477;Hylemyia latifrons;166256;166508;;Hylemyia latifrons
106478;Hylemyia nigrimana;166256;166509;;Hylemyia nigrimana
106479;Hylemyia strenua;166256;166510;;Hylemyia strenua
106480;Hylemyia variata;166256;166511;;Hylemyia variata
106481;Ischyosyrphus laternarius;166256;166512;;Ischyosyrphus laternarius
106482;Ischyrosyrphus glaucius;166256;166513;;Ischyrosyrphus glaucius
106483;Lapposyrphus lapponicus;166256;166514;;Lapposyrphus lapponicus
106484;Lasiomma octoguttatum;166256;166515;;Lasiomma octoguttatum
106485;Leia bimaculata;166256;166516;;Leia bimaculata
106486;Leia cylindrica;166256;166517;;Leia cylindrica
106487;Leia fascipennis;166256;166518;;Leia fascipennis
106488;Leia picta;166256;166519;;Leia picta
106489;Leia subfasciata;166256;166520;;Leia subfasciata
106490;Leia winthemi;166256;166521;;Leia winthemi
106491;Lejogaster metallina;166256;166522;;Lejogaster metallina
106492;Leucopsis olivacea;166256;166523;;Leucopsis olivacea
106493;Limnophila spec.;166256;166524;;Limnophila spec.
106494;Limnophora triangula;166256;166525;;Limnophora triangula
106495;Linnaemyia pudica;166256;166526;;Linnaemyia pudica
106496;Liponeura cinerascens;166256;166527;;Liponeura cinerascens
106497;Liponeura spec.;166256;166528;;Liponeura spec.
106498;Lipoptena cervi;166256;166529;;Lipoptena cervi
106499;Liriope spec.;166256;166530;;Liriope spec.
106500;Lonchoptera furcata;166256;166531;;Lonchoptera furcata
106501;Lonchoptera lutea;166256;166532;;Lonchoptera lutea
106502;Lucilia caesar;166256;166533;;Lucilia caesar
106503;Lucilia illustris;166256;166534;;Lucilia illustris
106504;Lucilia regalis;166256;166535;;Lucilia regalis
106505;Lucillia richardsi;166256;166536;;Lucillia richardsi
106506;Lucillia silvarum;166256;166537;;Lucillia silvarum
106507;Macquartia tenebricosa;166256;166538;;Macquartia tenebricosa
106508;Macrocera centralis;166256;166539;;Macrocera centralis
106509;Macrocera fasciata;166256;166540;;Macrocera fasciata
106510;Macrocera lutea;166256;166541;;Macrocera lutea
106511;Macrocera parva;166256;166542;;Macrocera parva
106512;Macrocera phalerata;166256;166543;;Macrocera phalerata
106513;Macrocera pilosa;166256;166544;;Macrocera pilosa
106514;Macrocera pumilio;166256;166545;;Macrocera pumilio
106515;Macrocera stigma;166256;166546;;Macrocera stigma
106516;Macrocera stigmoides;166256;166547;;Macrocera stigmoides
106517;Macrocera vittata;166256;166548;;Macrocera vittata
106518;Medetera dendrobaena;166256;166549;;Medetera dendrobaena
106519;Megasyrphus annulipes;166256;166550;;Megasyrphus annulipes
106520;Megasyrphus erraticus;166256;166551;;Megasyrphus erraticus
106521;Melangyna labiatarum;166256;166552;;Melangyna labiatarum
106522;Melangyna lasiophthalma;166256;166553;;Melangyna lasiophthalma
106523;Melangyna umbellatarum;166256;166554;;Melangyna umbellatarum
106524;Melanostoma mellinum;166256;166555;;Melanostoma mellinum
106525;Melanostoma scalare;166256;166556;;Melanostoma scalare
106526;Melinda cognata;166256;166557;;Melinda cognata
106527;Meliscaeva auricollis;166256;166558;;Meliscaeva auricollis
106528;Meliscaeva cinctella;166256;166559;;Meliscaeva cinctella
106529;Mesembrina meridiana;166256;166560;;Mesembrina meridiana
106530;Metasyrphus corollae;166256;166561;;Metasyrphus corollae
106531;Metasyrphus latisfasciatus;166256;166562;;Metasyrphus latisfasciatus
106532;Metasyrphus luniger;166256;166563;;Metasyrphus luniger
106533;Metasyrphus nitens;166256;166564;;Metasyrphus nitens
106534;Microdon eggeri;166256;166565;Eggers Ameisenschwebfliege;Eggers Ameisenschwebfliege – Microdon eggeri
106535;Monocloa rufilatera;166256;166566;;Monocloa rufilatera
106536;Morellia aenescens;166256;166567;;Morellia aenescens
106537;Morellia hortorum;166256;166568;;Morellia hortorum
106538;Morellia podagrica;166256;166569;;Morellia podagrica
106539;Morellia simplex;166256;166570;;Morellia simplex
106540;Morinia nana;166256;166571;;Morinia nana
106541;Musca autumnalis;166256;166572;;Musca autumnalis
106542;Musca domestica;166256;166573;;Musca domestica
106543;Muscina levida;166256;166574;;Muscina levida
106544;Myathropa florea;166256;166575;;Myathropa florea
106545;Mycetobia pallipes;166256;166576;;Mycetobia pallipes
106546;Mycetophila abbreviata;166256;166577;;Mycetophila abbreviata
106547;Mycetophila adumbrata;166256;166578;;Mycetophila adumbrata
106548;Mycetophila alea;166256;166579;;Mycetophila alea
106549;Mycetophila brevitarsata;166256;166580;;Mycetophila brevitarsata
106550;Mycetophila curvisata;166256;166581;;Mycetophila curvisata
106551;Mycetophila edwardsi;166256;166582;;Mycetophila edwardsi
106552;Mycetophila formosa;166256;166583;;Mycetophila formosa
106553;Mycetophila fraterna;166256;166584;;Mycetophila fraterna
106554;Mycetophila freyi;166256;166585;;Mycetophila freyi
106555;Mycetophila fungorum;166256;166586;;Mycetophila fungorum
106556;Mycetophila ichneumonea;166256;166587;;Mycetophila ichneumonea
106557;Mycetophila luctuosa;166256;166588;;Mycetophila luctuosa
106558;Mycetophila marginata;166256;166589;;Mycetophila marginata
106559;Mycetophila mohilivensis;166256;166590;;Mycetophila mohilivensis
106560;Mycetophila ocellus;166256;166591;;Mycetophila ocellus
106561;Mycetophila ornata;166256;166592;;Mycetophila ornata
106562;Mycetophila ruficollis;166256;166593;;Mycetophila ruficollis
106563;Mycetophila signatoides;166256;166594;;Mycetophila signatoides
106564;Mycetophila spectabilis;166256;166595;;Mycetophila spectabilis
106565;Mycetophila strigata;166256;166596;;Mycetophila strigata
106566;Mycetophila vittipes;166256;166597;;Mycetophila vittipes
106567;Mycomya avala;166256;166598;;Mycomya avala
106568;Mycomya bicolor;166256;166599;;Mycomya bicolor
106569;Mycomya cinerascens;166256;166600;;Mycomya cinerascens
106570;Mycomya circumdata;166256;166601;;Mycomya circumdata
106571;Mycomya duplicata;166256;166602;;Mycomya duplicata
106572;Mycomya dziedzicki;166256;166603;;Mycomya dziedzicki
106573;Mycomya fimbriata;166256;166604;;Mycomya fimbriata
106574;Mycomya flava;166256;166605;;Mycomya flava
106575;Mycomya hyalinata;166256;166606;;Mycomya hyalinata
106576;Mycomya incisurata;166256;166607;;Mycomya incisurata
106577;Mycomya marginata;166256;166608;;Mycomya marginata
106578;Mycomya prominens;166256;166609;;Mycomya prominens
106579;Mycomya ruficollis;166256;166610;;Mycomya ruficollis
106580;Mycomya tenuis;166256;166611;;Mycomya tenuis
106581;Mycomya trilineata;166256;166612;;Mycomya trilineata
106582;Mycomya trivittata;166256;166613;;Mycomya trivittata
106583;Mycomya tumida;166256;166614;;Mycomya tumida
106584;Mycomya wankowiczii;166256;166615;;Mycomya wankowiczii
106585;Mycomya winnertzi;166256;166616;;Mycomya winnertzi
106586;Myospila meditabunda;166256;166617;;Myospila meditabunda
106587;Neoascia podagrica;166256;166620;;Neoascia podagrica
106588;Neoascia tenur;166256;166621;;Neoascia tenur
106589;Neoempheria pictipennis;166256;166622;;Neoempheria pictipennis
106590;Neomyia cornicina;166256;166623;;Neomyia cornicina
106591;Neoplatyura flava;166256;166624;;Neoplatyura flava
106592;Neuratelia nemoralis;166256;166625;;Neuratelia nemoralis
106593;Nupedia aestiva;166256;166626;;Nupedia aestiva
106594;Nupedia infirma;166256;166627;;Nupedia infirma
106595;Odagmia ornata;166256;166628;;Odagmia ornata
106596;Orellia ruficauda;166256;166629;;Orellia ruficauda
106597;Orfelia fasciata;166256;166630;;Orfelia fasciata
106598;Orfelia nemoralis;166256;166631;;Orfelia nemoralis
106599;Orthonevra nobilis;166256;166632;;Orthonevra nobilis
106600;Oscinella frit;166256;166634;;Oscinella frit
106601;Oxyna nebulosa;166256;166635;;Oxyna nebulosa
106602;Palloptera quinquemaculata;166256;166636;;Palloptera quinquemaculata
106603;Palloptera saltuum;166256;166637;;Palloptera saltuum
106604;Parasarcophaga agyrostoma;166256;166638;;Parasarcophaga agyrostoma
106605;Parasarcophaga teretirostris;166256;166639;;Parasarcophaga teretirostris
106606;Parasyrphus annulatus;166256;166640;;Parasyrphus annulatus
106607;Parasyrphus lineolus;166256;166641;;Parasyrphus lineolus
106608;Paregle radicum;166256;166645;;Paregle radicum
106609;Pedicia rivosa;166256;166646;;Pedicia rivosa
106610;Pedicia spec.;166256;166647;;Pedicia spec.
106611;Pegohylemyia brunneilinea;166256;166648;;Pegohylemyia brunneilinea
106612;Pegohylemyia fugax;166256;166649;;Pegohylemyia fugax
106613;Pegohylemyia norvegica;166256;166650;;Pegohylemyia norvegica
106614;Pegohylemyia seneciella;166256;166651;;Pegohylemyia seneciella
106615;Pegohylemyia striolata;166256;166652;;Pegohylemyia striolata
106616;Phaonia angelicae;166256;166653;;Phaonia angelicae
106617;Phaonia consobrina;166256;166654;;Phaonia consobrina
106618;Phaonia errans;166256;166655;;Phaonia errans
106619;Phaonia incana;166256;166656;;Phaonia incana
106620;Phaonia lugubris;166256;166657;;Phaonia lugubris
106621;Phaonia pallida;166256;166658;;Phaonia pallida
106622;Phaonia palpata;166256;166659;;Phaonia palpata
106623;Phaonia perdita;166256;166660;;Phaonia perdita
106624;Phaonia serva;166256;166661;;Phaonia serva
106625;Phaonia tuguriorum;166256;166662;;Phaonia tuguriorum
106626;Phorbia curvicauda;166256;166663;;Phorbia curvicauda
106627;Phorbia genitalis;166256;166664;;Phorbia genitalis
106628;Phronia basalis;166256;166665;;Phronia basalis
106629;Phronia biarcuata;166256;166666;;Phronia biarcuata
106630;Phronia bicolor;166256;166667;;Phronia bicolor
106631;Phronia braueri;166256;166668;;Phronia braueri
106632;Phronia cinerascens;166256;166669;;Phronia cinerascens
106633;Phronia conformis;166256;166670;;Phronia conformis
106634;Phronia flavicollis;166256;166671;;Phronia flavicollis
106635;Phronia forcipata;166256;166672;;Phronia forcipata
106636;Phronia forcipula;166256;166673;;Phronia forcipula
106637;Phronia fusciventris;166256;166674;;Phronia fusciventris
106638;Phronia nigricornis;166256;166675;;Phronia nigricornis
106639;Phronia nitidiventris;166256;166676;;Phronia nitidiventris
106640;Phronia obtusa;166256;166677;;Phronia obtusa
106641;Phronia taczanowskyi;166256;166678;;Phronia taczanowskyi
106642;Phryxe vulgaris;166256;166679;;Phryxe vulgaris
106643;Phthinia humilis;166256;166680;;Phthinia humilis
106644;Pipiza bimaculata;166256;166682;;Pipiza bimaculata
106645;Pipiza lugubris;166256;166683;;Pipiza lugubris
106646;Pipiza noctiluca;166256;166684;;Pipiza noctiluca
106647;Pipiza quadrimaculata;166256;166685;;Pipiza quadrimaculata
106648;Platurocypta testata;166256;166686;;Platurocypta testata
106649;Platycheirus albimanus;166256;166687;;Platycheirus albimanus
106650;Platycheirus clypeatus;166256;166688;;Platycheirus clypeatus
106651;Platycheirus cyanus;166256;166689;;Platycheirus cyanus
106652;Platycheirus granditarsa;166256;166690;;Platycheirus granditarsa
106653;Platycheirus immarginatus;166256;166691;;Platycheirus immarginatus
106654;Platycheirus manicatus;166256;166692;;Platycheirus manicatus
106655;Platycheirus peltatus;166256;166694;;Platycheirus peltatus
106656;Platycheirus scambus;166256;166695;;Platycheirus scambus
106657;Platycheirus scutatus;166256;166696;;Platycheirus scutatus
106658;Platycheirus sticticus;166256;166697;;Platycheirus sticticus
106659;Platyura marginata;166256;166698;;Platyura marginata
106660;Polietes lardaria;166256;166699;;Polietes lardaria
106661;Pollenia rudis;166256;166700;;Pollenia rudis
106662;Pollenia vespillo;166256;166701;;Pollenia vespillo
106663;Polylepta guttiventris;166256;166702;;Polylepta guttiventris
106664;Protocalliphora hirudo;166256;166703;;Protocalliphora hirudo
106665;Pseudobrachypeza helvetica;166256;166704;;Pseudobrachypeza helvetica
106666;Pyratula zonata;166256;166705;;Pyratula zonata
106667;Pyrophaena granditarsa;166256;166706;;Pyrophaena granditarsa
106668;Pyrophaena rosarum;166256;166707;;Pyrophaena rosarum
106669;Rhagio scolopacea;166256;166708;;Rhagio scolopacea
106670;Rhagio tringarius;166256;166709;;Rhagio tringarius
106671;Rhamphomyia caliginosa;166256;166710;;Rhamphomyia caliginosa
106672;Rhamphomyia flava;166256;166711;;Rhamphomyia flava
106673;Rhamphomyia sulcata;166256;166712;;Rhamphomyia sulcata
106674;Rhingia campestris;166256;166714;;Rhingia campestris
106675;Robineauella scoparia;166256;166715;;Robineauella scoparia
106676;Rondaniella dimidiata;166256;166716;;Rondaniella dimidiata
106677;Rymosia placida;166256;166717;;Rymosia placida
106678;Rymosia virens;166256;166718;;Rymosia virens
106679;Saltella sphondylii;166256;166719;;Saltella sphondylii
106680;Sarcophaga carnaria;166256;166720;;Sarcophaga carnaria
106681;Sarcophaga schulzi;166256;166721;;Sarcophaga schulzi
106682;Sarcophaga subvicina;166256;166722;;Sarcophaga subvicina
106683;Sarotachinella sinuata;166256;166723;;Sarotachinella sinuata
106684;Scaeva pyrastri;166256;166724;;Scaeva pyrastri
106685;Scaeva selenitica;166256;166725;;Scaeva selenitica
106686;Scatophaga furcata;166256;166726;;Scatophaga furcata
106687;Scatophaga lutaria;166256;166727;;Scatophaga lutaria
106688;Scatophaga scybalaria;166256;166728;;Scatophaga scybalaria
106689;Scatophaga stercocaria;166256;166729;;Scatophaga stercocaria
106690;Scatophaga suillum;166256;166730;;Scatophaga suillum
106691;Sceptonia concolor;166256;166731;;Sceptonia concolor
106692;Sceptonia nigra;166256;166732;;Sceptonia nigra
106693;Schwenkfeldina carbonaria;166256;166733;;Schwenkfeldina carbonaria
106694;Sciophila hirta;166256;166734;;Sciophila hirta
106695;Sciophila lutea;166256;166735;;Sciophila lutea
106696;Sciophila quadriterga;166256;166736;;Sciophila quadriterga
106697;Sepsis cynipsea;166256;166737;;Sepsis cynipsea
106698;Sepsis orthocnemis;166256;166738;;Sepsis orthocnemis
106699;Sepsis punctum;166256;166739;;Sepsis punctum
106700;Sepsis violacea;166256;166740;;Sepsis violacea
106701;Sericomyia lappona;166256;166741;;Sericomyia lappona
106702;Sericomyia silentis;166256;166742;;Sericomyia silentis
106703;Simulium spec.;166256;166743;;Simulium spec.
106704;Siphona geniculata;166256;166744;;Siphona geniculata
106705;Soliera pacifica;166256;166745;;Soliera pacifica
106706;Sphaerophoria abbreviata;166256;166746;;Sphaerophoria abbreviata
106707;Sphaerophoria menthastri;166256;166747;;Sphaerophoria menthastri
106708;Sphaerophoria scripta;166256;166748;;Sphaerophoria scripta
106709;Sphaerophoria taeniata;166256;166749;;Sphaerophoria taeniata
106710;Stomoxys clacitrans;166256;166752;;Stomoxys clacitrans
106711;Sylvicola punctata;166256;166753;;Sylvicola punctata
106712;Synapha vitripennis;166256;166754;;Synapha vitripennis
106713;Syritta pipiens;166256;166755;;Syritta pipiens
106714;Syrphus ribesii;166256;166756;;Syrphus ribesii
106715;Syrphus torvus;166256;166757;;Syrphus torvus
106716;Syrphus vitripennis;166256;166758;;Syrphus vitripennis
106717;Tabanus bovinus;166256;166759;;Tabanus bovinus
106718;Tabanus spec.;166256;166760;;Tabanus spec.
106719;Tachina fera;166256;166761;;Tachina fera
106720;Tartania tarnanii;166256;166762;;Tartania tarnanii
106721;Temnostoma bombylans;166256;166763;Schwarze Tigerschwebfliege;Schwarze Tigerschwebfliege – Temnostoma bombylans
106722;Tetragoneura sylvatica;166256;166764;;Tetragoneura sylvatica
106723;Thaumatomya rufa;166256;166765;;Thaumatomya rufa
106724;Thricops cunctans;166256;166766;;Thricops cunctans
106725;Thricops longipes;166256;166767;;Thricops longipes
106726;Thricops nigrifrons;166256;166768;;Thricops nigrifrons
106727;Thricops semicinereus;166256;166769;;Thricops semicinereus
106728;Thyrodomya spec.;166256;166770;;Thyrodomya spec.
106729;Thyroscnema incisilobata;166256;166771;;Thyroscnema incisilobata
106730;Tipula maxima;166256;166772;;Tipula maxima
106731;Tipula oleracea;166256;166773;;Tipula oleracea
106732;Tipula spec.;166256;166774;;Tipula spec.
106733;Trichonta apicalis;166256;166775;;Trichonta apicalis
106734;Trichonta conjungens;166256;166776;;Trichonta conjungens
106735;Trichonta falcata;166256;166777;;Trichonta falcata
106736;Trichonta hamata;166256;166778;;Trichonta hamata
106737;Trichonta melanura;166256;166779;;Trichonta melanura
106738;Trichonta terminalis;166256;166780;;Trichonta terminalis
106739;Trichonta venosa;166256;166781;;Trichonta venosa
106740;Trichonta vitta;166256;166782;;Trichonta vitta
106741;Urytalpa ochracea;166256;166783;;Urytalpa ochracea
106742;Volucella bombylans;166256;166784;;Volucella bombylans
106743;Volucella pelluscens;166256;166785;;Volucella pelluscens
106744;Xylota coeruleiventris;166256;166787;;Xylota coeruleiventris
106745;Xylota nemorum;166256;166788;;Xylota nemorum
106746;Xylota segnis;166256;166789;;Xylota segnis
106747;Xylota tarda;166256;166790;;Xylota tarda
106748;Zophomyia temula;166256;166791;;Zophomyia temula
106749;Zygomyia humeralis;166256;166792;;Zygomyia humeralis
106750;Zygomyia notata;166256;166793;;Zygomyia notata
106751;Zygomyia pictipennis;166256;166794;;Zygomyia pictipennis
106752;Zygomyia valida;166256;166795;;Zygomyia valida
106753;Eintagsfliegen;nan;158540;;Eintagsfliegen
106754;Baetis alpinus;158540;158542;;Baetis alpinus
106755;Baetis muticus;158540;158545;;Baetis muticus
106756;Baetis niger;158540;158546;;Baetis niger
106757;Baetis rhodani;158540;158547;;Baetis rhodani
106758;Baetis spec.;158540;158549;;Baetis spec.
106759;Caenis dimidiata;158540;158552;;Caenis dimidiata
106760;Caenis macrura;158540;158553;;Caenis macrura
106761;Caenis spec.;158540;158554;;Caenis spec.
106762;Centroptilum luteolum;158540;158555;;Centroptilum luteolum
106763;Cloeon dipterum;158540;158556;;Cloeon dipterum
106764;Cloeon spec.;158540;158558;;Cloeon spec.
106765;Ecdyonurus dispar;158540;158559;;Ecdyonurus dispar
106766;Ecdyonurus forcipula;158540;158560;;Ecdyonurus forcipula
106767;Ecdyonurus insignis;158540;158561;;Ecdyonurus insignis
106768;Ecdyonurus spec.;158540;158562;;Ecdyonurus spec.
106769;Ecdyonurus venosus;158540;158563;;Ecdyonurus venosus
106770;Epeorus spec.;158540;158564;;Epeorus spec.
106771;Epeorus sylvicola;158540;158565;;Epeorus sylvicola
106772;Ephemera danica;158540;158566;;Ephemera danica
106773;Ephemera spec.;158540;158567;;Ephemera spec.
106774;Ephemera vulgata;158540;158568;Gemeine Eintagsfliege;Gemeine Eintagsfliege – Ephemera vulgata
106776;Ephemerella major;158540;158570;;Ephemerella major
106777;Ephemerella mucronata;158540;158571;;Ephemerella mucronata
106778;Ephemerella spec.;158540;158572;;Ephemerella spec.
106779;Habroleptoides modesta;158540;158576;;Habroleptoides modesta
106780;Habroleptoides spec.;158540;158577;;Habroleptoides spec.
106781;Habrophlebia fusca;158540;158578;;Habrophlebia fusca
106782;Habrophlebia lauta;158540;158579;;Habrophlebia lauta
106783;Habrophlebia spec.;158540;158580;;Habrophlebia spec.
106784;Heptagenia flava;158540;158581;;Heptagenia flava
106785;Heptagenia flavipennis;158540;158582;;Heptagenia flavipennis
106786;Heptagenia spec.;158540;158583;;Heptagenia spec.
106787;Kageronia fuscogrisea;158540;158587;;Kageronia fuscogrisea
106788;Leptophlebia marginata;158540;158588;;Leptophlebia marginata
106789;Leptophlebia spec.;158540;158589;;Leptophlebia spec.
106790;Leptophlebia vespertina;158540;158590;;Leptophlebia vespertina
106791;Paraleptophlebia cincta;158540;158594;;Paraleptophlebia cincta
106792;Paraleptophlebia spec.;158540;158595;;Paraleptophlebia spec.
106793;Paraleptophlebia submarginata;158540;158596;;Paraleptophlebia submarginata
106794;Potamanthus luteus;158540;158599;;Potamanthus luteus
106795;Rhithrogena semicolorata;158540;158600;;Rhithrogena semicolorata
106796;Rhithrogena spec.;158540;158601;;Rhithrogena spec.
106797;Serratella ignota;158540;158602;;Serratella ignota
106798;Siphlonurus aestivalis;158540;158604;;Siphlonurus aestivalis
106799;Fische-Rundmaeuler;204339;245513;Pisces et Cyclostoma;Pisces et Cyclostoma – Fische-Rundmaeuler
106799;Fische-Rundmaeuler;nan;158605;Pisces et Cyclostoma;Pisces et Cyclostoma – Fische-Rundmaeuler
106800;Lampetra planeri;158605;158611;Bachneunauge;Bachneunauge – Lampetra planeri
106801;Lampetra fluviatilis;158605;158624;Flussneunauge;Flussneunauge – Lampetra fluviatilis
106802;Anguilla anguilla;158605;158606;Aal;Aal – Anguilla anguilla
106803;Thymallus thymallus;158605;158607;Äsche;Äsche – Thymallus thymallus
106804;Leuciscus idus;158605;158608;Aland;Aland – Leuciscus idus
106805;Salvelinus namaycush;158605;158609;Amerikanischer Seesaibling;Amerikanischer Seesaibling – Salvelinus namaycush
106806;Salmo trutta fario;158605;158610;Bachforelle;Bachforelle – Salmo trutta fario
106807;Salvelinus fontinalis;158605;158612;Bachsaibling;Bachsaibling – Salvelinus fontinalis
106808;Barbus barbus;158605;158613;Barbe;Barbe – Barbus barbus
106809;Rhodeus amarus;158605;158614;Bitterling;Bitterling – Rhodeus amarus
106810;Coregonus lavaretus wartmanni;158605;158615;Blaufelchen;Blaufelchen – Coregonus lavaretus wartmanni
106811;Abramis brama;158605;158616;Brasse;Brasse – Abramis brama
106812;Oncorhynchus kisutch;158605;158617;Coho Lachs;Coho Lachs – Oncorhynchus kisutch
106813;Squalius cephalus;158605;158618;Döbel;Döbel – Squalius cephalus
106814;Gasterosteus aculeatus;158605;158619;Dreistachliger Stichling;Dreistachliger Stichling – Gasterosteus aculeatus
106815;Phoxinus phoxinus;158605;158620;Elritze;Elritze – Phoxinus phoxinus
106816;Alosa fallax;158605;158621;Finte;Finte – Alosa fallax
106817;Platichthys flesus;158605;158622;Flunder;Flunder – Platichthys flesus
106818;Perca fluviatilis;158605;158623;Flussbarsch;Flussbarsch – Perca fluviatilis
106819;Carassius gibelio;158605;158625;Giebel;Giebel – Carassius gibelio
106820;Ctenopharyngodon idella;158605;158626;Graskarpfen;Graskarpfen – Ctenopharyngodon idella
106821;Cottus gobio;158605;158627;Groppe;Groppe – Cottus gobio
106822;Coregonus lavaretus;158605;158628;Große Maräne;Große Maräne – Coregonus lavaretus
106823;Gobio gobio;158605;158629;Gründling;Gründling – Gobio gobio
106824;Blicca bjoerkna;158605;158630;Güster;Güster – Blicca bjoerkna
106825;Leuciscus leuciscus;158605;158631;Hasel;Hasel – Leuciscus leuciscus
106826;Esox lucius;158605;158632;Hecht;Hecht – Esox lucius
106827;Carassius carassius;158605;158633;Karausche;Karausche – Carassius carassius
106828;Cyprinus carpio;158605;158634;Karpfen;Karpfen – Cyprinus carpio
106829;Gymnocephalus cernuus;158605;158635;Kaulbarsch;Kaulbarsch – Gymnocephalus cernuus
106830;Coregonus albula;158605;158636;Kleine Maräne;Kleine Maräne – Coregonus albula
106831;Salmo salar;158605;158637;Lachs;Lachs – Salmo salar
106832;Alosa alosa;158605;158638;Maifisch;Maifisch – Alosa alosa
106833;Salmo trutta trutta;158605;158639;Meerforelle;Meerforelle – Salmo trutta trutta
106834;Petromyzon marinus;158605;158640;Meerneunauge;Meerneunauge – Petromyzon marinus
106835;Leucaspius delineatus;158605;158641;Moderlieschen;Moderlieschen – Leucaspius delineatus
106836;Chondrostoma nasus;158605;158642;Nase;Nase – Chondrostoma nasus
106837;Pungitius pungitius;158605;158643;Neunstachliger Stichling;Neunstachliger Stichling – Pungitius pungitius
106838;Lota lota;158605;158644;Quappe;Quappe – Lota lota
106839;Aspius aspius;158605;158645;Rapfen;Rapfen – Aspius aspius
106840;Onchorhynchus mykiss;158605;158646;Regenbogenforelle;Regenbogenforelle – Onchorhynchus mykiss
106841;Rutilus rutilus;158605;158647;Rotauge;Rotauge – Rutilus rutilus
106842;Scardinius erythrophthalmus;158605;158648;Rotfeder;Rotfeder – Scardinius erythrophthalmus
106843;Misgurnus fossilis;158605;158649;Schlammpeitzger;Schlammpeitzger – Misgurnus fossilis
106844;Tinca tinca;158605;158650;Schleie;Schleie – Tinca tinca
106845;Barbatula barbatula;158605;158651;Schmerle;Schmerle – Barbatula barbatula
106846;Coregonus oxyrhynchus;158605;158652;Rhein-Schnäpel;Rhein-Schnäpel – Coregonus oxyrhynchus
106847;Alburnoides bipunctatus;158605;158653;Schneider;Schneider – Alburnoides bipunctatus
106848;Salmo trutta forma lacustris;158605;158654;Seeforelle;Seeforelle – Salmo trutta forma lacustris
106849;Salvelinus umbla;158605;158655;Seesaibling;Seesaibling – Salvelinus umbla
106850;Hypophthalmichthys molitrix;158605;158656;Silberkarpfen;Silberkarpfen – Hypophthalmichthys molitrix
106851;Lepomis gibbosus;158605;158657;Sonnenbarsch;Sonnenbarsch – Lepomis gibbosus
106852;Cobitis taenia;158605;158658;Steinbeisser;Steinbeisser – Cobitis taenia
106853;Osmerus eperlanus;158605;158659;Stint;Stint – Osmerus eperlanus
106854;Acipenser sturio;158605;158660;Stör;Stör – Acipenser sturio
106855;Alburnus alburnus;158605;158661;Ukelei;Ukelei – Alburnus alburnus
106856;Silurus glanis;158605;158663;Wels;Wels – Silurus glanis
106857;Vimba vimba;158605;158664;Zährte;Zährte – Vimba vimba
106858;Sander lucioperca;158605;158665;Zander;Zander – Sander lucioperca
106859;Ameiurus nebulosus;158605;158666;Brauner Zwergwels;Brauner Zwergwels – Ameiurus nebulosus
106860;Wanzen;nan;166104;;Wanzen
106861;Adelphocoris annulicornis;166104;166105;;Adelphocoris annulicornis
106862;Adelphocoris lineolatus;166104;166106;;Adelphocoris lineolatus
106863;Aelia acuminata;166104;166107;Getreidewanze;Getreidewanze – Aelia acuminata
106864;Aelia klugii;166104;166108;;Aelia klugii
106865;Alydus calcaratus;166104;166109;;Alydus calcaratus
106866;Amblytylus albidus;166104;166110;;Amblytylus albidus
106867;Amblytylus nasutus;166104;166111;;Amblytylus nasutus
106868;Anaptus major;166104;166112;;Anaptus major
106869;Anthocoris confusus;166104;166113;;Anthocoris confusus
106870;Anthocoris nemoralis;166104;166114;;Anthocoris nemoralis
106871;Anthocoris nemorum;166104;166115;;Anthocoris nemorum
106872;Aptus mirmicoides;166104;166116;;Aptus mirmicoides
106873;Arma custos;166104;166117;;Arma custos
106874;Asciodema obsoleta;166104;166118;;Asciodema obsoleta
106875;Beosus maritimus;166104;166119;;Beosus maritimus
106876;Blepharidopterus angulatus;166104;166120;;Blepharidopterus angulatus
106877;Calocoris striatellus;166104;166121;;Calocoris striatellus
106878;Campyloneura virgula;166104;166122;;Campyloneura virgula
106879;Conostethus roseus;166104;166123;;Conostethus roseus
106880;Coreus marginatus;166104;166124;;Coreus marginatus
106881;Corixa punctata;166104;166125;;Corixa punctata
106882;Corixa spec.;166104;166126;;Corixa spec.
106883;Cyllecoris histrionius;166104;166127;;Cyllecoris histrionius
106884;Cymus claviculus;166104;166128;;Cymus claviculus
106885;Cyrtorhinus caricis;166104;166129;;Cyrtorhinus caricis
106886;Deraeocoris cordiger;166104;166130;;Deraeocoris cordiger
106887;Deraeocoris lutescens;166104;166131;;Deraeocoris lutescens
106888;Deraeocoris ruber;166104;166132;;Deraeocoris ruber
106889;Dictyla convergens;166104;166133;;Dictyla convergens
106890;Dictyonota fuliginosa;166104;166134;;Dictyonota fuliginosa
106891;Dicyphus constrictus;166104;166135;;Dicyphus constrictus
106892;Dicyphus globulifer;166104;166136;;Dicyphus globulifer
106893;Dicyphus hyalinipennis;166104;166137;;Dicyphus hyalinipennis
106894;Dolycoris baccarum;166104;166138;Beerenwanze;Beerenwanze – Dolycoris baccarum
106895;Drymus ryeii;166104;166139;;Drymus ryeii
106896;Drymus sylvaticus;166104;166140;;Drymus sylvaticus
106897;Dryophilocoris flavoquadrimaculatus;166104;166141;;Dryophilocoris flavoquadrimaculatus
106898;Elasmostethus interstictus;166104;166142;;Elasmostethus interstictus
106899;Elasmucha grisea;166104;166143;;Elasmucha grisea
106900;Eurydema oleracea;166104;166144;Kohlwanze;Kohlwanze – Eurydema oleracea
106901;Gerris gibbifer;166104;166145;;Gerris gibbifer
106902;Gerris lacustris;166104;166146;;Gerris lacustris
106903;Gerris najas;166104;166147;;Gerris najas
106904;Gerris paludum;166104;166148;Wasserläufer;Wasserläufer – Gerris paludum
106905;Gerris spec.;166104;166149;;Gerris spec.
106906;Graphosoma lineatum;166104;166150;Streifenwanze;Streifenwanze – Graphosoma lineatum
106907;Halictus leucozonius;166104;166151;;Halictus leucozonius
106908;Harpocera thoracica;166104;166152;;Harpocera thoracica
106909;Hebrus pusillus;166104;166153;;Hebrus pusillus
106910;Heterocordylus tibialis;166104;166154;;Heterocordylus tibialis
106911;Heterogaster urticae;166104;166155;;Heterogaster urticae
106912;Heterotoma planicornis;166104;166156;;Heterotoma planicornis
106913;Himacerus apterus;166104;166157;;Himacerus apterus
106915;Hydrometra spec.;166104;166159;;Hydrometra spec.
106916;Hydrometra stagnorum;166104;166160;;Hydrometra stagnorum
106917;Ilyocoris cimicoides;166104;166161;Schwimmwanze;Schwimmwanze – Ilyocoris cimicoides
106918;Ischnodemus sabuleti;166104;166162;;Ischnodemus sabuleti
106919;Kalama tricornis;166104;166163;;Kalama tricornis
106920;Kleidocerys resedae;166104;166164;Birkenwanze;Birkenwanze – Kleidocerys resedae
106921;Legnotus limbosus;166104;166165;;Legnotus limbosus
106922;Leptopterna ferrugata;166104;166166;;Leptopterna ferrugata
106923;Liocoris tripustulatus;166104;166167;;Liocoris tripustulatus
106924;Lopus decolor;166104;166168;;Lopus decolor
106925;Loricula elegantula;166104;166169;;Loricula elegantula
106926;Lygaeus equestris;166104;166170;Ritterwanze;Ritterwanze – Lygaeus equestris
106927;Lygocoris contaminatus;166104;166171;;Lygocoris contaminatus
106928;Lygocoris pabulinus;166104;166172;;Lygocoris pabulinus
106929;Lygocoris spinolai;166104;166173;;Lygocoris spinolai
106930;Lygus pratensis;166104;166174;;Lygus pratensis
106931;Lygus rugulipennis;166104;166175;;Lygus rugulipennis
106932;Lygus wagneri;166104;166176;;Lygus wagneri
106933;Megacoelum infusum;166104;166177;;Megacoelum infusum
106934;Mesovelia furcata;166104;166178;Zwergteichläufer;Zwergteichläufer – Mesovelia furcata
106935;Metatropis rufescens;166104;166179;;Metatropis rufescens
106936;Micronecta minutissima;166104;166180;;Micronecta minutissima
106937;Microvelia schneideri;166104;166181;;Microvelia schneideri
106938;Microvelia spec.;166104;166182;;Microvelia spec.
106939;Monalocoris filicis;166104;166183;;Monalocoris filicis
106940;Myrmus miriformis;166104;166184;;Myrmus miriformis
106941;Nabicula limbata;166104;166185;;Nabicula limbata
106942;Nabis ferus;166104;166186;;Nabis ferus
106943;Nabis pseudoferus;166104;166187;;Nabis pseudoferus
106944;Neomecomma bilineatum;166104;166188;;Neomecomma bilineatum
106946;Nepa rubra;166104;166190;;Nepa rubra
106947;Nepa spec.;166104;166191;;Nepa spec.
106948;Notonecta glauca;166104;166192;Gemeiner Rückenschwimmer;Gemeiner Rückenschwimmer – Notonecta glauca
106949;Notonecta lutea;166104;166193;Gelber Rückenschwimmer;Gelber Rückenschwimmer – Notonecta lutea
106950;Notonecta maculata;166104;166194;Gefleckter Rückenschwimmer;Gefleckter Rückenschwimmer – Notonecta maculata
106951;Notonecta obliqua;166104;166195;Gestreifter Rückenschwimmer;Gestreifter Rückenschwimmer – Notonecta obliqua
106952;Notonecta spec.;166104;166196;;Notonecta spec.
106953;Notonecta viridis;166104;166197;Grüner Rückenschwimmer;Grüner Rückenschwimmer – Notonecta viridis
106954;Notostira elongata;166104;166198;;Notostira elongata
106955;Nysius thymi;166104;166199;;Nysius thymi
106956;Oncochila simplex;166104;166200;;Oncochila simplex
106957;Orius horvathi;166104;166201;;Orius horvathi
106958;Orius minutus;166104;166202;;Orius minutus
106959;Orius niger;166104;166203;;Orius niger
106960;Orthotylus nassatus;166104;166204;;Orthotylus nassatus
106961;Orthotylus tenellus;166104;166205;;Orthotylus tenellus
106962;Orthops kalmii;166104;166206;;Orthops kalmii
106963;Palomena prasina;166104;166207;;Palomena prasina
106964;Palomena viridissima;166104;166208;;Palomena viridissima
106965;Pantilius tunicatus;166104;166209;;Pantilius tunicatus
106966;Pentatoma rufipes;166104;166210;;Pentatoma rufipes
106967;Peritrechus geniculatus;166104;166211;;Peritrechus geniculatus
106968;Peritrechus nubilus;166104;166212;;Peritrechus nubilus
106969;Phylus melanocephalus;166104;166213;;Phylus melanocephalus
106970;Phytocoris dimidiatus;166104;166214;;Phytocoris dimidiatus
106971;Phytocoris tiliae;166104;166215;;Phytocoris tiliae
106972;Phytocoris varipes;166104;166216;;Phytocoris varipes
106973;Picromerus bidens;166104;166217;;Picromerus bidens
106974;Piezodorus lituratus;166104;166218;;Piezodorus lituratus
106975;Pilophorus perplexus;166104;166219;;Pilophorus perplexus
106976;Pithanus maerkelii;166104;166220;;Pithanus maerkelii
106977;Plagiognathus arbustorum;166104;166221;;Plagiognathus arbustorum
106978;Plea leachi;166104;166222;;Plea leachi
106979;Podops inuncta;166104;166224;Amboss-Schildwanze;Amboss-Schildwanze – Podops inuncta
106980;Polymerus nigrita;166104;166225;;Polymerus nigrita
106981;Psallus albicinctus;166104;166226;;Psallus albicinctus
106982;Psallus betuleti;166104;166227;;Psallus betuleti
106983;Psallus lepidus;166104;166228;;Psallus lepidus
106984;Psallus perrisi;166104;166229;;Psallus perrisi
106985;Psallus varians;166104;166230;;Psallus varians
106986;Pyrrhocoris apterus;166104;166231;Feuerwanze;Feuerwanze – Pyrrhocoris apterus
106987;Ranatra linearis;166104;166232;Stabwanze;Stabwanze – Ranatra linearis
106988;Rhynocoris iracundus;166104;166233;;Rhynocoris iracundus
106989;Rhopalus parumpunctatus;166104;166234;;Rhopalus parumpunctatus
106990;Rhophalum gracile;166104;166235;;Rhophalum gracile
106991;Saldula saltatoria;166104;166236;;Saldula saltatoria
106992;Scolopostethus affinis;166104;166237;;Scolopostethus affinis
106993;Scolopostethus decoratus;166104;166238;;Scolopostethus decoratus
106994;Scolopostethus pseudograndis;166104;166239;;Scolopostethus pseudograndis
106995;Scolopostethus thomsoni;166104;166240;;Scolopostethus thomsoni
106996;Sigara spec.;166104;166241;;Sigara spec.
106997;Stenodema calcarata;166104;166242;;Stenodema calcarata
106998;Stenodema laevigata;166104;166243;;Stenodema laevigata
106999;Stictopleurus abutilon;166104;166244;;Stictopleurus abutilon
107000;Stictopleurus punctatonervosus;166104;166245;;Stictopleurus punctatonervosus
107001;Stygnocoris fuligineus;166104;166246;;Stygnocoris fuligineus
107002;Stygnocoris sabulosus;166104;166247;;Stygnocoris sabulosus
107003;Teratocoris antennatus;166104;166248;;Teratocoris antennatus
107004;Teratocoris paludum;166104;166249;;Teratocoris paludum
107005;Trigonotylus caelestialium;166104;166250;;Trigonotylus caelestialium
107006;Trigonotylus pulchellus;166104;166251;;Trigonotylus pulchellus
107007;Tritomegas bicolor;166104;166252;;Tritomegas bicolor
107008;Velia caprai;166104;166253;;Velia caprai
107009;Velia spec.;166104;166254;;Velia spec.
107010;Zicrona caerulea;166104;166255;;Zicrona caerulea
107012;Aphrophora alni;234830;158733;;Aphrophora alni
107013;Aphrophora salicina;234830;158734;;Aphrophora salicina
107014;Cercopis sanguinolenta;234830;158735;;Cercopis sanguinolenta
107015;Cercopis vulnerata;234830;158736;Gemeine Blutzikade;Gemeine Blutzikade – Cercopis vulnerata
107016;Cicadetta montana;234830;158737;Bergsingzikade;Bergsingzikade – Cicadetta montana
107017;Cicadella viridis;234830;158738;;Cicadella viridis
107018;Dikraneura spec.;234830;158739;;Dikraneura spec.
107019;Philaenus spumarius;234830;158740;;Philaenus spumarius
107020;Ameisen;158741;158742;;Ameisen
107021;Camponotus ligniperda;158742;158743;;Camponotus ligniperda
107022;Formica aquilonia;158742;158744;Schwachbeborstete Gebirgs-Waldameise;Schwachbeborstete Gebirgs-Waldameise – Formica aquilonia
107023;Formica cunicularia;158742;158745;Rotrückige Sklavenameise;Rotrückige Sklavenameise – Formica cunicularia
107024;Formica exsecta;158742;158746;Große Kerbameise;Große Kerbameise – Formica exsecta
107025;Formica fusca;158742;158747;;Formica fusca
107026;Formica polyctena;158742;158748;Kahlrückige Waldameise;Kahlrückige Waldameise – Formica polyctena
107027;Formica pratensis nigricans;158742;158749;Wiesen-Waldameise (Unterart);Wiesen-Waldameise (Unterart) – Formica pratensis nigricans
107028;Formica rufa;158742;158750;Rote Waldameise;Rote Waldameise – Formica rufa
107029;Formica spec.;158742;158751;;Formica spec.
107030;Formica transkaukasica;158742;158752;Schwarze moor-Sklavenameise;Schwarze moor-Sklavenameise – Formica transkaukasica
107031;Lasius fuliginosus;158742;158753;;Lasius fuliginosus
107032;Lasius niger;158742;158754;;Lasius niger
107033;Lasius spec.;158742;158755;;Lasius spec.
107035;Myrmica laevinodis;158742;158757;;Myrmica laevinodis
107036;Myrmica lobicornis;158742;158758;Lappenfühler-Knotenameise;Lappenfühler-Knotenameise – Myrmica lobicornis
107037;Myrmica rugulosa;158742;158759;Gerunzelte Knotenameise;Gerunzelte Knotenameise – Myrmica rugulosa
107038;Myrmica scabrinodis;158742;158760;Ameisen;Ameisen – Myrmica scabrinodis
107039;Myrmica spec.;158742;158761;;Myrmica spec.
107040;Tetramorium caespitum;158742;158762;;Tetramorium caespitum
107041;Bienen;158741;158763;;Bienen
107042;Systropha curvicornis;158763;158764;Bergwaldhummel;Bergwaldhummel – Systropha curvicornis
107043;Andrena alfkenella;158763;158765;;Andrena alfkenella
107044;Andrena angustior;158763;158766;;Andrena angustior
107045;Andrena anthrisci;158763;158767;;Andrena anthrisci
107046;Andrena apicata;158763;158768;;Andrena apicata
107047;Andrena argentata;158763;158769;;Andrena argentata
107048;Andrena barbilabris;158763;158770;;Andrena barbilabris
107049;Andrena bicolor;158763;158771;;Andrena bicolor
107050;Andrena bucephala;158763;158772;;Andrena bucephala
107051;Andrena pilipes;158763;158774;;Andrena pilipes
107052;Andrena chrysosceles;158763;158775;;Andrena chrysosceles
107053;Andrena cineraria;158763;158776;;Andrena cineraria
107054;Andrena clarkella;158763;158777;;Andrena clarkella
107055;Andrena coitana;158763;158778;;Andrena coitana
107056;Andrena combinata;158763;158779;;Andrena combinata
107057;Andrena congrüns;158763;158780;;Andrena congrüns
107058;Andrena curvungula;158763;158781;;Andrena curvungula
107059;Andrena denticulata;158763;158782;;Andrena denticulata
107060;Andrena dorsata;158763;158783;;Andrena dorsata
107061;Andrena falsifica;158763;158784;;Andrena falsifica
107062;Andrena flavipes;158763;158785;;Andrena flavipes
107063;Andrena florea;158763;158786;;Andrena florea
107064;Andrena floricola;158763;158787;;Andrena floricola
107065;Andrena fucata;158763;158788;;Andrena fucata
107066;Andrena fulva;158763;158789;;Andrena fulva
107067;Andrena fulvago;158763;158790;;Andrena fulvago
107068;Andrena fulvata;158763;158791;;Andrena fulvata
107069;Andrena fulvida;158763;158792;;Andrena fulvida
107070;Andrena fuscipes;158763;158793;;Andrena fuscipes
107071;Andrena gelriae;158763;158794;;Andrena gelriae
107072;Andrena gravida;158763;158795;;Andrena gravida
107073;Andrena haemorrhoa;158763;158796;;Andrena haemorrhoa
107074;Andrena hattorfiana;158763;158797;;Andrena hattorfiana
107075;Andrena helvola;158763;158798;;Andrena helvola
107076;Andrena humilis;158763;158799;;Andrena humilis
107077;Andrena intermedia;158763;158800;;Andrena intermedia
107078;Megachile pilidens;158763;158801;;Megachile pilidens
107079;Andrena labialis;158763;158802;;Andrena labialis
107080;Andrena labiata;158763;158803;;Andrena labiata
107081;Andrena lapponica;158763;158804;;Andrena lapponica
107082;Andrena lathyri;158763;158805;;Andrena lathyri
107083;Andrena marginata;158763;158806;;Andrena marginata
107084;Andrena minutula;158763;158807;;Andrena minutula
107085;Andrena minutuloides;158763;158808;;Andrena minutuloides
107086;Andrena mitis;158763;158809;;Andrena mitis
107087;Andrena nana;158763;158810;;Andrena nana
107088;Andrena nanula;158763;158811;;Andrena nanula
107089;Andrena nigriceps;158763;158812;;Andrena nigriceps
107090;Andrena nigroaenea;158763;158813;;Andrena nigroaenea
107091;Andrena nitida;158763;158814;;Andrena nitida
107092;Andrena nitidiuscula;158763;158815;;Andrena nitidiuscula
107093;Andrena nycthemera;158763;158816;;Andrena nycthemera
107094;Andrena ovatula;158763;158817;;Andrena ovatula
107095;Andrena pandellei;158763;158818;;Andrena pandellei
107096;Andrena praecox;158763;158820;;Andrena praecox
107097;Andrena proxima;158763;158821;;Andrena proxima
107098;Andrena rosae;158763;158822;;Andrena rosae
107099;Andrena ruficrus;158763;158823;;Andrena ruficrus
107100;Andrena semilaevis;158763;158824;;Andrena semilaevis
107101;Andrena schencki;158763;158825;;Andrena schencki
107102;Andrena similis;158763;158826;;Andrena similis
107103;Andrena spec.;158763;158827;;Andrena spec.
107104;Andrena strohmella;158763;158828;;Andrena strohmella
107105;Andrena subopaca;158763;158829;;Andrena subopaca
107106;Andrena tarsata;158763;158831;;Andrena tarsata
107107;Andrena tibialis;158763;158832;;Andrena tibialis
107108;Andrena tscheki;158763;158833;;Andrena tscheki
107109;Andrena vaga;158763;158834;;Andrena vaga
107110;Andrena varians;158763;158835;;Andrena varians
107111;Andrena ventralis;158763;158836;;Andrena ventralis
107112;Andrena viridescens;158763;158837;;Andrena viridescens
107113;Andrena wilkella;158763;158838;;Andrena wilkella
107114;Anthidium manicatum;158763;158839;Große Wollbiene;Große Wollbiene – Anthidium manicatum
107115;Anthidium oblongatum;158763;158840;Spalten-Wollbiene;Spalten-Wollbiene – Anthidium oblongatum
107116;Anthidium punctatum;158763;158841;Kleine Wollbiene;Kleine Wollbiene – Anthidium punctatum
107117;Anthidiellum strigatum;158763;158842;;Anthidiellum strigatum
107118;Nomada errans;158763;158843;;Nomada errans
107119;Anthophora aestivalis;158763;158844;;Anthophora aestivalis
107120;Anthophora bimaculata;158763;158845;;Anthophora bimaculata
107121;Anthophora borealis;158763;158846;;Anthophora borealis
107122;Anthophora furcata;158763;158847;;Anthophora furcata
107123;Anthophora quadrimaculata;158763;158849;;Anthophora quadrimaculata
107124;Anthophora retusa;158763;158850;;Anthophora retusa
107125;Anthophora spec.;158763;158851;;Anthophora spec.
107126;Apis mellifera;158763;158852;Honigbiene;Honigbiene – Apis mellifera
107127;Apis spec.;158763;158853;;Apis spec.
107128;Biastes truncatus;158763;158854;;Biastes truncatus
107129;Bombus agrorum;158763;158855;;Bombus agrorum
107130;Bombus confusus;158763;158856;Samthummel;Samthummel – Bombus confusus
107131;Bombus cryptarum;158763;158857;Kryptarum-Erdhummel;Kryptarum-Erdhummel – Bombus cryptarum
107132;Bombus distinguendus;158763;158858;Deichhummel;Deichhummel – Bombus distinguendus
107133;Bombus hortorum;158763;158859;Gartenhummel;Gartenhummel – Bombus hortorum
107134;Bombus humilis;158763;158860;Veränderliche Hummel;Veränderliche Hummel – Bombus humilis
107135;Bombus hypnorum;158763;158861;Baumhummel;Baumhummel – Bombus hypnorum
107136;Bombus jonellus;158763;158862;Heidehummel;Heidehummel – Bombus jonellus
107137;Bombus lapidarius;158763;158863;Steinhummel;Steinhummel – Bombus lapidarius
107138;Bombus lucorum;158763;158864;Helle Erdhummel;Helle Erdhummel – Bombus lucorum
107139;Bombus magnus;158763;158865;Große Erdhummel;Große Erdhummel – Bombus magnus
107140;Bombus muscorum;158763;158866;Mooshummel;Mooshummel – Bombus muscorum
107141;Bombus pascuorum;158763;158867;Ackerhummel;Ackerhummel – Bombus pascuorum
107142;Bombus pomorum;158763;158868;Obsthummel;Obsthummel – Bombus pomorum
107143;Bombus pratorum;158763;158869;Wiesenhummel;Wiesenhummel – Bombus pratorum
107144;Bombus ruderarius;158763;158870;Grashummel;Grashummel – Bombus ruderarius
107145;Bombus ruderatus;158763;158871;Feldhummel;Feldhummel – Bombus ruderatus
107146;Bombus soroeensis;158763;158872;Distelhummel;Distelhummel – Bombus soroeensis
107147;Bombus spec.;158763;158873;;Bombus spec.
107148;Bombus subterraneus;158763;158874;Erdbauhummel;Erdbauhummel – Bombus subterraneus
107149;Bombus sylvarum;158763;158875;Waldhummel;Waldhummel – Bombus sylvarum
107150;Bombus terrestris;158763;158876;Dunkle Erdhummel;Dunkle Erdhummel – Bombus terrestris
107151;Bombus veteranus;158763;158877;Sandhummel;Sandhummel – Bombus veteranus
107152;Bombus wurfleini;158763;158878;;Bombus wurfleini
107153;Ceratina cyanea;158763;158879;;Ceratina cyanea
107154;Osmia campanularum;158763;158880;;Osmia campanularum
107155;Osmia cantabrica;158763;158881;;Osmia cantabrica
107156;Osmia florisomnis;158763;158882;Hahnenfuss-Scherenbiene;Hahnenfuss-Scherenbiene – Osmia florisomnis
107157;Stelis odontopyga;158763;158883;;Stelis odontopyga
107158;Coelioxys alata;158763;158885;;Coelioxys alata
107159;Coelioxys aurolimbata;158763;158886;;Coelioxys aurolimbata
107160;Coelioxys conoidea;158763;158887;;Coelioxys conoidea
107161;Coelioxys inermis;158763;158888;;Coelioxys inermis
107162;Coelioxys quadridentata;158763;158890;;Coelioxys quadridentata
107163;Coelioxys rufescens;158763;158891;;Coelioxys rufescens
107164;Colletes cunicularius;158763;158892;;Colletes cunicularius
107165;Colletes daviesanus;158763;158893;;Colletes daviesanus
107166;Colletes fodiens;158763;158894;;Colletes fodiens
107167;Colletes similis;158763;158895;;Colletes similis
107168;Colletes succinctus;158763;158896;;Colletes succinctus
107169;Systropha planidens;158763;158897;Samthummel;Samthummel – Systropha planidens
107170;Dasypoda hirtipes;158763;158898;;Dasypoda hirtipes
107171;Dufourea dentiventris;158763;158899;;Dufourea dentiventris
107172;Dufourea minuta;158763;158900;;Dufourea minuta
107173;Epeoloides coecutiens;158763;158901;;Epeoloides coecutiens
107174;Epeolus cruciger;158763;158902;;Epeolus cruciger
107175;Epeolus variegatus;158763;158903;;Epeolus variegatus
107176;Eucera longicornis;158763;158904;;Eucera longicornis
107177;Eucera tuberculata;158763;158906;;Eucera tuberculata
107178;Andrena chrysopus;158763;158907;Kuckuckshummel;Kuckuckshummel – Andrena chrysopus
107179;Halictus confusus;158763;158908;;Halictus confusus
107180;Halictus leucaheneus;158763;158909;;Halictus leucaheneus
107181;Halictus rubicundus;158763;158910;;Halictus rubicundus
107182;Halictus sexcinctus;158763;158911;;Halictus sexcinctus
107183;Halictus tumulorum;158763;158913;;Halictus tumulorum
107184;Osmia truncorum;158763;158914;Gemeine Löcherbiene;Gemeine Löcherbiene – Osmia truncorum
107185;Hylaeus annularis;158763;158915;;Hylaeus annularis
107186;Hylaeus brevicornis;158763;158916;;Hylaeus brevicornis
107187;Hylaeus clypearis;158763;158917;Maskenbienen;Maskenbienen – Hylaeus clypearis
107188;Hylaeus communis;158763;158918;;Hylaeus communis
107189;Hylaeus pilosulus;158763;158919;;Hylaeus pilosulus
107190;Hylaeus confusus;158763;158920;;Hylaeus confusus
107191;Hylaeus cornutus;158763;158921;;Hylaeus cornutus
107192;Hylaeus difformis;158763;158922;;Hylaeus difformis
107193;Hylaeus gibbus;158763;158923;;Hylaeus gibbus
107194;Hylaeus gracilicornis;158763;158924;;Hylaeus gracilicornis
107195;Hylaeus hyalinatus;158763;158925;;Hylaeus hyalinatus
107196;Hylaeus nigritus;158763;158926;;Hylaeus nigritus
107197;Hylaeus pictipes;158763;158927;;Hylaeus pictipes
107198;Hylaeus rinki;158763;158928;;Hylaeus rinki
107199;Hylaeus signatus;158763;158929;;Hylaeus signatus
107200;Hylaeus variegatus;158763;158930;;Hylaeus variegatus
107201;Lasioglossum albipes;158763;158931;;Lasioglossum albipes
107202;Lasioglossum brevicorne;158763;158932;;Lasioglossum brevicorne
107203;Lasioglossum breviventre;158763;158933;;Lasioglossum breviventre
107204;Lasioglossum calceatum;158763;158934;;Lasioglossum calceatum
107205;Lasioglossum fratellum;158763;158935;;Lasioglossum fratellum
107206;Lasioglossum fulvicorne;158763;158936;;Lasioglossum fulvicorne
107207;Lasioglossum intermedium;158763;158937;;Lasioglossum intermedium
107208;Lasioglossum laeve;158763;158938;;Lasioglossum laeve
107209;Lasioglossum laevigatum;158763;158939;;Lasioglossum laevigatum
107210;Lasioglossum laticeps;158763;158940;;Lasioglossum laticeps
107211;Lasioglossum lativentre;158763;158941;;Lasioglossum lativentre
107212;Lasioglossum leucopus;158763;158942;;Lasioglossum leucopus
107213;Lasioglossum leucozonium;158763;158943;;Lasioglossum leucozonium
107214;Lasioglossum lucidulum;158763;158945;;Lasioglossum lucidulum
107215;Lasioglossum majus;158763;158946;;Lasioglossum majus
107216;Lasioglossum malachurum;158763;158947;;Lasioglossum malachurum
107217;Lasioglossum minutissimum;158763;158948;;Lasioglossum minutissimum
107218;Lasioglossum minutulum;158763;158949;;Lasioglossum minutulum
107219;Lasioglossum morio;158763;158950;;Lasioglossum morio
107220;Lasioglossum nitidiusculum;158763;158951;;Lasioglossum nitidiusculum
107221;Lasioglossum nitidulum;158763;158952;;Lasioglossum nitidulum
107222;Lasioglossum parvulum;158763;158953;;Lasioglossum parvulum
107223;Lasioglossum pauxillum;158763;158954;;Lasioglossum pauxillum
107224;Lasioglossum prasinum;158763;158955;;Lasioglossum prasinum
107225;Lasioglossum punctatissimum;158763;158956;;Lasioglossum punctatissimum
107226;Lasioglossum quadrinotatulum;158763;158958;;Lasioglossum quadrinotatulum
107227;Lasioglossum quadrinotatum;158763;158959;;Lasioglossum quadrinotatum
107228;Lasioglossum rufitarse;158763;158960;;Lasioglossum rufitarse
107229;Lasioglossum semilucens;158763;158961;;Lasioglossum semilucens
107230;Lasioglossum sexnotatum;158763;158962;;Lasioglossum sexnotatum
107231;Lasioglossum sexstrigatum;158763;158963;;Lasioglossum sexstrigatum
107232;Lasioglossum tarsatum;158763;158964;;Lasioglossum tarsatum
107233;Lasioglossum villosulum;158763;158965;;Lasioglossum villosulum
107234;Lasioglossum xanthopus;158763;158966;;Lasioglossum xanthopus
107235;Lasioglossum zonulum;158763;158967;;Lasioglossum zonulum
107236;Macropis fulvipes;158763;158968;;Macropis fulvipes
107237;Megachile analis;158763;158969;;Megachile analis
107238;Bombus argillaceus;158763;158970;Tonerdhummel;Tonerdhummel – Bombus argillaceus
107239;Bombus armenicus;158763;158971;Armenicushummel;Armenicushummel – Bombus armenicus
107241;Bombus fragrans;158763;158973;Fragranshummel;Fragranshummel – Bombus fragrans
107244;Bombus inexspectatus;158763;158976;Unerwartete Hummel;Unerwartete Hummel – Bombus inexspectatus
107245;Bombus laesus mocsaryi;158763;158977;Leasushummel;Leasushummel – Bombus laesus mocsaryi
107254;Megachile alpicola;158763;158986;;Megachile alpicola
107255;Megachile centuncularis;158763;158987;;Megachile centuncularis
107256;Megachile circumcincta;158763;158988;;Megachile circumcincta
107257;Megachile ericetorum;158763;158989;;Megachile ericetorum
107258;Megachile lapponica;158763;158990;;Megachile lapponica
107259;Megachile ligniseca;158763;158991;;Megachile ligniseca
107260;Megachile maritima;158763;158992;;Megachile maritima
107261;Megachile versicolor;158763;158993;;Megachile versicolor
107263;Melecta luctuosa;158763;158996;;Melecta luctuosa
107264;Melecta punctata;158763;158997;;Melecta punctata
107265;Melitta haemorrhoidalis;158763;158998;;Melitta haemorrhoidalis
107266;Melitta leporina;158763;158999;;Melitta leporina
107267;Melitta tricincta;158763;159000;;Melitta tricincta
107268;Nomada alboguttata;158763;159001;;Nomada alboguttata
107269;Nomada argentata;158763;159002;;Nomada argentata
107270;Nomada armata;158763;159003;;Nomada armata
107271;Nomada bifasciata;158763;159004;;Nomada bifasciata
107272;Melitta nigricans;158763;159005;;Melitta nigricans
107273;Nomada castellana;158763;159006;;Nomada castellana
107274;Nomada conjungens;158763;159007;;Nomada conjungens
107275;Nomada emarginata;158763;159008;;Nomada emarginata
107276;Nomada fabriciana;158763;159009;;Nomada fabriciana
107277;Nomada ferruginata;158763;159011;;Nomada ferruginata
107278;Nomada flava;158763;159012;;Nomada flava
107279;Nomada flavoguttata;158763;159013;;Nomada flavoguttata
107280;Nomada flavopicta;158763;159014;;Nomada flavopicta
107281;Nomada fucata;158763;159015;;Nomada fucata
107282;Nomada furva;158763;159017;;Nomada furva
107283;Nomada fuscicornis;158763;159018;;Nomada fuscicornis
107284;Nomada goodeniana;158763;159019;;Nomada goodeniana
107285;Nomada guttulata;158763;159020;;Nomada guttulata
107286;Nomada integra;158763;159021;;Nomada integra
107287;Nomada lathburiana;158763;159022;;Nomada lathburiana
107288;Nomada leucophthalma;158763;159023;;Nomada leucophthalma
107289;Lasioglossum sexmaculatum;158763;159024;;Lasioglossum sexmaculatum
107290;Nomada marshamella;158763;159025;;Nomada marshamella
107291;Nomada moeschleri;158763;159026;;Nomada moeschleri
107292;Nomada obscura;158763;159027;;Nomada obscura
107293;Nomada obtusifrons;158763;159028;;Nomada obtusifrons
107294;Nomada panzeri;158763;159029;;Nomada panzeri
107295;Nomada piccioliana;158763;159030;;Nomada piccioliana
107296;Nomada roberjeotiana;158763;159031;;Nomada roberjeotiana
107297;Nomada rufipes;158763;159033;;Nomada rufipes
107298;Nomada sexfasciata;158763;159034;;Nomada sexfasciata
107299;Nomada sheppardana;158763;159035;;Nomada sheppardana
107300;Nomada signata;158763;159036;;Nomada signata
107301;Nomada similis;158763;159037;;Nomada similis
107302;Nomada stigma;158763;159038;;Nomada stigma
107303;Nomada striata;158763;159039;;Nomada striata
107304;Nomada succincta;158763;159040;;Nomada succincta
107305;Nomada villosa;158763;159041;;Nomada villosa
107306;Osmia adunca;158763;159042;;Osmia adunca
107307;Osmia anthocopoides;158763;159043;;Osmia anthocopoides
107308;Osmia aurulenta;158763;159044;;Osmia aurulenta
107309;Osmia bicolor;158763;159045;;Osmia bicolor
107310;Osmia caerulescens;158763;159046;;Osmia caerulescens
107311;Osmia claviventris;158763;159047;;Osmia claviventris
107312;Osmia cornuta;158763;159048;;Osmia cornuta
107314;Osmia leaiana;158763;159050;;Osmia leaiana
107315;Andrena agilissima;158763;200918;;Andrena agilissima
107316;Osmia papaveris;158763;159052;;Osmia papaveris
107317;Osmia parietina;158763;159053;;Osmia parietina
107318;Osmia pilicornis;158763;159054;;Osmia pilicornis
107319;Osmia ravouxi;158763;159055;;Osmia ravouxi
107320;Megachile rotundata;158763;159056;;Megachile rotundata
107321;Osmia spec.;158763;159057;;Osmia spec.
107322;Osmia spinulosa;158763;159058;;Osmia spinulosa
107323;Osmia uncinata;158763;159059;;Osmia uncinata
107324;Panurgus banksianus;158763;159060;;Panurgus banksianus
107325;Panurgus calcaratus;158763;159061;;Panurgus calcaratus
107326;Bombus barbutellus;158763;159062;Bärtige Schmarotzerhummel;Bärtige Schmarotzerhummel – Bombus barbutellus
107327;Megachile nigriventris;158763;159063;;Megachile nigriventris
107328;Bombus campestris;158763;159064;Feld-Schmarotzerhummel;Feld-Schmarotzerhummel – Bombus campestris
107329;Bombus rupestris;158763;159065;Rotschwarze Schmarotzerhummel;Rotschwarze Schmarotzerhummel – Bombus rupestris
107330;Lasioglossum subfasciatum;158763;159066;;Lasioglossum subfasciatum
107331;Bombus vestalis;158763;159067;Keusche Schmarotzerhummel;Keusche Schmarotzerhummel – Bombus vestalis
107332;Pyrobombus cullumanus;158763;159068;Cullemanushummel;Cullemanushummel – Pyrobombus cullumanus
107333;Ammobates punctatus;158763;159069;Baumhummel;Baumhummel – Ammobates punctatus
107334;Stelis phaeoptera;158763;159070;Heidehummel;Heidehummel – Stelis phaeoptera
107335;Amegilla quadrifasciata;158763;159071;Steinhummel;Steinhummel – Amegilla quadrifasciata
107336;Aglaoapis tridentata;158763;159072;Wiesenhummel;Wiesenhummel – Aglaoapis tridentata
107337;Stelis minuta;158763;159073;Distelhummel;Distelhummel – Stelis minuta
107338;Sphecodes albilabris;158763;159074;;Sphecodes albilabris
107339;Sphecodes crassus;158763;159075;;Sphecodes crassus
107340;Sphecodes ephippius;158763;159076;;Sphecodes ephippius
107341;Sphecodes ferruginatus;158763;159077;;Sphecodes ferruginatus
107342;Sphecodes geoffrellus;158763;159078;;Sphecodes geoffrellus
107343;Sphecodes gibbus;158763;159079;;Sphecodes gibbus
107344;Sphecodes hyalinatus;158763;159080;;Sphecodes hyalinatus
107345;Sphecodes longulus;158763;159081;;Sphecodes longulus
107346;Sphecodes miniatus;158763;159082;;Sphecodes miniatus
107347;Sphecodes monilicornis;158763;159083;;Sphecodes monilicornis
107348;Sphecodes niger;158763;159084;;Sphecodes niger
107349;Sphecodes pellucidus;158763;159085;;Sphecodes pellucidus
107350;Sphecodes puncticeps;158763;159086;;Sphecodes puncticeps
107351;Sphecodes reticulatus;158763;159087;;Sphecodes reticulatus
107352;Sphecodes spec.;158763;159088;;Sphecodes spec.
107353;Stelis breviuscula;158763;159090;;Stelis breviuscula
107354;Stelis ornatula;158763;159091;;Stelis ornatula
107355;Stelis punctulatissima;158763;159092;;Stelis punctulatissima
107356;Stelis signata;158763;159093;;Stelis signata
107357;Thyreus orbatus;158763;159095;;Thyreus orbatus
107358;Anthidium byssinum;158763;159096;;Anthidium byssinum
107359;Xylocopa iris;158763;159097;;Xylocopa iris
107360;Xylocopa violacea;158763;159098;;Xylocopa violacea
107362;Dolichovespula media;708822;159439;Mittlere Wespe;Mittlere Wespe – Dolichovespula media
107363;Dolichovespula norwegica;708822;159440;Norwegische Wespe;Norwegische Wespe – Dolichovespula norwegica
107364;Dolichovespula saxonica;708822;159441;Sächsische Wespe;Sächsische Wespe – Dolichovespula saxonica
107365;Dolichovespula sylvestris;708822;159442;Waldwespe;Waldwespe – Dolichovespula sylvestris
107366;Vespula germanica;708822;159527;Deutsche Wespe;Deutsche Wespe – Vespula germanica
107367;Vespula rufa;708822;159528;Rote Wespe;Rote Wespe – Vespula rufa
107368;Vespula vulgaris;708822;159529;Gemeine Wespe;Gemeine Wespe – Vespula vulgaris
107369;Polistes biglumis;708822;159553;Berg-Feldwespe;Berg-Feldwespe – Polistes biglumis
107370;Polistes dominula;708822;159554;Haus-Feldwespe;Haus-Feldwespe – Polistes dominula
107371;Polistes nimpha;708822;159556;Heide-Feldwespe;Heide-Feldwespe – Polistes nimpha
107372;Dolichovespula adulterina;708822;159578;Falsche Kuckuckswespe;Falsche Kuckuckswespe – Dolichovespula adulterina
107373;Pseudovespula omissa;708822;159579;;Pseudovespula omissa
107374;Polistes atrimandibularis;708822;159593;;Polistes atrimandibularis
107375;Vespa crabro;708822;159614;Hornisse;Hornisse – Vespa crabro
107376;Vespula austriaca;708822;159615;Österreichische Kuckuckswespe;Österreichische Kuckuckswespe – Vespula austriaca
107377;Allodynerus rossii;708822;159350;;Allodynerus rossii
107378;Ancistrocerus claripennis;708822;159355;;Ancistrocerus claripennis
107379;Ancistrocerus gazella;708822;159356;;Ancistrocerus gazella
107380;Ancistrocerus nigricornis;708822;159357;;Ancistrocerus nigricornis
107381;Ancistrocerus oviventris;708822;159358;;Ancistrocerus oviventris
107382;Ancistrocerus parietinus;708822;159359;;Ancistrocerus parietinus
107383;Ancistrocerus parietum;708822;159360;;Ancistrocerus parietum
107384;Ancistrocerus scoticus;708822;159361;;Ancistrocerus scoticus
107385;Ancistrocerus trifasciatus;708822;159362;;Ancistrocerus trifasciatus
107386;Eumenes coarctatus;708822;159462;;Eumenes coarctatus
107387;Eumenes papillarius;708822;159463;;Eumenes papillarius
107388;Eumenes pedunculatus;708822;159464;;Eumenes pedunculatus
107389;Euodynerus quadrifasciatus;708822;159465;;Euodynerus quadrifasciatus
107390;Gymnomerus laevipes;708822;159476;;Gymnomerus laevipes
107391;Microdynerus nugdunensis;708822;159497;;Microdynerus nugdunensis
107392;Odynerus melanocephalus;708822;159516;;Odynerus melanocephalus
107393;Odynerus spinipes;708822;159517;;Odynerus spinipes
107394;Stenodynerus steckianus;708822;159590;;Stenodynerus steckianus
107395;Symmorphus gracilis;708822;159594;;Symmorphus gracilis
107396;Symmorphus bifasciatus;708822;159595;;Symmorphus bifasciatus
107397;Symmorphus connexus;708822;159596;;Symmorphus connexus
107398;Symmorphus crassicornis;708822;159597;;Symmorphus crassicornis
107399;Symmorphus debilitatus;708822;159598;;Symmorphus debilitatus
107400;Symmorphus angustatus;708822;159599;;Symmorphus angustatus
107401;Cerceris quadricincta;708822;159384;Knotenwespe;Knotenwespe – Cerceris quadricincta
107402;Chrysis bicolor;708822;159390;;Chrysis bicolor
107403;Chrysis comparata;708822;159391;;Chrysis comparata
107404;Euchroeus purpuratus;708822;159392;;Euchroeus purpuratus
107405;Chrysis fulgida;708822;159393;;Chrysis fulgida
107406;Chrysis ignita;708822;159394;;Chrysis ignita
107407;Chrysis ignita var. ruddii;708822;159395;;Chrysis ignita var. ruddii
107408;Chrysis iris;708822;159396;;Chrysis iris
107409;Chrysis pseudobrevitarsis;708822;159397;;Chrysis pseudobrevitarsis
107410;Chrysis radians;708822;159398;;Chrysis radians
107411;Chrysis succincta;708822;159399;;Chrysis succincta
107412;Chrysis trimaculata;708822;159400;;Chrysis trimaculata
107413;Chrysis viridula;708822;159401;;Chrysis viridula
107414;Cleptes nitidulus;708822;159402;;Cleptes nitidulus
107415;Elampus panzeri;708822;159458;;Elampus panzeri
107416;Hedychridium ardens;708822;159479;;Hedychridium ardens
107417;Hedychridium coriaceum;708822;159480;;Hedychridium coriaceum
107418;Hedychridium roseum;708822;159481;;Hedychridium roseum
107419;Hedychrum gerstaeckeri;708822;159482;;Hedychrum gerstaeckeri
107420;Hedychrum nobile;708822;159483;;Hedychrum nobile
107421;Omalus aeneus;708822;159518;;Omalus aeneus
107422;Omalus auratus;708822;159519;;Omalus auratus
107423;Pseudomalus violaceus;708822;159521;;Pseudomalus violaceus
107424;Aporus pollux;708822;159496;;Aporus pollux
107425;Tiphia femorata;708822;159606;;Tiphia femorata
107426;Tiphia minuta;708822;159607;;Tiphia minuta
107427;Methocha articulata;708822;159495;;Methocha articulata
107428;Mutilla europaea;708822;159507;;Mutilla europaea
107429;Myrmosa atra;708822;159508;;Myrmosa atra
107430;Sapyga clavicornis;708822;159582;;Sapyga clavicornis
107431;Sapyga quinquepunctata;708822;159583;;Sapyga quinquepunctata
107432;Smicromyrme rufipes;708822;159585;;Smicromyrme rufipes
107433;Alysson spinosus;708822;159351;;Alysson spinosus
107434;Ammophila campestris;708822;159352;;Ammophila campestris
107435;Ammophila pubescens;708822;159353;;Ammophila pubescens
107436;Ammophila sabulosa;708822;159354;;Ammophila sabulosa
107437;Argogorytes fargeii;708822;159376;;Argogorytes fargeii
107438;Argogorytes mystaceus;708822;159377;;Argogorytes mystaceus
107439;Astata boops;708822;159378;;Astata boops
107440;Astata minor;708822;159379;;Astata minor
107441;Bembix rostrata;708822;159381;;Bembix rostrata
107442;Cerceris arenaria;708822;159383;;Cerceris arenaria
107443;Cerceris quadrifasciata;708822;159385;;Cerceris quadrifasciata
107444;Cerceris quinquefasciata;708822;159386;;Cerceris quinquefasciata
107445;Cerceris ruficornis;708822;159387;;Cerceris ruficornis
107446;Cerceris rybyensis;708822;159388;;Cerceris rybyensis
107447;Crabro cribrarius;708822;159403;;Crabro cribrarius
107448;Crabro peltarius;708822;159404;;Crabro peltarius
107449;Crabro scutellatus;708822;159405;;Crabro scutellatus
107450;Crossocerus annulipes;708822;159406;;Crossocerus annulipes
107451;Crossocerus assimilis;708822;159407;;Crossocerus assimilis
107452;Crossocerus barbipes;708822;159408;;Crossocerus barbipes
107453;Crossocerus binotatus;708822;159409;;Crossocerus binotatus
107454;Crossocerus capitosus;708822;159410;;Crossocerus capitosus
107455;Crossocerus cetratus;708822;159411;;Crossocerus cetratus
107456;Crossocerus cinxius;708822;159412;;Crossocerus cinxius
107457;Crossocerus congener;708822;159413;;Crossocerus congener
107458;Crossocerus dimidiatus;708822;159414;;Crossocerus dimidiatus
107459;Crossocerus distinguendus;708822;159415;;Crossocerus distinguendus
107460;Crossocerus elongatulus;708822;159416;;Crossocerus elongatulus
107461;Crossocerus exiguus;708822;159417;;Crossocerus exiguus
107462;Crossocerus leucostoma;708822;159418;;Crossocerus leucostoma
107463;Crossocerus megacephalus;708822;159419;;Crossocerus megacephalus
107464;Crossocerus nigritus;708822;159420;;Crossocerus nigritus
107465;Crossocerus ovalis;708822;159421;;Crossocerus ovalis
107466;Crossocerus palmipes;708822;159422;;Crossocerus palmipes
107467;Crossocerus podagricus;708822;159423;;Crossocerus podagricus
107468;Crossocerus pullulus;708822;159424;;Crossocerus pullulus
107469;Crossocerus quadrimaculatus;708822;159425;;Crossocerus quadrimaculatus
107470;Crossocerus tarsatus;708822;159426;;Crossocerus tarsatus
107471;Crossocerus vagabundus;708822;159427;;Crossocerus vagabundus
107472;Crossocerus walkeri;708822;159428;;Crossocerus walkeri
107473;Crossocerus wesmaeli;708822;159429;;Crossocerus wesmaeli
107474;Didineis lunicornis;708822;159431;;Didineis lunicornis
107475;Dinetus pictus;708822;159432;;Dinetus pictus
107476;Diodontus luperus;708822;159433;;Diodontus luperus
107477;Diodontus medius;708822;159434;;Diodontus medius
107478;Diodontus minutus;708822;159435;;Diodontus minutus
107479;Diodontus tristis;708822;159436;;Diodontus tristis
107480;Dolichurus corniculus;708822;159443;;Dolichurus corniculus
107481;Dryudella pinguis;708822;159444;;Dryudella pinguis
107482;Dryudella stigma;708822;159445;;Dryudella stigma
107483;Ectemnius borealis;708822;159446;;Ectemnius borealis
107484;Ectemnius cavifrons;708822;159447;;Ectemnius cavifrons
107485;Ectemnius cephalotes;708822;159448;;Ectemnius cephalotes
107486;Ectemnius continuus;708822;159449;;Ectemnius continuus
107487;Ectemnius dives;708822;159450;;Ectemnius dives
107488;Ectemnius guttatus;708822;159451;;Ectemnius guttatus
107489;Ectemnius lapidarius;708822;159452;;Ectemnius lapidarius
107490;Ectemnius lituratus;708822;159453;;Ectemnius lituratus
107491;Ectemnius nigritarsus;708822;159454;;Ectemnius nigritarsus
107492;Ectemnius rubicola;708822;159455;;Ectemnius rubicola
107493;Ectemnius ruficornis;708822;159456;;Ectemnius ruficornis
107494;Ectemnius sexcinctus;708822;159457;;Ectemnius sexcinctus
107495;Entomognathus brevis;708822;159459;;Entomognathus brevis
107496;Gorytes albidulus;708822;159472;;Gorytes albidulus
107497;Gorytes laticinctus;708822;159473;;Gorytes laticinctus
107498;Gorytes quadrifasciatus;708822;159474;;Gorytes quadrifasciatus
107499;Gorytes quinquecinctus;708822;159475;;Gorytes quinquecinctus
107500;Harpactus lunatus;708822;159477;;Harpactus lunatus
107501;Harpactus tumidus;708822;159478;;Harpactus tumidus
107502;Lestica alata;708822;159486;;Lestica alata
107503;Lestica clypeata;708822;159487;;Lestica clypeata
107504;Lestica subterranea;708822;159488;;Lestica subterranea
107505;Lestiphorus bicinctus;708822;159489;;Lestiphorus bicinctus
107506;Lindenius albilabris;708822;159490;;Lindenius albilabris
107507;Lindenius panzeri;708822;159491;;Lindenius panzeri
107508;Lindenius pygmaeus;708822;159492;;Lindenius pygmaeus
107509;Mellinus arvensis;708822;159493;;Mellinus arvensis
107510;Mellinus crabroneus;708822;159494;;Mellinus crabroneus
107511;Mimesa equestris;708822;159499;;Mimesa equestris
107512;Mimesa lutaria;708822;159500;;Mimesa lutaria
107513;Mimumesa atratina;708822;159501;;Mimumesa atratina
107514;Mimumesa dahlbomi;708822;159502;;Mimumesa dahlbomi
107515;Mimumesa unicolor;708822;159503;;Mimumesa unicolor
107516;Miscophus ater;708822;159504;;Miscophus ater
107517;Miscophus concolor;708822;159505;;Miscophus concolor
107518;Miscophus spurius;708822;159506;;Miscophus spurius
107519;Nitela spinolae;708822;159510;;Nitela spinolae
107520;Nysson dimidiatus;708822;159511;;Nysson dimidiatus
107521;Nysson maculosus;708822;159512;;Nysson maculosus
107522;Nysson mimulus;708822;159513;;Nysson mimulus
107523;Nysson spinosus;708822;159514;;Nysson spinosus
107524;Nysson trimaculatus;708822;159515;;Nysson trimaculatus
107525;Oxybelus argentatus;708822;159522;;Oxybelus argentatus
107526;Oxybelus bipunctatus;708822;159523;;Oxybelus bipunctatus
107527;Oxybelus mandibularis;708822;159524;;Oxybelus mandibularis
107528;Oxybelus trispinosus;708822;159525;Sandwespe;Sandwespe – Oxybelus trispinosus
107529;Oxybelus uniglumis;708822;159526;;Oxybelus uniglumis
107530;Passaloecus borealis;708822;159530;;Passaloecus borealis
107531;Passaloecus brevilabris;708822;159531;;Passaloecus brevilabris
107532;Passaloecus corniger;708822;159532;;Passaloecus corniger
107533;Passaloecus eremita;708822;159533;;Passaloecus eremita
107534;Passaloecus gracilis;708822;159534;;Passaloecus gracilis
107535;Passaloecus insignis;708822;159535;;Passaloecus insignis
107536;Passaloecus monilicornis;708822;159536;;Passaloecus monilicornis
107537;Passaloecus singularis;708822;159538;;Passaloecus singularis
107538;Passaloecus turionum;708822;159539;;Passaloecus turionum
107539;Pemphredon baltica;708822;159540;;Pemphredon baltica
107540;Pemphredon clypealis;708822;159541;;Pemphredon clypealis
107541;Pemphredon inornata;708822;159542;;Pemphredon inornata
107542;Pemphredon lethifer;708822;159543;;Pemphredon lethifer
107543;Pemphredon lugens;708822;159544;;Pemphredon lugens
107544;Pemphredon lugubris;708822;159545;;Pemphredon lugubris
107545;Pemphredon montana;708822;159546;;Pemphredon montana
107546;Pemphredon morio;708822;159547;;Pemphredon morio
107547;Pemphredon rugifer;708822;159548;;Pemphredon rugifer
107548;Philanthus spec.;708822;159549;;Philanthus spec.
107549;Philanthus triangulum;708822;159550;;Philanthus triangulum
107550;Podalonia affinis;708822;159551;;Podalonia affinis
107551;Podalonia hirsuta;708822;159552;;Podalonia hirsuta
107552;Ampulex fasciata;708822;159555;;Ampulex fasciata
107553;Psenulus concolor;708822;159573;;Psenulus concolor
107554;Psenulus fuscipennis;708822;159574;;Psenulus fuscipennis
107555;Psenulus laevigatus;708822;159575;;Psenulus laevigatus
107556;Psenulus pallipes;708822;159576;;Psenulus pallipes
107557;Psenulus schencki;708822;159577;;Psenulus schencki
107558;Rhopalum clavipes;708822;159580;;Rhopalum clavipes
107559;Rhopalum coarctatum;708822;159581;;Rhopalum coarctatum
107560;Spilomena beata;708822;159586;;Spilomena beata
107561;Spilomena enslini;708822;159587;;Spilomena enslini
107562;Spilomena curruca;708822;159588;;Spilomena curruca
107563;Spilomena troglodytes;708822;159589;;Spilomena troglodytes
107564;Stigmus pendulus;708822;159591;;Stigmus pendulus
107565;Stigmus solskyi;708822;159592;;Stigmus solskyi
107566;Tachysphex helveticus;708822;159600;;Tachysphex helveticus
107567;Tachysphex nitidus;708822;159601;;Tachysphex nitidus
107568;Tachysphex obscuripennis;708822;159602;;Tachysphex obscuripennis
107569;Tachysphex pompiliformis;708822;159603;;Tachysphex pompiliformis
107570;Tachysphex psammobius;708822;159604;;Tachysphex psammobius
107571;Tachysphex tarsinus;708822;159605;;Tachysphex tarsinus
107572;Trypoxylon attenuatum;708822;159608;;Trypoxylon attenuatum
107573;Trypoxylon clavicerum;708822;159609;;Trypoxylon clavicerum
107574;Trypoxylon figulus;708822;159610;;Trypoxylon figulus
107575;Trypoxylon kolazyi;708822;159611;;Trypoxylon kolazyi
107576;Trypoxylon medium;708822;159612;;Trypoxylon medium
107577;Trypoxylon minus;708822;159613;;Trypoxylon minus
107578;Agenioideus cinctellus;708822;159349;;Agenioideus cinctellus
107579;Anoplius concinnus;708822;159363;;Anoplius concinnus
107580;Anoplius infuscatus;708822;159364;;Anoplius infuscatus
107581;Anoplius nigerrimus;708822;159365;;Anoplius nigerrimus
107582;Anoplius viaticus;708822;159366;;Anoplius viaticus
107583;Aporus unicolor;708822;159367;;Aporus unicolor
107584;Arachnospila abnormis;708822;159368;;Arachnospila abnormis
107585;Arachnospila anceps;708822;159369;;Arachnospila anceps
107586;Arachnospila minutula;708822;159370;;Arachnospila minutula
107588;Arachnospila spissa;708822;159372;;Arachnospila spissa
107589;Arachnospila trivialis;708822;159373;;Arachnospila trivialis
107590;Arachnospila usurata;708822;159374;;Arachnospila usurata
107591;Arachnospila wesmaeli;708822;159375;;Arachnospila wesmaeli
107592;Auplopus carbonarius;708822;159380;;Auplopus carbonarius
107593;Caliadurgus fasciatellus;708822;159382;;Caliadurgus fasciatellus
107594;Ceropales maculatus;708822;159389;;Ceropales maculatus
107595;Cryptocheilus notatus;708822;159430;;Cryptocheilus notatus
107596;Dipogon subintermedius;708822;159437;;Dipogon subintermedius
107597;Dipogon variegatus;708822;159438;;Dipogon variegatus
107598;Episyron albonotatum;708822;159460;;Episyron albonotatum
107599;Episyron rufipes;708822;159461;;Episyron rufipes
107600;Evagetes crassicornis;708822;159466;;Evagetes crassicornis
107601;Evagetes dubius;708822;159467;;Evagetes dubius
107602;Evagetes gibbulus;708822;159468;;Evagetes gibbulus
107603;Evagetes pectinipes;708822;159469;;Evagetes pectinipes
107604;Evagetes proximus;708822;159470;;Evagetes proximus
107605;Evagetes sahlbergi;708822;159471;;Evagetes sahlbergi
107606;Pompilus cinereus;708822;159557;;Pompilus cinereus
107607;Priocnemis agilis;708822;159558;;Priocnemis agilis
107608;Priocnemis cordivalvata;708822;159559;;Priocnemis cordivalvata
107609;Priocnemis coriacea;708822;159560;;Priocnemis coriacea
107610;Priocnemis exaltata;708822;159561;;Priocnemis exaltata
107611;Priocnemis fennica;708822;159562;;Priocnemis fennica
107612;Priocnemis gracilis;708822;159563;;Priocnemis gracilis
107613;Priocnemis hyalinata;708822;159564;;Priocnemis hyalinata
107614;Priocnemis minuta;708822;159565;;Priocnemis minuta
107615;Priocnemis minutalis;708822;159566;;Priocnemis minutalis
107616;Priocnemis parvula;708822;159567;;Priocnemis parvula
107617;Priocnemis perturbator;708822;159568;;Priocnemis perturbator
107618;Priocnemis pusilla;708822;159569;;Priocnemis pusilla
107619;Priocnemis schioedtei;708822;159570;;Priocnemis schioedtei
107620;Priocnemis susterai;708822;159571;;Priocnemis susterai
107621;Priocnemis vulgaris;708822;159572;;Priocnemis vulgaris
107622;Gall- und Schlupfwespen;158741;159099;;Gall- und Schlupfwespen
107623;Agriotypus armatus;159099;159100;;Agriotypus armatus
107624;Amblyteles armatorius;159099;159101;;Amblyteles armatorius
107625;Diplolepis rosae;159099;159102;Schlafapfel;Schlafapfel – Diplolepis rosae
107626;Neuroterus numismalis;159099;159103;;Neuroterus numismalis
107627;Neuroterus quercus baccarum;159099;159104;;Neuroterus quercus baccarum
107628;Sirex gigas;159105;159299;;Sirex gigas
107629;Pflanzenwespen;158741;159105;;Pflanzenwespen
107630;Abia candens;159105;159106;;Abia candens
107631;Abia nitens;159105;159107;;Abia nitens
107632;Acantholyda erythrocephala;159105;159108;;Acantholyda erythrocephala
107633;Acantholyda posticalis;159105;159109;;Acantholyda posticalis
107634;Aglaostigma aucuparias;159105;159110;;Aglaostigma aucuparias
107635;Aglaostigma fulvipes;159105;159111;;Aglaostigma fulvipes
107636;Aglaostigma langei;159105;159112;;Aglaostigma langei
107637;Aglaostigma lichtwardti;159105;159113;;Aglaostigma lichtwardti
107638;Aglaostigma nebulosa;159105;159114;;Aglaostigma nebulosa
107639;Allantus calceatus;159105;159115;;Allantus calceatus
107640;Allantus cinctus;159105;159116;;Allantus cinctus
107641;Allantus cingulatus;159105;159117;;Allantus cingulatus
107642;Allantus melanarius;159105;159118;;Allantus melanarius
107643;Allantus rufocinctus;159105;159119;;Allantus rufocinctus
107644;Allantus truncatus;159105;159120;;Allantus truncatus
107645;Amasis obscura;159105;159121;;Amasis obscura
107646;Amauronematus crispus;159105;159122;;Amauronematus crispus
107647;Amauronematus humeralis;159105;159123;;Amauronematus humeralis
107648;Amauronematus puniceus;159105;159124;;Amauronematus puniceus
107649;Amauronematus taeniatus;159105;159125;;Amauronematus taeniatus
107650;Amauronematus viduatus;159105;159126;;Amauronematus viduatus
107651;Ametastegia carpini;159105;159127;;Ametastegia carpini
107652;Ametastegia equisiti;159105;159128;;Ametastegia equisiti
107653;Ametastegia glabrata;159105;159129;;Ametastegia glabrata
107654;Ametastegia pallipes;159105;159130;;Ametastegia pallipes
107655;Ametastegia tener;159105;159131;;Ametastegia tener
107656;Aneugmenus padi;159105;159132;;Aneugmenus padi
107657;Arge berberidis;159105;159133;;Arge berberidis
107658;Arge ciliaris;159105;159134;;Arge ciliaris
107659;Arge cyanocrocea;159105;159135;;Arge cyanocrocea
107660;Arge enodis;159105;159136;;Arge enodis
107661;Arge gracilicornis;159105;159137;;Arge gracilicornis
107662;Arge melanochroa;159105;159138;;Arge melanochroa
107663;Arge ochropus;159105;159139;;Arge ochropus
107664;Arge pagana;159105;159140;;Arge pagana
107665;Arge pullata;159105;159141;;Arge pullata
107666;Arge rustica;159105;159142;;Arge rustica
107667;Arge ustulata;159105;159143;;Arge ustulata
107668;Athalia colibri;159105;159144;;Athalia colibri
107669;Athalia cordata;159105;159145;;Athalia cordata
107670;Athalia liberta;159105;159146;;Athalia liberta
107671;Athalia lineolata;159105;159147;;Athalia lineolata
107672;Athalia lugens;159105;159148;;Athalia lugens
107673;Athalia rosae;159105;159149;;Athalia rosae
107674;Athalia rufoscutellata;159105;159150;;Athalia rufoscutellata
107675;Blasticotoma filiceti;159105;159151;;Blasticotoma filiceti
107676;Blennocampa pusilla;159105;159152;;Blennocampa pusilla
107677;Calameuta filiformis;159105;159153;;Calameuta filiformis
107678;Cephalcia abietes;159105;159154;;Cephalcia abietes
107679;Cephalcia alpina;159105;159155;;Cephalcia alpina
107680;Cephalcia arvensis;159105;159156;;Cephalcia arvensis
107681;Cephus cultratus;159105;159157;;Cephus cultratus
107682;Cephus nigrinus;159105;159158;;Cephus nigrinus
107683;Cephus pygmaeus;159105;159159;;Cephus pygmaeus
107684;Cimbex femorata;159105;159160;;Cimbex femorata
107685;Cladius difformis;159105;159161;;Cladius difformis
107686;Cladius pectinicornis;159105;159162;;Cladius pectinicornis
107687;Croesus septentrionalis;159105;159163;;Croesus septentrionalis
107688;Croesus varus;159105;159164;;Croesus varus
107689;Dineura stilata;159105;159165;;Dineura stilata
107690;Diprion pini;159105;159166;;Diprion pini
107691;Dolerus aeneus;159105;159167;;Dolerus aeneus
107692;Dolerus aericeps;159105;159168;;Dolerus aericeps
107693;Dolerus bimaculatus;159105;159169;;Dolerus bimaculatus
107694;Dolerus brevitarsus;159105;159170;;Dolerus brevitarsus
107695;Dolerus cothurnatus;159105;159171;;Dolerus cothurnatus
107696;Dolerus ferrugatus;159105;159172;;Dolerus ferrugatus
107697;Dolerus gonager;159105;159173;;Dolerus gonager
107698;Dolerus haematodes;159105;159174;;Dolerus haematodes
107699;Dolerus diogaster;159105;159175;;Dolerus diogaster
107700;Dolerus madidus;159105;159176;;Dolerus madidus
107701;Dolerus niger;159105;159177;;Dolerus niger
107702;Dolerus nigratus;159105;159178;;Dolerus nigratus
107703;Dolerus nitens;159105;159179;;Dolerus nitens
107704;Dolerus picipes;159105;159180;;Dolerus picipes
107705;Dolerus pratensis;159105;159181;;Dolerus pratensis
107706;Dolerus puncticollis;159105;159182;;Dolerus puncticollis
107707;Dolerus sanguinicollis;159105;159183;;Dolerus sanguinicollis
107708;Dolerus uliginosus;159105;159184;;Dolerus uliginosus
107709;Empria basalis;159105;159185;;Empria basalis
107710;Empria excisa;159105;159186;;Empria excisa
107711;Empria fletcheri;159105;159187;;Empria fletcheri
107712;Empria klugii;159105;159188;;Empria klugii
107713;Empria liturata;159105;159189;;Empria liturata
107714;Empria longicornis;159105;159190;;Empria longicornis
107715;Empria parvula;159105;159191;;Empria parvula
107716;Empria pumila;159105;159192;;Empria pumila
107717;Empria tridens;159105;159193;;Empria tridens
107718;Eriocampa ovata;159105;159194;;Eriocampa ovata
107719;Eutomostethus ephippium;159105;159195;;Eutomostethus ephippium
107720;Eutomostethus gagathinus;159105;159196;;Eutomostethus gagathinus
107721;Eutomostethus luteiventris;159105;159197;;Eutomostethus luteiventris
107722;Euura atra;159105;159198;;Euura atra
107723;Euura venusta;159105;159199;;Euura venusta
107724;Fenusa ulmi;159105;159200;;Fenusa ulmi
107725;Gilpinia polytoma;159105;159201;;Gilpinia polytoma
107726;Halidamia affinis;159105;159202;;Halidamia affinis
107727;Hartigia linearis;159105;159203;;Hartigia linearis
107728;Hartigia nigra;159105;159204;;Hartigia nigra
107729;Hemichroa australis;159105;159205;;Hemichroa australis
107730;Hemichroa crocea;159105;159206;;Hemichroa crocea
107731;Heterarthrus microcephalus;159105;159207;;Heterarthrus microcephalus
107732;Hoplocampa flava;159105;159208;;Hoplocampa flava
107733;Hoplocampa rutilicornis;159105;159209;;Hoplocampa rutilicornis
107734;Loderus eversmanni;159105;159210;;Loderus eversmanni
107735;Loderus vestigialis;159105;159211;;Loderus vestigialis
107736;Macrophya albicincta;159105;159212;;Macrophya albicincta
107737;Macrophya albipuncta;159105;159213;;Macrophya albipuncta
107738;Macrophya blanda;159105;159214;;Macrophya blanda
107739;Macrophya cognata;159105;159215;;Macrophya cognata
107740;Macrophya diversipes;159105;159216;;Macrophya diversipes
107741;Macrophya duodecimpunctata;159105;159217;;Macrophya duodecimpunctata
107742;Macrophya ligata;159105;159218;;Macrophya ligata
107743;Macrophya punctum-album;159105;159219;;Macrophya punctum-album
107744;Macrophya quadrimaculata;159105;159220;;Macrophya quadrimaculata
107745;Macrophya ribis;159105;159221;;Macrophya ribis
107746;Macrophya rufipes;159105;159222;;Macrophya rufipes
107747;Macrophya rustica;159105;159223;;Macrophya rustica
107748;Megalodontes spissicornis;159105;159224;;Megalodontes spissicornis
107749;Melisandra cinerei;159105;159225;;Melisandra cinerei
107750;Melisandra morio;159105;159226;;Melisandra morio
107751;Mesoneura opaca;159105;159227;;Mesoneura opaca
107752;Monoctenus juniperi;159105;159228;;Monoctenus juniperi
107753;Monophadnoides alternipes;159105;159229;;Monophadnoides alternipes
107754;Monophadnoides geniculata;159105;159230;;Monophadnoides geniculata
107755;Monophadnoides puncticeps;159105;159231;;Monophadnoides puncticeps
107756;Monophadnoides tenuicornis;159105;159232;;Monophadnoides tenuicornis
107757;Monophadnus longicornis;159105;159233;;Monophadnus longicornis
107758;Monophadnus pallescens;159105;159234;;Monophadnus pallescens
107759;Monostegia abdominalis;159105;159235;;Monostegia abdominalis
107760;Nematinus abdominalis;159105;159236;;Nematinus abdominalis
107761;Nematinus luteus;159105;159237;;Nematinus luteus
107762;Nematinus willigkiae;159105;159238;;Nematinus willigkiae
107763;Nematus coeruleocarpus;159105;159239;;Nematus coeruleocarpus
107764;Nematus crassus;159105;159240;;Nematus crassus
107765;Nematus ferrugineus;159105;159241;;Nematus ferrugineus
107766;Nematus fuscomaculatus;159105;159242;;Nematus fuscomaculatus
107767;Nematus leucotrochus;159105;159243;;Nematus leucotrochus
107768;Nematus lucidus;159105;159244;;Nematus lucidus
107769;Nematus miliaris;159105;159245;;Nematus miliaris
107770;Nematus myosotidis;159105;159246;;Nematus myosotidis
107771;Nematus nigricornis;159105;159247;;Nematus nigricornis
107772;Nematus ribesii;159105;159248;;Nematus ribesii
107773;Nematus spiraeae;159105;159249;;Nematus spiraeae
107774;Pachynematus clitellatus;159105;159250;;Pachynematus clitellatus
107775;Pachynematus gehrsi;159105;159251;;Pachynematus gehrsi
107776;Pachynematus imperfectus;159105;159252;;Pachynematus imperfectus
107777;Pachynematus montanus;159105;159253;;Pachynematus montanus
107778;Pachynematus obductus;159105;159254;;Pachynematus obductus
107779;Pachynematus ravidus;159105;159255;;Pachynematus ravidus
107780;Pachynematus rumicis;159105;159256;;Pachynematus rumicis
107781;Pachynematus scutellatus;159105;159257;;Pachynematus scutellatus
107782;Pachyprotasis antennata;159105;159258;;Pachyprotasis antennata
107783;Pachyprotasis rapae;159105;159259;;Pachyprotasis rapae
107784;Pachyprotasis simulans;159105;159260;;Pachyprotasis simulans
107785;Pachyprotasis variegata;159105;159261;;Pachyprotasis variegata
107786;Pamphilius balteatus;159105;159262;;Pamphilius balteatus
107787;Pamphilius betulae;159105;159263;;Pamphilius betulae
107788;Pamphilius lethierryi;159105;159264;;Pamphilius lethierryi
107789;Pamphilius marginatus;159105;159265;;Pamphilius marginatus
107790;Pamphilius neglectus;159105;159266;;Pamphilius neglectus
107791;Pamphilius pallipes;159105;159267;;Pamphilius pallipes
107792;Pamphilius sylvarum;159105;159268;;Pamphilius sylvarum
107793;Pamphilius sylvaticus;159105;159269;;Pamphilius sylvaticus
107794;Perineura rubi;159105;159270;;Perineura rubi
107795;Phymatocera aterrima;159105;159271;;Phymatocera aterrima
107796;Platycampus luridiventris;159105;159272;;Platycampus luridiventris
107797;Pontania leucapsis;159105;159273;;Pontania leucapsis
107798;Pontania leucosticta;159105;159274;;Pontania leucosticta
107799;Pontania pedunculi;159105;159275;;Pontania pedunculi
107800;Pontania vesicator;159105;159276;;Pontania vesicator
107801;Priophorus brullei;159105;159277;;Priophorus brullei
107802;Priophorus pallipes;159105;159278;;Priophorus pallipes
107803;Priophorus pilicornis;159105;159279;;Priophorus pilicornis
107804;Pristiphora abbreviata;159105;159280;;Pristiphora abbreviata
107805;Pristiphora ambigua;159105;159281;;Pristiphora ambigua
107806;Pristiphora carinata;159105;159282;;Pristiphora carinata
107807;Pristiphora compressa;159105;159283;;Pristiphora compressa
107808;Pristiphora conjugata;159105;159284;;Pristiphora conjugata
107809;Pristiphora laricis;159105;159285;;Pristiphora laricis
107810;Pristiphora leucopodius;159105;159286;;Pristiphora leucopodius
107811;Rhadinoceraea micans;159105;159287;;Rhadinoceraea micans
107812;Rhogogaster chlorosoma;159105;159288;;Rhogogaster chlorosoma
107813;Rhogogaster genistae;159105;159289;;Rhogogaster genistae
107814;Rhogogaster picta;159105;159290;;Rhogogaster picta
107815;Rhogogaster punctulata;159105;159291;;Rhogogaster punctulata
107816;Rhogogaster viridis;159105;159292;;Rhogogaster viridis
107817;Sciapteryx consobrina;159105;159293;;Sciapteryx consobrina
107818;Scolioneura betuleti;159105;159294;;Scolioneura betuleti
107819;Selandria foveifrons;159105;159295;;Selandria foveifrons
107820;Selandria serva;159105;159296;;Selandria serva
107821;Selandria sixii;159105;159297;;Selandria sixii
107822;Siobla sturmi;159105;159298;;Siobla sturmi
107823;Sirex juvencus;159105;159300;;Sirex juvencus
107824;Sterictophora geminata;159105;159301;;Sterictophora geminata
107825;Stethomostus fuliginosus;159105;159302;;Stethomostus fuliginosus
107826;Stethomostus funereus;159105;159303;;Stethomostus funereus
107827;Stromboceros delicatulus;159105;159304;;Stromboceros delicatulus
107828;Strongylogaster macula;159105;159305;;Strongylogaster macula
107829;Taxonus agrorum;159105;159306;;Taxonus agrorum
107830;Tenthredo albicornis;159105;159307;;Tenthredo albicornis
107831;Tenthredo amoena;159105;159308;;Tenthredo amoena
107832;Tenthredo arcuata;159105;159309;;Tenthredo arcuata
107833;Tenthredo atra;159105;159310;;Tenthredo atra
107834;Tenthredo balteata;159105;159311;;Tenthredo balteata
107835;Tenthredo bipunctula;159105;159312;;Tenthredo bipunctula
107836;Tenthredo colon;159105;159313;;Tenthredo colon
107837;Tenthredo ferruginea;159105;159314;;Tenthredo ferruginea
107838;Tenthredo flava;159105;159315;;Tenthredo flava
107839;Tenthredo koehleri;159105;159316;;Tenthredo koehleri
107840;Tenthredo livida;159105;159317;;Tenthredo livida
107841;Tenthredo maculata;159105;159318;;Tenthredo maculata
107842;Tenthredo mesomelas;159105;159319;;Tenthredo mesomelas
107843;Tenthredo mioceras;159105;159320;;Tenthredo mioceras
107844;Tenthredo olivacea;159105;159321;;Tenthredo olivacea
107845;Tenthredo rubricoxis;159105;159322;;Tenthredo rubricoxis
107846;Tenthredo scrophulariae;159105;159323;;Tenthredo scrophulariae
107847;Tenthredo temula;159105;159324;;Tenthredo temula
107848;Tenthredo velox;159105;159325;;Tenthredo velox
107849;Tenthredo vespa;159105;159326;;Tenthredo vespa
107850;Tenthredo zonula;159105;159327;;Tenthredo zonula
107851;Tenthredopsis coqueberti;159105;159328;;Tenthredopsis coqueberti
107852;Tenthredopsis excisa;159105;159329;;Tenthredopsis excisa
107853;Tenthredopsis friesei;159105;159330;;Tenthredopsis friesei
107854;Tenthredopsis lactiflua;159105;159331;;Tenthredopsis lactiflua
107855;Tenthredopsis litterata;159105;159332;;Tenthredopsis litterata
107856;Tenthredopsis nassata;159105;159333;;Tenthredopsis nassata
107857;Tenthredopsis parvula;159105;159334;;Tenthredopsis parvula
107858;Tenthredopsis sordida;159105;159335;;Tenthredopsis sordida
107859;Tenthredopsis stigma;159105;159336;;Tenthredopsis stigma
107860;Tenthredopsis tarsata;159105;159337;;Tenthredopsis tarsata
107861;Tenthredopsis tesselata;159105;159338;;Tenthredopsis tesselata
107862;Tenthredopsis tischbeini;159105;159339;;Tenthredopsis tischbeini
107863;Tomostethus nigritus;159105;159340;;Tomostethus nigritus
107864;Trichiocampus viminalis;159105;159341;;Trichiocampus viminalis
107865;Trichiosoma latreillei;159105;159342;;Trichiosoma latreillei
107866;Urocerus gigas;159105;159343;;Urocerus gigas
107867;Xeris spectrum;159105;159344;;Xeris spectrum
107868;Xiphydria camelus;159105;159345;;Xiphydria camelus
107869;Xiphydria longicollis;159105;159346;;Xiphydria longicollis
107870;Zaraea fasciata;159105;159347;;Zaraea fasciata
107871;Tagfalter;163212;164691;Tagfalter;Tagfalter – Tagfalter
107871;Tagfalter;204339;366097;Tagfalter;Tagfalter – Tagfalter
107874;Aglais urticae;164691;164692;Kleiner Fuchs;Kleiner Fuchs – Aglais urticae
107875;Polyommatus damon;164691;164693;Streifenbläuling;Streifenbläuling – Polyommatus damon
107876;Anthocharis cardamines;164691;164694;Aurorafalter;Aurorafalter – Anthocharis cardamines
107877;Apatura ilia;164691;164695;Kleiner Schillerfalter;Kleiner Schillerfalter – Apatura ilia
107878;Apatura iris;164691;164696;Großer Schlillerfalter;Großer Schlillerfalter – Apatura iris
107879;Apatura spec.;164691;164697;;Apatura spec.
107880;Aphantopus hyperantus;164691;164698;Brauner Waldvogel;Brauner Waldvogel – Aphantopus hyperantus
107881;Aporia crataegi;164691;164699;Baumweissling;Baumweissling – Aporia crataegi
107882;Araschnia levana;164691;164700;Landkärtchen;Landkärtchen – Araschnia levana
107885;Argynnis laodice;164691;164703;Perlmutterfalter;Perlmutterfalter – Argynnis laodice
107886;Argynnis paphia;164691;164704;Kaisermantel;Kaisermantel – Argynnis paphia
107887;Argynnis spec.;164691;164705;;Argynnis spec.
107888;Aricia agestis;164691;164706;Dunkelbrauner Bläuling;Dunkelbrauner Bläuling – Aricia agestis
107889;Boloria aquilonaris;164691;164707;Moor-Perlmutterfalter;Moor-Perlmutterfalter – Boloria aquilonaris
107890;Brenthis ino;164691;164708;Mädesüss-Perlmutterfalter;Mädesüss-Perlmutterfalter – Brenthis ino
107891;Callophrys rubi;164691;164709;Brombeer-Zipfelfalter;Brombeer-Zipfelfalter – Callophrys rubi
107892;Carterocephalus palaemon;164691;164710;Gelbwürfeliger Dickkopffalter;Gelbwürfeliger Dickkopffalter – Carterocephalus palaemon
107893;Celastrina argiolus;164691;164711;Faulbaumbläuling;Faulbaumbläuling – Celastrina argiolus
107895;Boloria dia;164691;164712;Hainveilchen-Perlmutterfalter;Hainveilchen-Perlmutterfalter – Boloria dia
107898;Coenonympha arcania;164691;164715;Perlgras-Wiesenvögelchen;Perlgras-Wiesenvögelchen – Coenonympha arcania
107899;Coenonympha hero;164691;164716;Waldwiesenvögelchen;Waldwiesenvögelchen – Coenonympha hero
107900;Coenonympha pamphilus;164691;164717;Kleiner Heufalter;Kleiner Heufalter – Coenonympha pamphilus
107901;Coenonympha spec.;164691;164718;;Coenonympha spec.
107902;Coenonympha tullia;164691;164719;Großer Moor-Heufalter;Großer Moor-Heufalter – Coenonympha tullia
107904;Colias croceus;164691;164721;Wandergelbling;Wandergelbling – Colias croceus
107905;Colias hyale;164691;164722;Gemeiner Heufalter;Gemeiner Heufalter – Colias hyale
107906;Colias palaeno;164691;164723;Moorgelbling;Moorgelbling – Colias palaeno
107907;Colias spec.;164691;164724;;Colias spec.
107908;Cupido minimus;164691;164725;Zwergbläuling;Zwergbläuling – Cupido minimus
107909;update;0;916826;;update
107912;Erebia aethiops;164691;164728;Mohrenfalter;Mohrenfalter – Erebia aethiops
107913;Erebia ligea;164691;164729;Großer Mohrenfalter;Großer Mohrenfalter – Erebia ligea
107914;Erebia medusa;164691;164730;Rundaugen-Mohrenfalter;Rundaugen-Mohrenfalter – Erebia medusa
107915;Erebia spec.;164691;164731;;Erebia spec.
107916;Erynnis tages;164691;164732;Kronwicken-Dickkopffalter;Kronwicken-Dickkopffalter – Erynnis tages
107917;Euphydryas aurinia;164691;164733;Skabiosen-Scheckenfalter;Skabiosen-Scheckenfalter – Euphydryas aurinia
107918;Euphydryas cynthia;164691;164734;Kleiner Alpen-Maivogel;Kleiner Alpen-Maivogel – Euphydryas cynthia
107919;Euphydryas maturna;164691;164735;Kleiner Maivogel;Kleiner Maivogel – Euphydryas maturna
107920;Argynnis adippe;164691;164736;Märzveilchenfalter;Märzveilchenfalter – Argynnis adippe
107921;Argynnis niobe;164691;164737;Mittlerer Perlmutterfalter;Mittlerer Perlmutterfalter – Argynnis niobe
107922;Glaucopsyche alexis;164691;164738;Alexis-Bläuling;Alexis-Bläuling – Glaucopsyche alexis
107923;Gonepteryx rhamni;164691;164739;Zitronenfalter;Zitronenfalter – Gonepteryx rhamni
107924;Heodes spec.;164691;164740;;Heodes spec.
107926;Hesperia comma;164691;164742;Kommafalter;Kommafalter – Hesperia comma
107927;Hesperia spec.;164691;164743;;Hesperia spec.
107928;Heteropterus morpheus;164691;164744;Spiegelfleck-Dickkopffalter;Spiegelfleck-Dickkopffalter – Heteropterus morpheus
107929;Hipparchia semele;164691;164745;Samtfalter;Samtfalter – Hipparchia semele
107930;Hyponephele lycaon;164691;164746;Kleines Ochsenauge;Kleines Ochsenauge – Hyponephele lycaon
107931;Inachis io;164691;164747;Tagpfauenauge;Tagpfauenauge – Inachis io
107932;Iphiclides podalirius;164691;164748;Segelfalter;Segelfalter – Iphiclides podalirius
107933;Issoria lathonia;164691;164749;Kleiner Perlmutterfalter;Kleiner Perlmutterfalter – Issoria lathonia
107934;Lasiommata maera;164691;164750;Braunauge;Braunauge – Lasiommata maera
107935;Lasiommata megera;164691;164751;Mauerfuchs;Mauerfuchs – Lasiommata megera
107936;Leptidea sinapis;164691;164752;Senfweissling;Senfweissling – Leptidea sinapis
107937;Limenitis camilla;164691;164753;Kleiner Eisvogel;Kleiner Eisvogel – Limenitis camilla
107938;Limenitis populi;164691;164754;Großer Eisvogel;Großer Eisvogel – Limenitis populi
107940;Lycaena dispar;164691;164756;Flussampfer-Dukatenfalter;Flussampfer-Dukatenfalter – Lycaena dispar
107941;Lycaena helle;164691;164757;Blauschillernder Feuerfalter;Blauschillernder Feuerfalter – Lycaena helle
107942;Lycaena phlaeas;164691;164758;Feuerfalter;Feuerfalter – Lycaena phlaeas
107943;Lycaena spec.;164691;164759;;Lycaena spec.
107944;Polyommatus bellargus;164691;164761;Himmelblauer Bläuling;Himmelblauer Bläuling – Polyommatus bellargus
107945;Polyommatus coridon;164691;164762;Silbergrauer Bläuling;Silbergrauer Bläuling – Polyommatus coridon
107946;Phengaris alcon;164691;164763;Lungenenzian-Bläuling;Lungenenzian-Bläuling – Phengaris alcon
107947;Phengaris arion;164691;164764;Thymian-Ameisenbläuling;Thymian-Ameisenbläuling – Phengaris arion
107948;Phengaris nausithous;164691;164765;Dunkler Wiesenknopf-Ameisenbläuling;Dunkler Wiesenknopf-Ameisenbläuling – Phengaris nausithous
107949;Phengaris rebeli;164691;164766;Kreuzenzian-Ameisenbläuling;Kreuzenzian-Ameisenbläuling – Phengaris rebeli
107950;Phengaris teleius;164691;164767;Heller Wiesenknopf-Ameisenbläuling;Heller Wiesenknopf-Ameisenbläuling – Phengaris teleius
107951;Maniola jurtina;164691;164768;Ochsenauge;Ochsenauge – Maniola jurtina
107952;Melanargia galathea;164691;164769;Schachbrettfalter;Schachbrettfalter – Melanargia galathea
107953;Melanargia spec.;164691;164770;;Melanargia spec.
107954;Melitaea athalia;164691;164771;Wachtelweizen-Scheckenfalter;Wachtelweizen-Scheckenfalter – Melitaea athalia
107955;Melitaea cinxia;164691;164772;Gemeiner Scheckenfalter;Gemeiner Scheckenfalter – Melitaea cinxia
107956;Melitaea didyma;164691;164774;Roter Scheckenfalter;Roter Scheckenfalter – Melitaea didyma
107958;Melitaea spec.;164691;164776;;Melitaea spec.
107959;Melitaea aurelia;164691;164777;Ehrenpreis-Scheckenfalter;Ehrenpreis-Scheckenfalter – Melitaea aurelia
107960;Melitaea diamina;164691;164778;Silberscheckenfalter;Silberscheckenfalter – Melitaea diamina
107964;Nymphalis antiopa;164691;164781;Trauermantel;Trauermantel – Nymphalis antiopa
107965;Nymphalis polychloros;164691;164782;Großer Fuchs;Großer Fuchs – Nymphalis polychloros
107966;Ochlodes spec.;164691;164783;;Ochlodes spec.
107969;Papilio machaon;164691;164786;Schwalbenschwanz;Schwalbenschwanz – Papilio machaon
107970;Pararge aegeria;164691;164787;Waldbrettspiel;Waldbrettspiel – Pararge aegeria
107972;Pieris brassicae;164691;164789;Großer Kohlweissling;Großer Kohlweissling – Pieris brassicae
107973;Pieris napi;164691;164790;Rapsweissling;Rapsweissling – Pieris napi
107974;Pieris rapae;164691;164791;Kleiner Kohlweissling;Kleiner Kohlweissling – Pieris rapae
107975;Pieris spec.;164691;164792;;Pieris spec.
107976;Plebejus argus;164691;164793;Geisskleebläuling;Geisskleebläuling – Plebejus argus
107976;update;0;916792;Geisskleebläuling;Geisskleebläuling – update
107977;Plebejus spec.;164691;164794;;Plebejus spec.
107978;Polyommatus dorylas;164691;164795;Steinklee-Bläuling;Steinklee-Bläuling – Polyommatus dorylas
107979;Polygonia c-album;164691;164796;C-Falter;C-Falter – Polygonia c-album
107980;Polyommatus amandus;164691;164797;Vogelwicken-Bläuling;Vogelwicken-Bläuling – Polyommatus amandus
107981;Polyommatus icarus;164691;164802;Gemeiner Bläuling;Gemeiner Bläuling – Polyommatus icarus
107984;Pyrgus alveus;164691;164807;Sonnenröschen-Würfeldickkopffalter;Sonnenröschen-Würfeldickkopffalter – Pyrgus alveus
107986;Pyrgus malvae;164691;164809;Malven-Würfelfalter;Malven-Würfelfalter – Pyrgus malvae
107987;Pyrgus serratulae;164691;164810;Schwarzbrauner Würfeldickkopffalter;Schwarzbrauner Würfeldickkopffalter – Pyrgus serratulae
107988;Pyronia tithonus;164691;164811;Rostbraunes Ochsenauge;Rostbraunes Ochsenauge – Pyronia tithonus
107989;Spialia sertorius;164691;164256;Roter Würfelfalter;Roter Würfelfalter – Spialia sertorius
107994;Thecla betulae;164691;164816;Nierenfleck;Nierenfleck – Thecla betulae
107997;Thymelicus spec.;164691;164820;;Thymelicus spec.
107999;Vanessa atalanta;164691;164823;Admiral;Admiral – Vanessa atalanta
108000;Vanessa cardui;164691;164824;Distelfalter;Distelfalter – Vanessa cardui
108001;Baeren, Spinner;163212;163213;;Baeren, Spinner
108002;Acherontia atropos;163213;163215;Totenkopfschwärmer;Totenkopfschwärmer – Acherontia atropos
108003;Adscita statices;163213;163218;Frischwiesen-Grünwidderchen;Frischwiesen-Grünwidderchen – Adscita statices
108005;Aglia tau;163213;163220;Nagelfleck;Nagelfleck – Aglia tau
108007;Amata phegea;163213;163222;Weissfleck-Widderchen;Weissfleck-Widderchen – Amata phegea
108008;Arctia caja;163213;163225;Brauner Bär;Brauner Bär – Arctia caja
108009;Arctia spec.;163213;163227;;Arctia spec.
108010;Arctornis l-nigrum;163213;163229;Schwarzes L;Schwarzes L – Arctornis l-nigrum
108011;Atolmis rubricollis;163213;163230;Rotkragen-Flechtenbärchen;Rotkragen-Flechtenbärchen – Atolmis rubricollis
108020;Cerura erminea;163213;163246;Weisser Gabelschwanz;Weisser Gabelschwanz – Cerura erminea
108021;Cerura vinula;163213;163247;Großer Gabelschwanz;Großer Gabelschwanz – Cerura vinula
108022;Chamaesphecia empiformis;163213;163248;Zypressenwolfsmilch-Glasflügler;Zypressenwolfsmilch-Glasflügler – Chamaesphecia empiformis
108023;Cilix glaucata;163213;163250;Silberspanner;Silberspanner – Cilix glaucata
108024;Clostera anachoreta;163213;163251;Schwarzfleck-Erpelschwanz;Schwarzfleck-Erpelschwanz – Clostera anachoreta
108025;Clostera anastomosis;163213;163252;Rostbrauner Erpelschwanz;Rostbrauner Erpelschwanz – Clostera anastomosis
108026;Clostera curtula;163213;163253;Erpelschwanz;Erpelschwanz – Clostera curtula
108029;Coscinia cribraria;163213;163256;Weisser Grasbär;Weisser Grasbär – Coscinia cribraria
108031;Cossus cossus;163213;163259;Weidenbohrer;Weidenbohrer – Cossus cossus
108036;Deilephila elpenor;163213;163271;Großer Weinschwärmer;Großer Weinschwärmer – Deilephila elpenor
108037;Deilephila porcellus;163213;163272;Kleiner Weinschwärmer;Kleiner Weinschwärmer – Deilephila porcellus
108038;Deilephila spec.;163213;163273;;Deilephila spec.
108039;Dendrolimus pini;163213;163274;Kiefernspinner;Kiefernspinner – Dendrolimus pini
108040;Diacrisia sannio;163213;163275;Rotrandbär;Rotrandbär – Diacrisia sannio
108041;Diloba caeruleocephala;163498;163278;;Diloba caeruleocephala
108044;Drepana curvatula;163213;163282;Erlen-Sichelflügler;Erlen-Sichelflügler – Drepana curvatula
108045;Drepana falcataria;163213;163283;Sichelspinner;Sichelspinner – Drepana falcataria
108047;Drymonia querna;163213;163287;Weissbinden-Zahnspinner;Weissbinden-Zahnspinner – Drymonia querna
108048;Drymonia ruficornis;163213;163288;Dunkelgrauer Zahnspinner;Dunkelgrauer Zahnspinner – Drymonia ruficornis
108050;Eilema complana;163213;163291;Flechtenspeinner;Flechtenspeinner – Eilema complana
108051;Eilema depressa;163213;163292;Nadelwald-Flechtenbärchen;Nadelwald-Flechtenbärchen – Eilema depressa
108052;Eilema griseola;163213;163293;Bleigraues Flechtenbärchen;Bleigraues Flechtenbärchen – Eilema griseola
108053;Eilema lutarella;163213;163295;Dunkelstirniges Flechtenbärchen;Dunkelstirniges Flechtenbärchen – Eilema lutarella
108054;Endromis versicolora;163213;163296;Birkenspinner;Birkenspinner – Endromis versicolora
108057;Eriogaster lanestris;163213;163302;Wollafter;Wollafter – Eriogaster lanestris
108059;Euproctis chrysorrhoea;163213;163305;Goldafter;Goldafter – Euproctis chrysorrhoea
108060;Euproctis similis;163213;163306;Heller Goldfalter;Heller Goldfalter – Euproctis similis
108061;Gastropacha populifolia;163213;163312;Pappelglucke;Pappelglucke – Gastropacha populifolia
108062;Gastropacha quercifolia;163213;163313;Kupferglucke;Kupferglucke – Gastropacha quercifolia
108063;Gluphisia crenata;163213;163314;Pappelauen-Zahnspinner;Pappelauen-Zahnspinner – Gluphisia crenata
108065;Hemaris fuciformis;163213;163319;Hummelschwärmer;Hummelschwärmer – Hemaris fuciformis
108066;Hemaris tityus;163213;163320;Skabiosenschwärmer;Skabiosenschwärmer – Hemaris tityus
108068;Hepialus humuli;163213;163322;Hopfen-Wurzelbohrer;Hopfen-Wurzelbohrer – Hepialus humuli
108070;Heterogenea asella;163213;163324;Kleiner Asselspinner;Kleiner Asselspinner – Heterogenea asella
108074;Hyloicus pinastri;163213;163332;Kiefernschwärmer;Kiefernschwärmer – Hyloicus pinastri
108075;Hyphoraia aulica;163213;163333;Hofdame;Hofdame – Hyphoraia aulica
108076;Jordanita globulariae;163213;163334;Flockenblumen-Grünwidderchen;Flockenblumen-Grünwidderchen – Jordanita globulariae
108077;Laothoe populi;163213;163337;Pappelschwärmer;Pappelschwärmer – Laothoe populi
108078;Lasiocampa quercus;163213;163338;Eichenspinner;Eichenspinner – Lasiocampa quercus
108079;Lemonia dumi;163213;163340;Habichtskrautspinner;Habichtskrautspinner – Lemonia dumi
108080;Leucodonta bicoloria;163213;163341;Weisser Zahnspinner;Weisser Zahnspinner – Leucodonta bicoloria
108085;Lymantria dispar;163213;163348;Schwammspinner;Schwammspinner – Lymantria dispar
108086;Macroglossum stellatarum;163213;163350;Taubenschwänzchen;Taubenschwänzchen – Macroglossum stellatarum
108087;Malacosoma castrensis;163213;163352;Wolfsmilch-Ringelspinner;Wolfsmilch-Ringelspinner – Malacosoma castrensis
108088;Malacosoma neustria;163213;163353;Ringelspinner;Ringelspinner – Malacosoma neustria
108089;Meganola albula;163213;163355;Eichenbärchen;Eichenbärchen – Meganola albula
108091;Miltochrista miniata;163213;163358;Rosen-Flechtenbärchen;Rosen-Flechtenbärchen – Miltochrista miniata
108092;Mimas tiliae;163213;163359;Lindenschwärmer;Lindenschwärmer – Mimas tiliae
108094;Nola confusalis;163213;163363;Grauspinnerchen;Grauspinnerchen – Nola confusalis
108095;Nola cucullatella;163213;163365;Violettgraues Graueulchen;Violettgraues Graueulchen – Nola cucullatella
108096;Notodonta dromedarius;163213;163367;Erlenzahnspinner;Erlenzahnspinner – Notodonta dromedarius
108098;Notodonta torva;163213;163368;Gelbbrauner Zahnspinner;Gelbbrauner Zahnspinner – Notodonta torva
108099;Notodonta ziczac;163213;163370;Zickzackspinner;Zickzackspinner – Notodonta ziczac
108100;Nudaria mundana;163213;163371;Blankflügel-Flechtenbärchen;Blankflügel-Flechtenbärchen – Nudaria mundana
108104;Odonestis pruni;163213;163375;Pflaumenglucke;Pflaumenglucke – Odonestis pruni
108105;Odontosia carmelita;163213;163376;Mönch-Zahnspinner;Mönch-Zahnspinner – Odontosia carmelita
108108;Orgyia recens;163213;163380;Eckfleck;Eckfleck – Orgyia recens
108110;Pachythelia villosella;163213;163382;;Pachythelia villosella
108116;Parasemia plantaginis;163213;163389;Wegerichbär;Wegerichbär – Parasemia plantaginis
108117;Pelosia muscerda;163213;163390;Erlenmoor-Flechtenbärchen;Erlenmoor-Flechtenbärchen – Pelosia muscerda
108118;Pelosia obtusa;163213;163391;Schilf-Flechtenbärchen;Schilf-Flechtenbärchen – Pelosia obtusa
108120;Peridea anceps;163213;163394;Eichenzahnspinner;Eichenzahnspinner – Peridea anceps
108122;Phalera bucephala;163213;163397;Mondvogel;Mondvogel – Phalera bucephala
108123;Pharmacis fusconebulosa;163213;163398;Adlerfarn-Wurzelbohrer;Adlerfarn-Wurzelbohrer – Pharmacis fusconebulosa
108125;Pheosia tremula;163213;163400;Pappelzahnspinner;Pappelzahnspinner – Pheosia tremula
108128;Phragmataecia castaneae;163213;163402;Schilf-Rohrbohrer;Schilf-Rohrbohrer – Phragmataecia castaneae
108129;Phragmatobia fuliginosa;163213;163403;Zimtbär;Zimtbär – Phragmatobia fuliginosa
108133;Polyploca ridens;163213;163410;Moosgrüner Eulenspinner;Moosgrüner Eulenspinner – Polyploca ridens
108135;Procris spec.;163213;163412;;Procris spec.
108137;Proserpinus proserpina;163213;163414;Nachtkerzenschwärmer;Nachtkerzenschwärmer – Proserpinus proserpina
108138;Pterophorus spec.;163213;163418;Federmotten;Federmotten – Pterophorus spec.
108139;Pterostoma palpina;163213;163419;Schauzenspinner;Schauzenspinner – Pterostoma palpina
108140;Ptilophora plumigera;163213;163423;Haarschuppen-Zahnspinner;Haarschuppen-Zahnspinner – Ptilophora plumigera
108141;Rebelia herrichiella;163213;163425;Flockiger Sackträger;Flockiger Sackträger – Rebelia herrichiella
108142;Rhagades pruni;163213;163427;Heide-Grünwidderchen;Heide-Grünwidderchen – Rhagades pruni
108143;Rhyparia purpurata;163213;163428;Heide-Purpurbär;Heide-Purpurbär – Rhyparia purpurata
108147;Sesia apiformis;163213;163434;Bienglasflügler;Bienglasflügler – Sesia apiformis
108149;Smerinthus ocellata;163213;163440;Abendpfauenauge;Abendpfauenauge – Smerinthus ocellata
108152;Sphinx ligustri;163213;163444;Liguster-Rindeneule;Liguster-Rindeneule – Sphinx ligustri
108153;Spilosoma lubricipeda;163213;163445;Gelbe Tigermotte;Gelbe Tigermotte – Spilosoma lubricipeda
108155;Spilosoma urticae;163213;163447;Nesselbär;Nesselbär – Spilosoma urticae
108156;Stauropus fagi;163213;163449;Buchen-Zahnspinner;Buchen-Zahnspinner – Stauropus fagi
108158;Synanthedon culiciformis;163213;163454;Birkenglasflügler;Birkenglasflügler – Synanthedon culiciformis
108159;Synanthedon formicaeformis;163213;163455;Weidenglasflügler;Weidenglasflügler – Synanthedon formicaeformis
108160;Synanthedon myopaeformis;163213;163456;Apfelbaumglasflügler;Apfelbaumglasflügler – Synanthedon myopaeformis
108161;Synanthedon spheciformis;163213;163458;Erlenglasflügler;Erlenglasflügler – Synanthedon spheciformis
108162;Synanthedon tipuliformis;163213;163460;Johannisbeerglasflügler;Johannisbeerglasflügler – Synanthedon tipuliformis
108163;Synanthedon vespiformis;163213;163461;Eichenglasflügler;Eichenglasflügler – Synanthedon vespiformis
108164;Andrena chrysopyga;158763;159094;;Andrena chrysopyga
108167;Thaumetopoea processionea;163213;163469;Eichen-Prozessionsspinner;Eichen-Prozessionsspinner – Thaumetopoea processionea
108171;Thyatira batis;163213;163474;Roseneule;Roseneule – Thyatira batis
108173;Thyris fenestrella;163213;163476;Fensterschwärmerchen;Fensterschwärmerchen – Thyris fenestrella
108174;Trichiura crataegi;163213;163477;Weissdornspinner;Weissdornspinner – Trichiura crataegi
108176;Zeuzera pyrina;163213;163484;Blausieb;Blausieb – Zeuzera pyrina
108178;Zygaena ephialtes;163213;163487;Veränderliches Widderchen;Veränderliches Widderchen – Zygaena ephialtes
108179;Zygaena filipendulae;163213;163488;Gemeines Blutröpfchen;Gemeines Blutröpfchen – Zygaena filipendulae
108180;Zygaena lonicerae;163213;163489;Klee-Widderchen;Klee-Widderchen – Zygaena lonicerae
108182;Zygaena spec.;163213;163494;;Zygaena spec.
108183;Eulenfalter;163212;163498;;Eulenfalter
108184;Abrostola asclepiadis;163498;163499;Schwalbenwurz-Höckereule;Schwalbenwurz-Höckereule – Abrostola asclepiadis
108185;Abrostola triplasia;163498;163501;Dunkelgraue Nessel-Höckereule;Dunkelgraue Nessel-Höckereule – Abrostola triplasia
108187;Acronicta aceris;163498;163504;Ahorneule;Ahorneule – Acronicta aceris
108188;Acronicta leporina;163498;163509;Woll-Rindeneule;Woll-Rindeneule – Acronicta leporina
108190;Actinotia polyodon;163498;163519;Vielzahn-Johanniskrauteule;Vielzahn-Johanniskrauteule – Actinotia polyodon
108191;Aedia funesta;163498;163520;Trauereule;Trauereule – Aedia funesta
108192;Agrochola litura;163498;163526;Schwarzgefleckte Herbsteule;Schwarzgefleckte Herbsteule – Agrochola litura
108193;Agrochola lota;163498;163527;Dunkelgraue Herbsteule;Dunkelgraue Herbsteule – Agrochola lota
108194;Agrochola macilenta;163498;163529;;Agrochola macilenta
108195;Agrochola nitida;163498;163530;Rotbraune Herbsteule;Rotbraune Herbsteule – Agrochola nitida
108201;Allophyes oxyacanthae;163498;163540;Weissdorneule;Weissdorneule – Allophyes oxyacanthae
108208;Ammoconia caecimacula;163498;163547;Graubraune Frühherbsteule;Graubraune Frühherbsteule – Ammoconia caecimacula
108209;Amphipoea fucosa;163498;163548;;Amphipoea fucosa
108210;Amphipoea lucens;163498;163549;;Amphipoea lucens
108211;Amphipyra pyramidea;163498;163554;Pyramideneule;Pyramideneule – Amphipyra pyramidea
108214;Anarta myrtilli;163498;163559;Heidekrauteulchen;Heidekrauteulchen – Anarta myrtilli
108215;Antitype chi;163498;163560;Chi-Eule;Chi-Eule – Antitype chi
136968;floricole Insekten;204339;404457;floricole Insekten;floricole Insekten – floricole Insekten
136969;Limnofauna;204339;404458;Limnofauna;Limnofauna – Limnofauna
136970;Heidearten;204339;404459;Heidearten;Heidearten – Heidearten
136976;Atheta vaga;159617;479114;;Atheta vaga
136977;Bisnius fimetarius;159617;479115;;Bisnius fimetarius
136978;Bisnius subuliformis;159617;479116;;Bisnius subuliformis
136979;Dropephylla ioptera;159617;479117;;Dropephylla ioptera
136980;Eusphalerum semicoleoptratum;159617;479118;;Eusphalerum semicoleoptratum
136981;Hypnogyra angularis;159617;479119;;Hypnogyra angularis
136982;Lathrimaeum atrocephalum;159617;479120;;Lathrimaeum atrocephalum
136986;Phloeostiba plana;159617;479121;;Phloeostiba plana
136987;Acalles micros;161165;479122;;Acalles micros
136988;Adexius scrobipennis;161165;479123;;Adexius scrobipennis
136989;Anaspis fasciata;161165;479124;;Anaspis fasciata
136990;Anthonomus rectirostris;161165;479125;;Anthonomus rectirostris
136991;Anthribus nebulosus;161165;479126;;Anthribus nebulosus
136992;Archarius salicivorus;161165;479127;;Archarius salicivorus
136993;Cercyon unipustulatus;161165;479128;;Cercyon unipustulatus
136994;Cis submicans;161165;479129;;Cis submicans
136995;Clypastraea pusilla;161165;479130;;Clypastraea pusilla
136996;Coeliodes transversealbofascia;161165;479131;;Coeliodes transversealbofascia
136997;Dasytes caeruleus;161165;479132;;Dasytes caeruleus
136998;Dendroxena quadrimaculata;161165;479133;;Dendroxena quadrimaculata
136999;Dienerella vincenti;161165;479134;;Dienerella vincenti
137000;Elateroides dermestoides;161165;479135;;Elateroides dermestoides
137001;Gastrallus immarginatus;161165;479136;;Gastrallus immarginatus
137002;Glaphyra umbellatarum;161165;479137;;Glaphyra umbellatarum
137003;Hadrobregmus denticolle;161165;479138;;Hadrobregmus denticolle
137004;Hemicoelus canaliculatus;161165;479139;;Hemicoelus canaliculatus
137005;Hemicoelus costatum;161165;479140;;Hemicoelus costatum
137006;Hemicoelus fulvicorne;161165;479141;;Hemicoelus fulvicorne
137007;Hyperisus plumbeum;161165;479142;;Hyperisus plumbeum
137008;Involvulus cupreus;161165;479143;;Involvulus cupreus
137009;Kyklioacalles navieresi;161165;479144;;Kyklioacalles navieresi
137010;Leiopus femoratus;161165;479145;;Leiopus femoratus
137011;Lionius poneli;161165;479146;;Lionius poneli
137012;Malthinus flaveolus;161165;479147;;Malthinus flaveolus
137013;Malthinus moravicus;161165;479148;;Malthinus moravicus
137014;Megasternum concinnum;161165;479149;;Megasternum concinnum
137030;Melanotus villosus;161165;479150;;Melanotus villosus
137340;Microrhagus lepidus;161165;479151;;Microrhagus lepidus
137341;Neocoenorrhinus aeneovirens;161165;479152;;Neocoenorrhinus aeneovirens
137342;Neocoenorrhinus interpunctatus;161165;479153;;Neocoenorrhinus interpunctatus
137343;Nicrophorus investigator;161165;479154;;Nicrophorus investigator
137344;Nicrophorus vespillo;161165;479155;;Nicrophorus vespillo
137345;Nicrophorus vespilloides;161165;479156;;Nicrophorus vespilloides
137346;Orchestes fagi;161165;479157;;Orchestes fagi
137347;Orchestes quercus;161165;479158;;Orchestes quercus
137349;Phyllobius glaucus;161165;479159;;Phyllobius glaucus
137350;Platystomos albinus;161165;479160;;Platystomos albinus
137351;Podistra rufotestacea;161165;479161;;Podistra rufotestacea
137353;Poecilium alni;161165;479162;;Poecilium alni
137354;Poecilium rufipes;161165;479163;;Poecilium rufipes
137355;Polydrusus tereticollis;161165;479164;;Polydrusus tereticollis
137356;Protaetia metallica;161165;479165;;Protaetia metallica
137357;Ptinomorphus imperialis;161165;479166;;Ptinomorphus imperialis
137358;Rhopalodontus perforatus;161165;479167;;Rhopalodontus perforatus
137359;Ruteria hypocrita;161165;479168;;Ruteria hypocrita
137360;Rutpela maculata;161165;479169;;Rutpela maculata
137361;Stictoleptura maculicornis;161165;479170;;Stictoleptura maculicornis
137362;Stictoleptura rubra;161165;479171;;Stictoleptura rubra
137363;Stictoleptura scutellata;161165;479172;;Stictoleptura scutellata
137364;Synchita undata;161165;479173;;Synchita undata
137365;Synchita variegatus;161165;479174;;Synchita variegatus
137366;Trixagus meybohmi;161165;479175;;Trixagus meybohmi
144495;Euclidia glyphica;163498;163728;Braune Tageule;Braune Tageule – Euclidia glyphica
144496;Sorex coronatus;163127;163175;Schabrackenspitzmaus;Schabrackenspitzmaus – Sorex coronatus
144534;Agonum fuliginosum;160553;160578;;Agonum fuliginosum
144535;Cheilosia impressa;166256;166333;;Cheilosia impressa
144536;Cheilosia lenis;166256;166335;;Cheilosia lenis
144537;Cheilosia orthotricha;166256;166338;;Cheilosia orthotricha
144539;Cheilosia scutellata;166256;166342;;Cheilosia scutellata
144540;Cheilosia semifasciata;166256;166343;;Cheilosia semifasciata
144541;Cheilosia variabilis;166256;166345;;Cheilosia variabilis
144542;Cheilosia velutina;166256;166346;;Cheilosia velutina
144543;Chrysogaster lucida;166256;166352;;Chrysogaster lucida
144544;Epistrophe grossulariae;166256;166429;;Epistrophe grossulariae
144545;Eristalis tenax var. campestris;166256;166449;;Eristalis tenax var. campestris
144546;Fagisyrphus cinctus;166256;166461;;Fagisyrphus cinctus
144547;Helophilus hybridus;166256;166488;;Helophilus hybridus
144548;Neoascia meticulosa;166256;166619;;Neoascia meticulosa
144549;Parasyrphus macularis;166256;166642;;Parasyrphus macularis
144550;Parasyrphus malinellus;166256;166643;;Parasyrphus malinellus
144551;Parasyrphus punctulatus;166256;166644;;Parasyrphus punctulatus
144552;Pipiza austriaca;166256;166681;;Pipiza austriaca
144553;Platycheirus ovalis;166256;166693;;Platycheirus ovalis
144554;Sphegina clunipes;166256;166750;;Sphegina clunipes
144555;Sphegina sibirica;166256;166751;;Sphegina sibirica
144556;Xanthandrus comtus;166256;166786;;Xanthandrus comtus
144557;Andrena carantonica;158763;158773;;Andrena carantonica
144558;Andrena polita;158763;158819;;Andrena polita
144559;Andrena synadelpha;158763;158830;;Andrena synadelpha
144560;Anthophora plumipes;158763;158848;;Anthophora plumipes
144561;Chelostoma rapunculi;158763;158884;;Chelostoma rapunculi
144562;Coelioxys mandibularis;158763;158889;;Coelioxys mandibularis
144563;Megachile genalis;158763;158905;;Megachile genalis
144564;Halictus simplex;158763;158912;;Halictus simplex
144565;Lasioglossum lineare;158763;158944;;Lasioglossum lineare
144566;Lasioglossum pygmaeum;158763;158957;;Lasioglossum pygmaeum
144567;Nomada atroscutellaris;158763;158995;;Nomada atroscutellaris
144568;Nomada facilis;158763;159010;;Nomada facilis
144569;Nomada fulvicornis;158763;159016;;Nomada fulvicornis
144570;Nomada ruficornis;158763;159032;;Nomada ruficornis
144571;Sphecodes spinulosus;158763;159089;;Sphecodes spinulosus
144572;Hedychrum rutilans;708822;159484;;Hedychrum rutilans
144573;Holopyga generosa;708822;159485;;Holopyga generosa
144574;Mimesa bruxellensis;708822;159498;;Mimesa bruxellensis
144575;Pseudomalus pusillus;708822;159520;;Pseudomalus pusillus
144576;Passaloecus pictus;708822;159537;;Passaloecus pictus
144577;Sapygina decemguttata;708822;159584;;Sapygina decemguttata
144590;Chloroperlidae-Larven;165789;165795;;Chloroperlidae-Larven
144591;Perlidae-Larven;165789;165822;;Perlidae-Larven
144592;Baetidae-Larven;158540;158541;;Baetidae-Larven
144593;Caenidae-Larven;158540;158551;;Caenidae-Larven
144594;Ephemerellidae-Larven;158540;158573;;Ephemerellidae-Larven
144595;Ephemeridae-Larven;158540;158574;;Ephemeridae-Larven
144596;Heptageniidae-Larven;158540;158585;;Heptageniidae-Larven
144597;Isonychiidae-Larven;158540;158586;;Isonychiidae-Larven
144598;Leptophlebiidae-Larven;158540;158591;;Leptophlebiidae-Larven
144599;Oligoneuriidae-Larven;158540;158592;;Oligoneuriidae-Larven
144600;Palingeniidae-Larven;158540;158593;;Palingeniidae-Larven
144601;Polymitarcidae-Larven;158540;158597;;Polymitarcidae-Larven
144602;Potamanthidae-Larven;158540;158598;;Potamanthidae-Larven
144603;Siphlonuridae-Larven;158540;158603;;Siphlonuridae-Larven
144604;Capniidae-Larven;165789;165792;;Capniidae-Larven
144605;Leuctridae-Larven;165789;165809;;Leuctridae-Larven
144606;Nemouridae-Larven;165789;165816;;Nemouridae-Larven
144607;Perlodidae-Larven;165789;165825;;Perlodidae-Larven
144608;Taeniopterygidae-Larven;165789;165830;;Taeniopterygidae-Larven
149486;Beraeidae-Larven;708823;162670;;Beraeidae-Larven
149487;Brachycentridae-Larven;708823;162673;;Brachycentridae-Larven
149488;Glossosomatidae-Larven;708823;162716;;Glossosomatidae-Larven
149489;Goeridae-Larven;708823;162720;;Goeridae-Larven
149490;Hydropsychidae-Larven;708823;162750;;Hydropsychidae-Larven
149491;Hydroptilidae-Larven;708823;162759;;Hydroptilidae-Larven
149492;Ecnomidae-Larven;708823;162706;;Ecnomidae-Larven
149493;Lepidostomatidae-Larven;708823;162765;;Lepidostomatidae-Larven
149494;Leptoceridae-Larven;708823;162766;;Leptoceridae-Larven
149495;Limnephilidae-Larven;708823;162769;;Limnephilidae-Larven
149496;Molannidae-Larven;708823;162814;;Molannidae-Larven
149497;Odontoceridae-Larven;708823;162822;;Odontoceridae-Larven
149498;Philopotamidae-Larven;708823;162840;;Philopotamidae-Larven
149499;Phryganeidae-Larven;708823;162848;;Phryganeidae-Larven
149500;Polycentropidae-Larven;708823;162853;;Polycentropidae-Larven
149501;Psychomyiidae-Larven;708823;162865;;Psychomyiidae-Larven
149502;Rhyacophilidae-Larven;708823;162879;;Rhyacophilidae-Larven
149503;Sericostomatidae-Larven;708823;162883;;Sericostomatidae-Larven
149504;Thremmatidae-Larven;708823;162895;;Thremmatidae-Larven
149506;Aeshnidae-Larven;162960;162970;;Aeshnidae-Larven
149507;Calopterygidae-Larven;162960;162975;;Calopterygidae-Larven
149508;Coenagrionidae-Larven;162960;162991;;Coenagrionidae-Larven
149509;Cordulegastridae-Larven;162960;162995;;Cordulegastridae-Larven
149510;Corduliidae-Larven;162960;162997;;Corduliidae-Larven
149511;Gomphidae-Larven;162960;163004;;Gomphidae-Larven
149512;Lestidae-Larven;162960;163016;;Lestidae-Larven
149513;Libellulidae-Larven;162960;163027;;Libellulidae-Larven
149514;Platycnemididae-Larven;162960;163036;;Platycnemididae-Larven
151909;Hautflügler;nan;158741;;Hautflügler
151910;Käfer;204339;245514;Käfer;Käfer – Käfer
151910;Käfer;nan;159616;Käfer;Käfer – Käfer
151911;Plattwürmer;nan;163077;;Plattwürmer
151912;Ringelwürmer;nan;163094;;Ringelwürmer
151913;Schlammfliegen;nan;163196;;Schlammfliegen
151914;Schlauchwürmer;nan;163200;;Schlauchwürmer
151915;Schmetterlinge;204339;245516;Lepidoptera;Lepidoptera – Schmetterlinge
151915;Schmetterlinge;nan;163212;Lepidoptera;Lepidoptera – Schmetterlinge
151916;Schnurwürmer;nan;165097;;Schnurwürmer
151917;Rana lessonae;158512;158523;Kleiner Wasserfrosch;Kleiner Wasserfrosch – Rana lessonae
151918;Rana kl. esculenta;158512;158534;Teichfrosch;Teichfrosch – Rana kl. esculenta
151919;Rana esculenta-Synklepton;158512;158537;Wasserfrosch-Komplex;Wasserfrosch-Komplex – Rana esculenta-Synklepton
151920;Baetis buceratus;158540;158543;;Baetis buceratus
151921;Baetis fuscatus;158540;158544;;Baetis fuscatus
151922;Baetis scambus;158540;158548;;Baetis scambus
151923;Baetis vernus;158540;158550;;Baetis vernus
151924;Cloeon simile;158540;158557;;Cloeon simile
151926;Ephoron virgo;158540;158575;;Ephoron virgo
151927;Heptagenia sulphurea;158540;158584;;Heptagenia sulphurea
151928;Romanogobio belingi;158605;158662;Weissflossengründling;Weissflossengründling – Romanogobio belingi
151929;Leptophyes albovittata;158667;158695;Gestreifte Zartschrecke;Gestreifte Zartschrecke – Leptophyes albovittata
151930;Meconema meridionale;158667;158698;Südliche Eichenschrecke;Südliche Eichenschrecke – Meconema meridionale
151931;Myrmecophila acervorum;158667;158703;Ameisengrille;Ameisengrille – Myrmecophila acervorum
151932;Omocestus rufipes;158667;158710;Buntbäuchiger Grashüpfer;Buntbäuchiger Grashüpfer – Omocestus rufipes
151933;Weitere Stechimmen;158741;159348;;Weitere Stechimmen
151934;Megachile willughbiella;158763;158994;;Megachile willughbiella
151935;Nitela borealis;708822;159509;;Nitela borealis
151936;Agonum gracile;160553;160579;Zierlicher Flachläufer;Zierlicher Flachläufer – Agonum gracile
151937;Agonum micans;160553;160585;Ufer-Flachläufer;Ufer-Flachläufer – Agonum micans
151938;Agonum monachum;160553;160587;;Agonum monachum
151939;Agonum munsteri;160553;160589;;Agonum munsteri
151940;Agonum scitulum;160553;160592;;Agonum scitulum
151941;Bembidion tetragrammum;160553;160755;;Bembidion tetragrammum
151942;Blemus discus;160553;160764;Quergebänderter Haarflinkläufer;Quergebänderter Haarflinkläufer – Blemus discus
151943;Carabus arvensis;160553;160793;Hügel-Laufkäfer;Hügel-Laufkäfer – Carabus arvensis
151944;Chlaenius olivieri;160553;160824;Gelbrandiger Sammetläufer;Gelbrandiger Sammetläufer – Chlaenius olivieri
151945;Cicindela sylvatica;160553;160839;Heide-Sandlaufkäfer;Heide-Sandlaufkäfer – Cicindela sylvatica
151946;Cylindera germanica;160553;160848;Deutscher Sandlaufkäfer;Deutscher Sandlaufkäfer – Cylindera germanica
151948;Harpalus signaticornis;160553;160952;Kleiner Haarschnelläufer;Kleiner Haarschnelläufer – Harpalus signaticornis
151949;Olisthopus rotundatus;160553;161019;Sand-Glattfussläufer;Sand-Glattfussläufer – Olisthopus rotundatus
151950;Paradromius linearis;160553;161045;Geriffelter Rindenläufer;Geriffelter Rindenläufer – Paradromius linearis
151951;Paradromius longiceps;160553;161046;Langköpfiger Rindenläufer;Langköpfiger Rindenläufer – Paradromius longiceps
151952;Pterostichus minor;160553;161102;Sumpf-Grabläufer;Sumpf-Grabläufer – Pterostichus minor
151953;Agabus undulatus;161165;161222;;Agabus undulatus
151954;Agrilus viridicaerulans subsp. rubi;161165;161242;;Agrilus viridicaerulans subsp. rubi
151955;Donacia thalassina;161165;161714;;Donacia thalassina
151956;Haliplus confinis;161165;161857;;Haliplus confinis
151957;Haliplus obliquus;161165;161862;;Haliplus obliquus
151958;Helochares spec.;161165;161880;;Helochares spec.
151959;Hydroporus memnonius;161165;161942;;Hydroporus memnonius
151960;Oreodytes sanmarkii;161165;162299;;Oreodytes sanmarkii
151961;Suphrodytes dorsalis;161165;162562;;Suphrodytes dorsalis
151963;Ceraclea albimacula;708823;162677;;Ceraclea albimacula
151964;Bryozoa spec.;162911;162912;;Bryozoa spec.
151965;Fredericella sultana;162911;162913;;Fredericella sultana
151966;Astacus astacus;162915;162918;Edelkrebs;Edelkrebs – Astacus astacus
151967;Astacus spec.;162915;162919;;Astacus spec.
151969;Austropotamobius torrentium;162915;162922;Steinkrebs;Steinkrebs – Austropotamobius torrentium
151970;Ceriodaphnia rotunda;162915;162923;;Ceriodaphnia rotunda
151971;Chaetogammarus ischnus;162915;162924;;Chaetogammarus ischnus
151972;Chydorus sphaericus;162915;162925;;Chydorus sphaericus
151973;Corophium curvispinum;162915;162926;Schlickkrebs;Schlickkrebs – Corophium curvispinum
151974;Corophium spec.;162915;162927;;Corophium spec.
151975;Dikerogammarus villosus;162915;162932;Großer Höckerflohkrebs;Großer Höckerflohkrebs – Dikerogammarus villosus
151976;Echinogammarus berilloni;162915;162933;;Echinogammarus berilloni
151977;Eriocheir sinensis;162915;162934;Chinesische Wollhandkrabbe;Chinesische Wollhandkrabbe – Eriocheir sinensis
151978;Eucyclops serrulatus;162915;162935;;Eucyclops serrulatus
151979;Gammarus tigrinus;162915;162940;;Gammarus tigrinus
151980;Jaera istri;162915;162941;;Jaera istri
151981;Orconectes limosus;162915;162951;Kamberkrebs;Kamberkrebs – Orconectes limosus
151982;Paracyclops poppei;162915;162952;;Paracyclops poppei
151983;Proasellus coxalis;162915;162956;;Proasellus coxalis
151984;Simocephalus exspinosus;162915;162957;;Simocephalus exspinosus
151985;Cercion lindenii;162960;162979;Pokal-Azurjungfer;Pokal-Azurjungfer – Cercion lindenii
151987;Cordulegaster bidentata;162960;162992;Gestreifte Quelljungfer;Gestreifte Quelljungfer – Cordulegaster bidentata
151988;Cordulegaster boltonii;162960;162993;Zweigestreifte Quelljungfer;Zweigestreifte Quelljungfer – Cordulegaster boltonii
151989;Lestes spec.;162960;163013;;Lestes spec.
151990;Leucorrhinia albifrons;162960;163017;Östliche Moosjungfer;Östliche Moosjungfer – Leucorrhinia albifrons
151991;Leucorrhinia caudalis;162960;163018;Zierliche Moosjungfer;Zierliche Moosjungfer – Leucorrhinia caudalis
151992;Oxygastra curtisii;162960;163035;Gekielte Smaragdlibelle;Gekielte Smaragdlibelle – Oxygastra curtisii
151993;Stylurus flavipes;162960;163042;Asiatische Keiljungfer;Asiatische Keiljungfer – Stylurus flavipes
151994;Sympecma spec.;162960;163045;;Sympecma spec.
151995;Cordylophora caspia;163055;163056;;Cordylophora caspia
151996;Ascalaphidae-Larven;163060;163061;;Ascalaphidae-Larven
151997;Chrysopidae-Larven;163060;163066;;Chrysopidae-Larven
151998;Coniopterygidae-Larven;163060;163067;;Coniopterygidae-Larven
151999;Hemerobiidae-Larven;163060;163068;;Hemerobiidae-Larven
152000;Mantispidae-Larven;163060;163069;;Mantispidae-Larven
152001;Myrmeleontidae-Larven;163060;163071;;Myrmeleontidae-Larven
152002;Osmylidae-Larven;163060;163072;;Osmylidae-Larven
152003;Sisyridae-Larven;163060;163076;;Sisyridae-Larven
152004;Bdellocephala punctata;163077;163078;;Bdellocephala punctata
152005;Dendrocoelum romanodanubiale;163077;163081;;Dendrocoelum romanodanubiale
152006;Dugesia gonocephala;163077;163082;;Dugesia gonocephala
152007;Dugesia lugubris;163077;163083;;Dugesia lugubris
152008;Dugesia polychroa;163077;163084;;Dugesia polychroa
152009;Dugesia tigrina;163077;163085;;Dugesia tigrina
152010;Branchiura sowerbyi;163094;163099;;Branchiura sowerbyi
152011;Hypania invalida;163094;163111;;Hypania invalida
152012;Limnodrilus spec.;163094;163112;;Limnodrilus spec.
152013;Theromyzon tessulatum;163094;163124;;Theromyzon tessulatum
152014;Cricetus cricetus;163127;163140;Feldhamster;Feldhamster – Cricetus cricetus
152015;Vulpes vulpes;163127;163146;Rotfuchs;Rotfuchs – Vulpes vulpes
152015;Vulpes vulpes;187284;187407;Rotfuchs;Rotfuchs – Vulpes vulpes
152016;Lecane quadritentata;163200;163206;;Lecane quadritentata
152017;Mytilina mucronata;163200;163207;;Mytilina mucronata
152018;Scaridium longicaudum;163200;163209;;Scaridium longicaudum
152019;Squatinella rostrum;163200;163210;;Squatinella rostrum
152020;Acanthopsyche atra;163213;163214;;Acanthopsyche atra
152021;Achyla flavicornis;163213;163216;Gelbhorn-Eulenspinner;Gelbhorn-Eulenspinner – Achyla flavicornis
152022;Adscita geryon;163213;163217;Sonnenröschen-grünwidderchen;Sonnenröschen-grünwidderchen – Adscita geryon
152023;Agrius convolvuli;163213;163221;Windenschwärmer;Windenschwärmer – Agrius convolvuli
152024;Apoda limacodes;163213;163223;Große Schildmotte;Große Schildmotte – Apoda limacodes
152025;Apterona helicoidella;163213;163224;;Apterona helicoidella
152026;Arctia festiva;163213;163226;Englischer Bär;Englischer Bär – Arctia festiva
152027;Arctia villica;163213;163228;Schwarzer Bär;Schwarzer Bär – Arctia villica
152028;Bacotia claustrella;163213;163231;;Bacotia claustrella
152030;Bembecia albanensis;163213;163233;Hauhechel-Glasflügler;Hauhechel-Glasflügler – Bembecia albanensis
152031;Bembecia ichneumoniformis;163213;163235;Hornklee-Glasflügler;Hornklee-Glasflügler – Bembecia ichneumoniformis
152032;Bijugis bombycella;163213;163236;;Bijugis bombycella
152033;Callimorpha dominula;163213;163237;Schönbär;Schönbär – Callimorpha dominula
152034;Calliteara abietis;163213;163238;Tannen-Streckfuss;Tannen-Streckfuss – Calliteara abietis
152035;Calliteara pudibunda;163213;163239;Streckfuss;Streckfuss – Calliteara pudibunda
152036;Canephora hirsuta;163213;163240;;Canephora hirsuta
152037;Chamaesphecia tenthrediniformis;163213;163249;Eselswolfsmilch-Glasflügler;Eselswolfsmilch-Glasflügler – Chamaesphecia tenthrediniformis
152038;Clostera pigra;163213;163254;Kleiner Raufußspinner;Kleiner Raufußspinner – Clostera pigra
152039;Cosmotriche lobulina;163213;163257;Mondfleckglucke;Mondfleckglucke – Cosmotriche lobulina
152040;Cybosia mesomella;163213;163260;Elfenbein-Flechtenbärchen;Elfenbein-Flechtenbärchen – Cybosia mesomella
152041;Cymatophorina diluta;163213;163261;Violettgrauer Eulenspinner;Violettgrauer Eulenspinner – Cymatophorina diluta
152042;Dahlica fumosella;163213;163262;;Dahlica fumosella
152043;Dahlica lichenella;163213;163263;;Dahlica lichenella
152044;Dahlica sauteri;163213;163264;;Dahlica sauteri
152045;Dahlica triquetrella parth.;163213;163265;;Dahlica triquetrella parth.
152046;Daphnis nerii;163213;163266;Oleanderschwärmer;Oleanderschwärmer – Daphnis nerii
152047;Diaphora mendica;163213;163276;Graubär;Graubär – Diaphora mendica
152048;Dicallomera fascelina;163213;163277;Ginster-Streckfuß;Ginster-Streckfuß – Dicallomera fascelina
152049;Diplodoma laichartingella;163213;163279;;Diplodoma laichartingella
152050;Drymonia dodonaea;163213;163285;Ungefleckter Zahnspinner;Ungefleckter Zahnspinner – Drymonia dodonaea
152051;Drymonia obliterata;163213;163286;Schwarzeck-Zahnspinner;Schwarzeck-Zahnspinner – Drymonia obliterata
152052;Drymonia velitaris;163213;163289;Südlicher Eichen-Zahnspinner;Südlicher Eichen-Zahnspinner – Drymonia velitaris
152053;Dysauxes ancilla;163213;163290;Braunfleck-Widderchen;Braunfleck-Widderchen – Dysauxes ancilla
152054;Eilema lurideola;163213;163294;Grauleib-Flechtenbärchen;Grauleib-Flechtenbärchen – Eilema lurideola
152055;Epichnopteryx plumella;163213;163297;;Epichnopteryx plumella
152056;Epichnopteryx sieboldii;163213;163298;;Epichnopteryx sieboldii
152057;Eriogaster catax;163213;163301;Heckenwollafter;Heckenwollafter – Eriogaster catax
152058;Eriogaster rimicola;163213;163303;Eichen-Wollafter;Eichen-Wollafter – Eriogaster rimicola
152059;Euplagia quadripunctaria;163213;163304;Spanische Flagge;Spanische Flagge – Euplagia quadripunctaria
152060;Euthrix potatoria;163213;163307;Grasglucke;Grasglucke – Euthrix potatoria
152061;Falcaria lacertinaria;163213;163308;Birken-Sichelflügler;Birken-Sichelflügler – Falcaria lacertinaria
152062;Furcula bicuspis;163213;163309;Birkengabelschwanz;Birkengabelschwanz – Furcula bicuspis
152063;Furcula bifida;163213;163310;Kleiner Gabelschwanz;Kleiner Gabelschwanz – Furcula bifida
152064;Furcula furcula;163213;163311;Buchen-Gabelschwanz;Buchen-Gabelschwanz – Furcula furcula
152065;Gynaephora selenitica;163213;163315;Mondfleck-Bürstenspinner;Mondfleck-Bürstenspinner – Gynaephora selenitica
152066;Harpyia milhauseri;163213;163318;Pergamentspinner;Pergamentspinner – Harpyia milhauseri
152067;Hippotion celerio;163213;163325;Großer Weinschwärmer;Großer Weinschwärmer – Hippotion celerio
152068;Hyles euphorbiae;163213;163328;Wolfsmilchschwärmer;Wolfsmilchschwärmer – Hyles euphorbiae
152069;Hyles gallii;163213;163329;Labkrautschwärmer;Labkrautschwärmer – Hyles gallii
152070;Hyles livornica;163213;163330;Linienschwärmer;Linienschwärmer – Hyles livornica
152071;Hyles vespertilio;163213;163331;Fledermausschwärmer;Fledermausschwärmer – Hyles vespertilio
152072;Jordanita subsolana;163213;163335;Dickfühler-Grünwidderchen;Dickfühler-Grünwidderchen – Jordanita subsolana
152073;Korscheltellus lupulina;163213;163336;Kleiner Hopfen-Wurzelbohrer;Kleiner Hopfen-Wurzelbohrer – Korscheltellus lupulina
152074;Lasiocampa trifolii;163213;163339;Kleespinner;Kleespinner – Lasiocampa trifolii
152075;Leucoma salicis;163213;163342;Pappelspinner;Pappelspinner – Leucoma salicis
152076;Lithosia quadra;163213;163344;Vierpunkt-Flechtenbärchen;Vierpunkt-Flechtenbärchen – Lithosia quadra
152077;Luffia ferchaultella;163213;163347;;Luffia ferchaultella
152078;Lymantria monacha;163213;163349;Nonne;Nonne – Lymantria monacha
152079;Macrothylacia rubi;163213;163351;Brombeerspinner;Brombeerspinner – Macrothylacia rubi
152080;Megalophanes viciella;163213;163354;;Megalophanes viciella
152081;Meganola strigula;163213;163356;Ungebändertes Eichen-Kleinbärchen;Ungebändertes Eichen-Kleinbärchen – Meganola strigula
152082;Meganola togatulalis;163213;163357;Gebändertes Eichen-Kleinbärchen;Gebändertes Eichen-Kleinbärchen – Meganola togatulalis
152083;Narycia duplicella;163213;163360;;Narycia duplicella
152084;Nola aerugula;163213;163361;;Nola aerugula
152085;Nola cicatricalis;163213;163362;Baumflechten-Kleinbärchen;Baumflechten-Kleinbärchen – Nola cicatricalis
152086;Nola cristatula;163213;163364;Wasserminzen-Kleinbärchen;Wasserminzen-Kleinbärchen – Nola cristatula
152087;Nola holsatica;163213;163366;;Nola holsatica
152088;Notodonta tritophus;163213;163369;Espen-Zahnspinner;Espen-Zahnspinner – Notodonta tritophus
152089;Ochropacha duplaris;163213;163373;Zweipunkt-Eulenspinner;Zweipunkt-Eulenspinner – Ochropacha duplaris
152090;Orgyia antiqua;163213;163377;Schlehenspinner;Schlehenspinner – Orgyia antiqua
152091;Orgyia antiquiodes;163213;163378;Heide-Bürstenspinner;Heide-Bürstenspinner – Orgyia antiquiodes
152093;Paranthrene tabaniformis;163213;163388;Kleiner Pappel-Glasflügler;Kleiner Pappel-Glasflügler – Paranthrene tabaniformis
152094;Pennisetia hylaeiformis;163213;163392;Himbeerenglasfleugler;Himbeerenglasfleugler – Pennisetia hylaeiformis
152095;Pericallia matronula;163213;163393;Augsburger Bär;Augsburger Bär – Pericallia matronula
152096;Phalacropterix graslinella;163213;163395;;Phalacropterix graslinella
152097;Pheosia gnoma;163213;163399;Birkenzahnspinner;Birkenzahnspinner – Pheosia gnoma
152098;Phragmatobia luctifera;163213;163404;Kaiserbär;Kaiserbär – Phragmatobia luctifera
152099;Phyllodesma ilicifolia;163213;163405;Weidenglucke;Weidenglucke – Phyllodesma ilicifolia
152100;Phyllodesma tremulifolia;163213;163406;Eichenglucke;Eichenglucke – Phyllodesma tremulifolia
152101;Phymatopus hecta;163213;163407;Heidekraut-Wurzelbohrer;Heidekraut-Wurzelbohrer – Phymatopus hecta
152102;Poecilocampa populi;163213;163408;Kleine Pappelglucke;Kleine Pappelglucke – Poecilocampa populi
152103;Proutia betulina;163213;163415;;Proutia betulina
152104;Psyche casta;163213;163416;;Psyche casta
152105;Psyche crassiorella;163213;163417;;Psyche crassiorella
152106;Ptilocephala muscella;163213;163420;;Ptilocephala muscella
152107;Ptilodon capucina;163213;163421;Kamelspinner;Kamelspinner – Ptilodon capucina
152108;Ptilodon cucullina;163213;163422;Ahorn-Zahnspinner;Ahorn-Zahnspinner – Ptilodon cucullina
152109;Pyropteron chrysidiformis;163213;163424;Roter Ampfer-Glasflügler;Roter Ampfer-Glasflügler – Pyropteron chrysidiformis
152110;Reisseronia tarnierella;163213;163426;;Reisseronia tarnierella
152111;Sabra harpagula;163213;163432;Linden-Sichelflügler;Linden-Sichelflügler – Sabra harpagula
152112;Saturnia pavonia;163213;163433;Kleines Nachtpfauenauge;Kleines Nachtpfauenauge – Saturnia pavonia
152113;Sesia bembeciformis;163213;163435;Großer Weiden-Glasflügler;Großer Weiden-Glasflügler – Sesia bembeciformis
152114;Sesia melanocephala;163213;163436;Espen-Glasflügler;Espen-Glasflügler – Sesia melanocephala
152115;Setina irrorella;163213;163437;Steinflechtenbär;Steinflechtenbär – Setina irrorella
152116;Siederia pineti;163213;163438;;Siederia pineti
152117;Spatalia argentina;163213;163443;Silberfleck-Zahnspinner;Silberfleck-Zahnspinner – Spatalia argentina
152118;Spilosoma lutea;163213;163446;Gelber Fleckleibbär;Gelber Fleckleibbär – Spilosoma lutea
152119;Spiris striata;163213;163448;Gestreifter Grasbär;Gestreifter Grasbär – Spiris striata
152120;Sterrhopterix fusca;163213;163450;;Sterrhopterix fusca
152121;Synanthedon andrenaeformis;163213;163452;Schneeball-Glasflügler;Schneeball-Glasflügler – Synanthedon andrenaeformis
152122;Synanthedon conopiformis;163213;163453;Alteichen-Glasflügler;Alteichen-Glasflügler – Synanthedon conopiformis
152123;Synanthedon scoliaeformis;163213;163457;Großer Birken-Glasflügler;Großer Birken-Glasflügler – Synanthedon scoliaeformis
152124;Synanthedon spuleri;163213;163459;Spulers Glasflügler;Spulers Glasflügler – Synanthedon spuleri
152125;Taleporia tubulosa;163213;163462;;Taleporia tubulosa
152126;Tethea ocularis;163213;163465;Augen-Eulenspinner;Augen-Eulenspinner – Tethea ocularis
152127;Tethea or;163213;163466;Pappel-Eulenspinner;Pappel-Eulenspinner – Tethea or
152128;Tetheella fluctuosa;163213;163467;Birken-Eulenspinner;Birken-Eulenspinner – Tetheella fluctuosa
152129;Thaumetopoea pinivora;163213;163468;Kiefern-Prozessionsspinner;Kiefern-Prozessionsspinner – Thaumetopoea pinivora
152130;Thumatha senex;163213;163473;Rundflügel-Flechtenbärchen;Rundflügel-Flechtenbärchen – Thumatha senex
152131;Triodia sylvina;163213;163478;Ampfer-Wurzelbohrer;Ampfer-Wurzelbohrer – Triodia sylvina
152132;Tyria jacobaeae;163213;163480;Jakobskraut-Bär;Jakobskraut-Bär – Tyria jacobaeae
152133;Utetheisa pulchella;163213;163481;Punktbär;Punktbär – Utetheisa pulchella
152134;Watsonalla binaria;163213;163482;Zweipunkt-Sichelflügler;Zweipunkt-Sichelflügler – Watsonalla binaria
152135;Watsonalla cultraria;163213;163483;Buchen-Sichelflügler;Buchen-Sichelflügler – Watsonalla cultraria
152136;Zygaena carniolica;163213;163485;Esparsetten-Widderchen;Esparsetten-Widderchen – Zygaena carniolica
152137;Zygaena loti;163213;163490;Beilfleck-Widderchen;Beilfleck-Widderchen – Zygaena loti
152138;Zygaena osterodensis;163213;163492;Platterbsen-Widderchen;Platterbsen-Widderchen – Zygaena osterodensis
152139;Zygaena purpuralis;163213;163493;Thymian-Widderchen;Thymian-Widderchen – Zygaena purpuralis
152140;Zygaena transalpina;163213;163495;Hufeisenklee-Widderchen;Hufeisenklee-Widderchen – Zygaena transalpina
152141;Zygaena trifolii;163213;163496;Klee-Widderchen;Klee-Widderchen – Zygaena trifolii
152142;Zygaena viciae;163213;163497;Steinklee-Widderchen;Steinklee-Widderchen – Zygaena viciae
152143;Abrostola tripartita;163498;163500;;Abrostola tripartita
152144;Acontia lucida;163498;163502;Malveneule;Malveneule – Acontia lucida
152145;Acronicta alni;163498;163505;Erlen-Rindeneule;Erlen-Rindeneule – Acronicta alni
152146;Acronicta auricoma;163498;163506;;Acronicta auricoma
152147;Acronicta cuspis;163498;163507;Erlen-Pfeileule;Erlen-Pfeileule – Acronicta cuspis
152148;Acronicta euphorbiae;163498;163508;Wolfsmilch-Rindeneule;Wolfsmilch-Rindeneule – Acronicta euphorbiae
152149;Acronicta megacephala;163498;163510;;Acronicta megacephala
152150;Acronicta menyanthidis;163498;163511;Heidemoor-Rindeneule;Heidemoor-Rindeneule – Acronicta menyanthidis
152151;Acronicta psi;163498;163512;Pfeileule;Pfeileule – Acronicta psi
152152;Acronicta rumicis;163498;163513;Ampfereule;Ampfereule – Acronicta rumicis
152153;Acronicta strigosa;163498;163514;Striemen-Rindeneule;Striemen-Rindeneule – Acronicta strigosa
152154;Acronicta tridens;163498;163515;Dreizackeule;Dreizackeule – Acronicta tridens
152155;Actebia fennica;163498;163516;;Actebia fennica
152156;Actebia praecox;163498;163517;;Actebia praecox
152159;Agrochola circellaris;163498;163523;Rötlichgelbe Herbsteule;Rötlichgelbe Herbsteule – Agrochola circellaris
152160;Agrochola helvola;163498;163524;Rötliche Herbsteule;Rötliche Herbsteule – Agrochola helvola
152161;Agrochola laevis;163498;163525;;Agrochola laevis
152162;Agrochola lychnidis;163498;163528;Veränderliche Herbsteule;Veränderliche Herbsteule – Agrochola lychnidis
152163;Agrotis cinerea;163498;163531;Aschgraue Erdeule;Aschgraue Erdeule – Agrotis cinerea
152164;Agrotis clavis;163498;163532;;Agrotis clavis
152166;Agrotis exclamationis;163498;163534;Gemeine Graseule;Gemeine Graseule – Agrotis exclamationis
152167;Agrotis ipsilon;163498;163535;Ypsiloneule;Ypsiloneule – Agrotis ipsilon
152168;Agrotis puta;163498;163536;;Agrotis puta
152169;Agrotis ripae;163498;163537;;Agrotis ripae
152170;Agrotis segetum;163498;163538;Saateule;Saateule – Agrotis segetum
152171;Agrotis vestigialis;163498;163539;Kiefernsaateule;Kiefernsaateule – Agrotis vestigialis
152172;Amphipoea oculea;163498;163550;;Amphipoea oculea
152173;Amphipyra berbera;163498;163551;;Amphipyra berbera
152174;Amphipyra livida;163498;163552;Tiefschwarze Glanzeule;Tiefschwarze Glanzeule – Amphipyra livida
152175;Amphipyra perflua;163498;163553;;Amphipyra perflua
152176;Amphipyra tragopoginis;163498;163556;Dreipunkt-Glanzeule;Dreipunkt-Glanzeule – Amphipyra tragopoginis
152177;Anaplectoides prasina;163498;163557;Grüne Heidelbeereule;Grüne Heidelbeereule – Anaplectoides prasina
152178;Apamea anceps;163498;163561;;Apamea anceps
152179;Apamea crenata;163498;163563;;Apamea crenata
152180;Apamea epomidion;163498;163564;;Apamea epomidion
152181;Apamea lithoxylaea;163498;163568;Weisslichgelbe Grasbüscheleule;Weisslichgelbe Grasbüscheleule – Apamea lithoxylaea
152182;Apamea monoglypha;163498;163569;Große Grasbüscheleule;Große Grasbüscheleule – Apamea monoglypha
152183;Apamea remissa;163498;163572;;Apamea remissa
152184;Apamea sordens;163498;163574;;Apamea sordens
152185;Archanara sparganii;163498;163588;Igelkolben-Schilfeule;Igelkolben-Schilfeule – Archanara sparganii
152186;Asteroscopus sphinx;163498;163592;Sphinxeule;Sphinxeule – Asteroscopus sphinx
152187;Athetis gluteosa;163498;163595;Trockenrasen-Staubeule;Trockenrasen-Staubeule – Athetis gluteosa
152188;Auchmis detersa;163498;163597;Berberitzeneule;Berberitzeneule – Auchmis detersa
152189;Autographa gamma;163498;163599;Gammäule;Gammäule – Autographa gamma
152190;Autographa pulchrina;163498;163601;Ziest-Silbereule;Ziest-Silbereule – Autographa pulchrina
152191;Axylia putris;163498;163602;;Axylia putris
152192;Bena bicolorana;163213;163603;Großer Kahnspinner;Großer Kahnspinner – Bena bicolorana
152193;Brachylomia viminalis;163498;163610;Korbweideneule;Korbweideneule – Brachylomia viminalis
152194;Brithys crini;163498;163611;;Brithys crini
152195;Caradrina morpheus;163498;163621;;Caradrina morpheus
152196;Catocala fulminea;163498;163625;Gelbes Ordensband;Gelbes Ordensband – Catocala fulminea
152197;Catocala sponsa;163498;163628;Großes Eichenkarmin;Großes Eichenkarmin – Catocala sponsa
152198;Cerastis rubricosa;163498;163633;;Cerastis rubricosa
152199;Charanyca trigrammica;163498;163634;Dreilinieneule;Dreilinieneule – Charanyca trigrammica
152200;Chloantha hyperici;163498;163636;Johanniskrauteule;Johanniskrauteule – Chloantha hyperici
152202;Chortodes fluxa;163498;163640;;Chortodes fluxa
152203;Chortodes pygmina;163498;163641;Seggensumpf-Halmeule;Seggensumpf-Halmeule – Chortodes pygmina
152204;Chrysodeixis chalcites;163498;163643;;Chrysodeixis chalcites
152205;Coenophila subrosea;163498;163652;;Coenophila subrosea
152206;Colocasia coryli;163498;163654;Haseleule;Haseleule – Colocasia coryli
152207;Conistra erythrocephala;163498;163655;;Conistra erythrocephala
152208;Conistra rubiginea;163498;163657;;Conistra rubiginea
152209;Cosmia pyralina;163498;163662;Violettbraune Ulmeneule;Violettbraune Ulmeneule – Cosmia pyralina
152211;Cosmia trapezina;163498;163664;Trapez-Eule;Trapez-Eule – Cosmia trapezina
152212;Cryphia algae;163498;163666;Dunkelgrüne Flechteneule;Dunkelgrüne Flechteneule – Cryphia algae
152213;Cryphia domestica;163498;163667;Weißliche Flechteneule;Weißliche Flechteneule – Cryphia domestica
152214;Cryphia fraudatricula;163498;163668;;Cryphia fraudatricula
152215;Cryphia muralis;163498;163669;Hellgrüne Flechteneule;Hellgrüne Flechteneule – Cryphia muralis
152216;Cryphia raptricula;163498;163670;;Cryphia raptricula
152217;Cryphia ravula;163498;163671;;Cryphia ravula
152218;Cucullia argentea;163498;163674;Silbermönch;Silbermönch – Cucullia argentea
152219;Cucullia fraudatrix;163498;163678;;Cucullia fraudatrix
152220;Cucullia lucifuga;163498;163680;Kräuter-Mönch;Kräuter-Mönch – Cucullia lucifuga
152221;Cucullia tanaceti;163498;163685;Rainfarn-Mönch;Rainfarn-Mönch – Cucullia tanaceti
152222;Cucullia umbratica;163498;163686;Schattenmönch;Schattenmönch – Cucullia umbratica
152223;Deltote bankiana;163498;163691;Silbereulchen;Silbereulchen – Deltote bankiana
152224;Deltote deceptoria;163498;163692;;Deltote deceptoria
152225;Deltote uncula;163498;163693;Ried-Grasmotteneulchen;Ried-Grasmotteneulchen – Deltote uncula
152226;Diachrysia chrysitis;163498;163694;Messingeule;Messingeule – Diachrysia chrysitis
152227;Diachrysia chryson;163498;163695;Wasserdost-Goldeule;Wasserdost-Goldeule – Diachrysia chryson
152228;Diachrysia tutti;163498;163696;;Diachrysia tutti
152229;Diarsia mendica;163498;163700;;Diarsia mendica
152230;Diarsia rubi;163498;163701;;Diarsia rubi
152231;Dichagyris candelisequa;163498;163702;Südliche Felsflur-Erdeule;Südliche Felsflur-Erdeule – Dichagyris candelisequa
152233;Dicycla oo;163498;163704;Eichen-Nulleneule;Eichen-Nulleneule – Dicycla oo
152236;Dryobotodes eremita;163498;163708;Braungraue Eicheneule;Braungraue Eicheneule – Dryobotodes eremita
152237;Earias clorana;163213;163710;Grüneulchen;Grüneulchen – Earias clorana
152238;Earias vernana;163213;163711;Silberpapperl-Kahneulchen;Silberpapperl-Kahneulchen – Earias vernana
152239;Eublemma minutata;163498;163713;Zwergeulchen;Zwergeulchen – Eublemma minutata
152240;Egira conspicillaris;163498;163714;Holzrindeneule;Holzrindeneule – Egira conspicillaris
152241;Elaphria venustula;163498;163715;;Elaphria venustula
152242;Eremobina pabulatricula;163498;163722;;Eremobina pabulatricula
152243;Eublemma parva;163498;163724;;Eublemma parva
152244;Eucarta amethystina;163498;163725;Amethysteule;Amethysteule – Eucarta amethystina
152245;Euchalcia consona;163498;163726;Mönchskraut-Metalleule;Mönchskraut-Metalleule – Euchalcia consona
152246;Eugnorisma depuncta;163498;163729;;Eugnorisma depuncta
152247;Eupsilia transversa;163498;163733;Satellit-Wintereule;Satellit-Wintereule – Eupsilia transversa
152249;Euxoa cursoria;163498;163741;;Euxoa cursoria
152250;Euxoa lidia;163498;163742;Schwärzliche Erdeule;Schwärzliche Erdeule – Euxoa lidia
152251;Hada plebeja;163498;163749;Zahneule;Zahneule – Hada plebeja
152252;Hadena irregularis;163498;163755;Gipskraut-Kapseleule;Gipskraut-Kapseleule – Hadena irregularis
152253;Hadena perplexa;163498;163756;Leimkraut-Nelkeneule;Leimkraut-Nelkeneule – Hadena perplexa
152254;Hadena rivularis;163498;163757;Violettbraune Kapseleule;Violettbraune Kapseleule – Hadena rivularis
152255;Helicoverpa armigera;163498;163758;;Helicoverpa armigera
152258;Heliothis ononis;163498;163762;Hauhechel-Sonneneule;Hauhechel-Sonneneule – Heliothis ononis
152259;Heliothis peltigera;163498;163763;;Heliothis peltigera
152260;Heliothis viriplaca;163498;163764;Karden-Sonneneule;Karden-Sonneneule – Heliothis viriplaca
152261;Herminia grisealis;163498;163766;;Herminia grisealis
152262;Herminia tarsicrinalis;163498;163767;;Herminia tarsicrinalis
152263;Hoplodrina blanda;163498;163769;;Hoplodrina blanda
152264;Hoplodrina octogenaria;163498;163770;;Hoplodrina octogenaria
152265;Hypena crassalis;163498;163777;Heidelbeer-Schnabeleule;Heidelbeer-Schnabeleule – Hypena crassalis
152266;Hypena obesalis;163498;163778;;Hypena obesalis
152267;Idia calvaria;163498;163783;;Idia calvaria
152268;Jodia croceago;163498;163786;;Jodia croceago
152269;Lacanobia aliena;163498;163787;;Lacanobia aliena
152270;Lacanobia contigua;163498;163788;;Lacanobia contigua
152271;Lacanobia oleracea;163498;163789;Gemüseeule;Gemüseeule – Lacanobia oleracea
152272;Lacanobia suasa;163498;163790;;Lacanobia suasa
152273;Lacanobia thalassina;163498;163791;;Lacanobia thalassina
152274;Lacanobia w-latinum;163498;163792;Ginstereule;Ginstereule – Lacanobia w-latinum
152275;Lamprotes c-aureum;163498;163793;Wiesenrauten-Goldeule;Wiesenrauten-Goldeule – Lamprotes c-aureum
152276;Lasionycta proxima;163498;163794;;Lasionycta proxima
152277;Lygephila craccae;163498;163806;Randfleck-Wickeneule;Randfleck-Wickeneule – Lygephila craccae
152278;Macdunnoughia confusa;163498;163809;Schafgarben-Silbereule;Schafgarben-Silbereule – Macdunnoughia confusa
152279;Macrochilo cribrumalis;163498;163810;Sumpfgras-Spannereule;Sumpfgras-Spannereule – Macrochilo cribrumalis
152280;Meganephria bimaculosa;163498;163816;Zweifleckige-Plumpeule;Zweifleckige-Plumpeule – Meganephria bimaculosa
152281;Melanchra persicariae;163498;163817;Flohkrauteule;Flohkrauteule – Melanchra persicariae
152282;Melanchra pisi;163498;163818;Erbseneule;Erbseneule – Melanchra pisi
152283;Mesapamea didyma;163498;163820;;Mesapamea didyma
152284;Mesapamea secalis;163498;163821;Getreidewurzeule;Getreidewurzeule – Mesapamea secalis
152286;Mniotype adusta;163498;163827;;Mniotype adusta
152287;Mythimna albipuncta;163498;163833;Weisspunkt-Graseule;Weisspunkt-Graseule – Mythimna albipuncta
152289;Mythimna conigera;163498;163835;;Mythimna conigera
152290;Mythimna ferrago;163498;163836;;Mythimna ferrago
152291;Mythimna flammea;163498;163837;;Mythimna flammea
152292;Mythimna impura;163498;163838;;Mythimna impura
152293;Mythimna l-album;163498;163839;Weißes L;Weißes L – Mythimna l-album
152294;Mythimna obsoleta;163498;163840;Schilf-Graseule;Schilf-Graseule – Mythimna obsoleta
152295;Mythimna pallens;163498;163841;Bleiche Graseule;Bleiche Graseule – Mythimna pallens
152296;Mythimna scirpi;163498;163843;;Mythimna scirpi
152297;Mythimna sicula;163498;163844;;Mythimna sicula
152298;Mythimna unipuncta;163498;163847;;Mythimna unipuncta
152299;Mythimna vitellina;163498;163848;;Mythimna vitellina
152300;Naenia typica;163498;163849;Buchdruckereule;Buchdruckereule – Naenia typica
152301;Noctua comes;163498;163850;Breitflügelige Bandeule;Breitflügelige Bandeule – Noctua comes
152302;Noctua fimbriata;163498;163851;Gelbe Bandeule;Gelbe Bandeule – Noctua fimbriata
152303;Noctua interjecta;163498;163852;Hellbraune Bandeule;Hellbraune Bandeule – Noctua interjecta
152304;Noctua interposita;163498;163853;;Noctua interposita
152305;Noctua janthe;163498;163854;;Noctua janthe
152306;Nycteola asiatica;163213;163860;Weiden-Wicklereulchen;Weiden-Wicklereulchen – Nycteola asiatica
152307;Nycteola degenerana;163213;163861;Salweiden-Wicklereulchen;Salweiden-Wicklereulchen – Nycteola degenerana
152308;Oligia latruncula;163498;163867;;Oligia latruncula
152309;Oligia strigilis;163498;163868;;Oligia strigilis
152310;Oligia versicolor;163498;163869;;Oligia versicolor
152311;Opigena polygona;163498;163871;;Opigena polygona
152312;Orthosia cerasi;163498;163872;Rundflügel-Kätzcheneule;Rundflügel-Kätzcheneule – Orthosia cerasi
152313;Orthosia cruda;163498;163873;Kleine Kätzcheneule;Kleine Kätzcheneule – Orthosia cruda
152314;Orthosia gothica;163498;163874;Gothica-Kätzcheneule;Gothica-Kätzcheneule – Orthosia gothica
152315;Orthosia gracilis;163498;163875;Spitzflügel-Kätzcheneule;Spitzflügel-Kätzcheneule – Orthosia gracilis
152316;Orthosia incerta;163498;163876;Variable Kätzcheneule;Variable Kätzcheneule – Orthosia incerta
152317;Orthosia munda;163498;163878;Zweifleck-Kätzcheneule;Zweifleck-Kätzcheneule – Orthosia munda
152318;Orthosia populeti;163498;163880;Pappel-Kätzcheneule;Pappel-Kätzcheneule – Orthosia populeti
152319;Pachetra sagittigera;163498;163881;Trockenrasen-blättereule;Trockenrasen-blättereule – Pachetra sagittigera
152320;Papestra biren;163498;163885;Moorwald-blättereule;Moorwald-blättereule – Papestra biren
152321;Paracolax tristalis;163498;163886;;Paracolax tristalis
152322;Paradrina clavipalpis;163498;163889;;Paradrina clavipalpis
152323;Parastichtis suspecta;163498;163892;;Parastichtis suspecta
152324;Parastichtis ypsillon;163498;163893;Weiden-Pappel-Rindeneule;Weiden-Pappel-Rindeneule – Parastichtis ypsillon
152325;Pechipogo plumigeralis;163498;163894;;Pechipogo plumigeralis
152326;Pechipogo strigilata;163498;163895;Bartzünslereule;Bartzünslereule – Pechipogo strigilata
152327;Peridroma saucia;163498;163896;;Peridroma saucia
152328;Periphanes delphinii;163498;163897;Rittersporneule;Rittersporneule – Periphanes delphinii
152329;Phragmatiphila nexa;163498;163905;Wasserschwaden-Röhrichteule;Wasserschwaden-Röhrichteule – Phragmatiphila nexa
152330;Plusia putnami gracilis;163498;163910;Sumpfreitgras-Silbereule;Sumpfreitgras-Silbereule – Plusia putnami gracilis
152331;Polia bombycina;163498;163911;Hauhechel-blättereule;Hauhechel-blättereule – Polia bombycina
152332;Polia nebulosa;163498;163913;Waldstauden-blättereule;Waldstauden-blättereule – Polia nebulosa
152334;Polymixis lichenea;163498;163920;;Polymixis lichenea
152335;Polypogon tentacularia;163498;163922;;Polypogon tentacularia
152336;Protodeltote pygarga;163498;163924;;Protodeltote pygarga
152337;Protolampra sobrina;163498;163925;;Protolampra sobrina
152338;Proxenus hospes;163498;163926;;Proxenus hospes
152340;Rhyacia simulans;163498;163933;;Rhyacia simulans
152341;Rusina ferruginea;163498;163935;;Rusina ferruginea
152342;Schinia cardui;163498;163936;Bitterkraut-Sonneneule;Bitterkraut-Sonneneule – Schinia cardui
152343;Schinia scutosa;163498;163937;;Schinia scutosa
152344;Shargacucullia lychnitis;163498;163944;Graubestäubter Wollkrautmönch;Graubestäubter Wollkrautmönch – Shargacucullia lychnitis
152345;Shargacucullia scrophulariae;163498;163945;;Shargacucullia scrophulariae
152346;Shargacucullia verbasci;163498;163946;Brauner Mönch;Brauner Mönch – Shargacucullia verbasci
152347;Simyra albovenosa;163498;163949;;Simyra albovenosa
152348;Simyra nervosa;163498;163950;Schrägflügel-Striemeneule;Schrägflügel-Striemeneule – Simyra nervosa
152349;Spaelotis ravida;163498;163951;;Spaelotis ravida
152350;Spodoptera exigua;163498;163952;;Spodoptera exigua
152351;Spodoptera littoralis;163498;163953;;Spodoptera littoralis
152352;Staurophora celsia;163498;163955;Malachiteule;Malachiteule – Staurophora celsia
152353;Tholera cespitis;163498;163958;Dunkelbraune Lolcheule;Dunkelbraune Lolcheule – Tholera cespitis
152354;Tholera decimalis;163498;163959;Weißgerippte Lolcheule;Weißgerippte Lolcheule – Tholera decimalis
152355;Thysanoplusia orichalcea;163498;163960;;Thysanoplusia orichalcea
152356;Trichoplusia ni;163498;163962;;Trichoplusia ni
152357;Tyta luctuosa;163498;163965;Ackerwinden-Trauereule;Ackerwinden-Trauereule – Tyta luctuosa
152358;Valeria oleagina;163498;163966;Olivgrüne Schmuckeule;Olivgrüne Schmuckeule – Valeria oleagina
152359;Xanthia aurago;163498;163967;Rotbuchen-Gelbeule;Rotbuchen-Gelbeule – Xanthia aurago
152360;Xanthia citrago;163498;163968;Linden-Gelbeule;Linden-Gelbeule – Xanthia citrago
152362;Xanthia icteritia;163498;163971;Gemeine Gelbeule;Gemeine Gelbeule – Xanthia icteritia
152364;Xanthia sulphurago;163498;163973;Bleich-Gelbeule;Bleich-Gelbeule – Xanthia sulphurago
152365;Xanthia togata;163498;163974;Violett-Gelbeule;Violett-Gelbeule – Xanthia togata
152366;Xestia agathina;163498;163976;Heidekraut-Erdeule;Heidekraut-Erdeule – Xestia agathina
152367;Xestia ashworthii;163498;163977;;Xestia ashworthii
152368;Xestia baja;163498;163978;;Xestia baja
152369;Xestia c-nigrum;163498;163979;Schwarzes C;Schwarzes C – Xestia c-nigrum
152370;Xestia castanea;163498;163980;Ginsterheiden-Bodeneule;Ginsterheiden-Bodeneule – Xestia castanea
152371;Xestia collina;163498;163981;;Xestia collina
152372;Xestia ditrapezium;163498;163982;;Xestia ditrapezium
152374;Xestia sexstrigata;163498;163984;;Xestia sexstrigata
152375;Xestia triangulum;163498;163985;;Xestia triangulum
152376;Xestia xanthographa;163498;163986;;Xestia xanthographa
152377;Zanclognatha tarsipennalis;163498;163993;;Zanclognatha tarsipennalis
152378;Acentria ephemerella;163994;163995;;Acentria ephemerella
152379;Achroia grisella;163994;163996;;Achroia grisella
152380;Adaina microdactyla;163994;164002;;Adaina microdactyla
152381;Aglossa caprealis;163994;164010;;Aglossa caprealis
152382;Aglossa pinguinalis;163994;164011;;Aglossa pinguinalis
152383;Agriphila geniculea;163994;164012;;Agriphila geniculea
152384;Agriphila inquinatella;163994;164013;;Agriphila inquinatella
152385;Agriphila latistria;163994;164014;;Agriphila latistria
152386;Agriphila straminella;163994;164016;;Agriphila straminella
152387;Agriphila tristella;163994;164017;;Agriphila tristella
152388;Agrotera nemoralis;163994;164021;;Agrotera nemoralis
152389;Algedonia terrealis;163994;164022;;Algedonia terrealis
152390;Amblyptilia acanthadactyla;163994;164023;;Amblyptilia acanthadactyla
152391;Amblyptilia punctidactyla;163994;164024;;Amblyptilia punctidactyla
152392;Anania verbascalis;163994;164026;;Anania verbascalis
152393;Aphomia sociella;163994;164029;;Aphomia sociella
152394;Apomyelois bistriatella;163994;164030;;Apomyelois bistriatella
152395;Apomyelois ceratoniae;163994;164031;;Apomyelois ceratoniae
152399;Assara terebrella;163994;164035;;Assara terebrella
152400;Boloria eunomia;164691;164038;Randring-Permuttfalter;Randring-Permuttfalter – Boloria eunomia
152401;Boloria euphrosyne;164691;164039;Silberfleck-Perlmuttfalter;Silberfleck-Perlmuttfalter – Boloria euphrosyne
152402;Boloria selene;164691;164040;Braunfleckiger-Perlmuttfalter;Braunfleckiger-Perlmuttfalter – Boloria selene
152403;Brintesia circe;164691;164041;Weisser Waldportier;Weisser Waldportier – Brintesia circe
152404;Cabotia oblitella;163994;164043;;Cabotia oblitella
152405;Cadra cautella;163994;164044;;Cadra cautella
152406;Calyciphora albodactylus;163994;164046;;Calyciphora albodactylus
152407;Capperia britanniodactylus;163994;164047;;Capperia britanniodactylus
152408;Capperia loranus;163994;164048;;Capperia loranus
152409;Carcharodus alceae;164691;164049;Malven-Dickkopffalter;Malven-Dickkopffalter – Carcharodus alceae
152411;Catoptria fulgidella;163994;164052;;Catoptria fulgidella
152412;Catoptria lythargyrella;163994;164053;;Catoptria lythargyrella
152413;Catoptria margaritella;163994;164054;;Catoptria margaritella
152414;Catoptria mytilella;163994;164055;;Catoptria mytilella
152415;Catoptria osthelderi;163994;164056;;Catoptria osthelderi
152416;Catoptria pinella;163994;164058;;Catoptria pinella
152417;Catoptria verellus;163994;164059;;Catoptria verellus
152418;Chazara briseis;164691;164060;Berghexe;Berghexe – Chazara briseis
152419;Chrysocrambus craterella;163994;164062;;Chrysocrambus craterella
152420;Chrysoteuchia culmella;163994;164063;;Chrysoteuchia culmella
152421;Cnaemidophorus rhododactyla;163994;164064;;Cnaemidophorus rhododactyla
152422;Coenonympha glycerion;164691;164066;Rostbraunes Wiesenvögelein;Rostbraunes Wiesenvögelein – Coenonympha glycerion
152423;Conobathra repandana;163994;164068;;Conobathra repandana
152424;Conobathra tumidana;163994;164069;;Conobathra tumidana
152425;Crambus alienellus;163994;164070;;Crambus alienellus
152426;Crambus lathoniellus;163994;164073;;Crambus lathoniellus
152427;Crambus pascuella;163994;164074;;Crambus pascuella
152428;Crambus perlella;163994;164075;;Crambus perlella
152429;Crambus pratella;163994;164076;;Crambus pratella
152430;Crambus silvella;163994;164077;;Crambus silvella
152431;Cryptoblabes bistriga;163994;164083;;Cryptoblabes bistriga
152432;Cupido argiades;164691;164084;Kurzschwänziger Bläuling;Kurzschwänziger Bläuling – Cupido argiades
152433;Cynaeda dentalis;163994;164085;;Cynaeda dentalis
152434;Diasemia reticularis;163994;164086;;Diasemia reticularis
152435;Dioryctria simplicella;163994;164091;;Dioryctria simplicella
152436;Dipleurina lacustrata;163994;164093;;Dipleurina lacustrata
152437;Dolicharthria punctalis;163994;164095;;Dolicharthria punctalis
152438;Donacaula mucronellus;163994;164096;;Donacaula mucronellus
152439;Ebulea crocealis;163994;164097;;Ebulea crocealis
152440;Eccopisa effractella;163994;164098;;Eccopisa effractella
152441;Ecpyrrhorrhoe rubiginalis;163994;164099;;Ecpyrrhorrhoe rubiginalis
152442;Elegia similella;163994;164100;;Elegia similella
152443;Elophila nymphaeata;163994;164101;;Elophila nymphaeata
152444;Emmelina monodactyla;163994;164102;;Emmelina monodactyla
152445;Endotricha flammealis;163994;164104;;Endotricha flammealis
152446;Ephestia elutella;163994;164105;;Ephestia elutella
152447;Ephestia kuehniella;163994;164106;;Ephestia kuehniella
152449;Episcythrastis tetricella;163994;164109;;Episcythrastis tetricella
152450;Etiella zinckenella;163994;164110;;Etiella zinckenella
152451;Eudonia delunella;163994;164112;;Eudonia delunella
152452;Eudonia laetella;163994;164113;;Eudonia laetella
152453;Eudonia mercurella;163994;164114;;Eudonia mercurella
152454;Eudonia murana;163994;164115;;Eudonia murana
152455;Eudonia truncicolella;163994;164116;;Eudonia truncicolella
152456;Euleioptilus carphodactyla;163994;164117;;Euleioptilus carphodactyla
152457;Euleioptilus didactylites;163994;164118;;Euleioptilus didactylites
152458;Euleioptilus distinctus;163994;164119;;Euleioptilus distinctus
152459;Eurrhypis pollinalis;163994;164121;;Eurrhypis pollinalis
152460;Euzophera fuliginosella;163994;164122;;Euzophera fuliginosella
152461;Euzophera pinguis;163994;164123;;Euzophera pinguis
152462;Evergestis extimalis;163994;164124;;Evergestis extimalis
152463;Evergestis forficalis;163994;164125;;Evergestis forficalis
152464;Evergestis limbata;163994;164126;;Evergestis limbata
152465;Evergestis pallidata;163994;164127;;Evergestis pallidata
152466;Friedlanderia cicatricella;163994;164128;;Friedlanderia cicatricella
152467;Galleria mellonella;163994;164129;;Galleria mellonella
152468;Glyptoteles leucacrinella;163994;164130;;Glyptoteles leucacrinella
152469;Hamearis lucina;164691;164131;Schlüsselblumen-Würfelfalter;Schlüsselblumen-Würfelfalter – Hamearis lucina
152470;Heliothela wulfeniana;163994;164132;;Heliothela wulfeniana
152471;Hellinsia osteodactylus;163994;164133;;Hellinsia osteodactylus
152472;Hipparchia alcyone;164691;164134;Kleiner Waldportier;Kleiner Waldportier – Hipparchia alcyone
152473;Hipparchia fagi;164691;164135;Großer Waldportier;Großer Waldportier – Hipparchia fagi
152474;Hipparchia statilinus;164691;164136;Kleine Rostbinde;Kleine Rostbinde – Hipparchia statilinus
152475;Homoeosoma nebulella;163994;164137;;Homoeosoma nebulella
152476;Homoeosoma nimbella;163994;164138;;Homoeosoma nimbella
152477;Homoeosoma sinuella;163994;164139;;Homoeosoma sinuella
152478;Hypochalcia ahenella;163994;164140;;Hypochalcia ahenella
152479;Hypochalcia lignella;163994;164141;;Hypochalcia lignella
152480;Hypsopygia costalis;163994;164142;;Hypsopygia costalis
152481;Lampides boeticus;164691;164143;Großer Wanderbläuling;Großer Wanderbläuling – Lampides boeticus
152483;Limenitis reducta;164691;164145;Blauschwarzer Eisvogel;Blauschwarzer Eisvogel – Limenitis reducta
152484;Lopinga achine;164691;164146;Gelbringfalter;Gelbringfalter – Lopinga achine
152485;Loxostege sticticalis;163994;164147;;Loxostege sticticalis
152486;Lycaena alciphron;164691;164148;Violetter Feuerfalter;Violetter Feuerfalter – Lycaena alciphron
152487;Lycaena hippothoe;164691;164149;Lilagold-Feuerfalter;Lilagold-Feuerfalter – Lycaena hippothoe
152488;Lycaena tityrus;164691;164150;Brauner Feuerfalter;Brauner Feuerfalter – Lycaena tityrus
152489;Marasmarcha lunaedactyla;163994;164151;;Marasmarcha lunaedactyla
152490;Melissoblaptes zelleri;163994;164152;;Melissoblaptes zelleri
152492;Merrifieldia baliodactylus;163994;164154;;Merrifieldia baliodactylus
152493;Merrifieldia leucodactyla;163994;164155;;Merrifieldia leucodactyla
152494;Merrifieldia spilodactylus;163994;164156;;Merrifieldia spilodactylus
152495;Merrifieldia tridactyla;163994;164157;;Merrifieldia tridactyla
152496;Minois dryas;164691;164159;Blauäugiger Waldportier;Blauäugiger Waldportier – Minois dryas
152497;Myelois circumvoluta;163994;164160;;Myelois circumvoluta
152498;Nascia cilialis;163994;164161;;Nascia cilialis
152499;Neozephyrus quercus;164691;164162;Blauer Eichen-Zipfelfalter;Blauer Eichen-Zipfelfalter – Neozephyrus quercus
152500;Nephopterix angustella;163994;164163;;Nephopterix angustella
152501;Nomophila noctualis;163994;164164;;Nomophila noctualis
152502;Nyctegretis lineana;163994;164165;;Nyctegretis lineana
152503;Nymphalis xanthomelas;164691;164166;Östlicher Grosser Fuchs;Östlicher Grosser Fuchs – Nymphalis xanthomelas
152504;Nymphula stagnata;163994;164167;;Nymphula stagnata
152505;Oidaematophorus lithodactyla;163994;164168;;Oidaematophorus lithodactyla
152506;Opsibotys fuscalis;163994;164172;;Opsibotys fuscalis
152507;Ortholepis betulae;163994;164173;;Ortholepis betulae
152508;Orthopygia glaucinalis;163994;164174;;Orthopygia glaucinalis
152509;Ostrinia nubilalis;163994;164175;;Ostrinia nubilalis
152510;Ostrinia palustralis;163994;164176;;Ostrinia palustralis
152511;Ovendenia lienigianus;163994;164177;;Ovendenia lienigianus
152512;Oxyptilus chrysodactyla;163994;164178;;Oxyptilus chrysodactyla
152513;Oxyptilus distans;163994;164179;;Oxyptilus distans
152514;Oxyptilus parvidactyla;163994;164180;;Oxyptilus parvidactyla
152515;Oxyptilus pilosellae;163994;164181;;Oxyptilus pilosellae
152516;Palpita unionalis;163994;164182;;Palpita unionalis
152518;Paralipsa gularis;163994;164185;;Paralipsa gularis
152519;Parapoynx stratiotata;163994;164187;;Parapoynx stratiotata
152520;Paratalanta hyalinalis;163994;164188;;Paratalanta hyalinalis
152521;Paratalanta pandalis;163994;164189;;Paratalanta pandalis
152522;Pediasia aridella;163994;164190;;Pediasia aridella
152523;Pediasia contaminella;163994;164191;;Pediasia contaminella
152524;Pediasia fascelinella;163994;164192;;Pediasia fascelinella
152525;Pediasia luteella;163994;164193;;Pediasia luteella
152526;Pempelia formosa;163994;164194;;Pempelia formosa
152527;Pempelia obductella;163994;164195;;Pempelia obductella
152528;Pempelia palumbella;163994;164196;;Pempelia palumbella
152529;Pempeliella dilutella;163994;164197;;Pempeliella dilutella
152530;Pempeliella ornatella;163994;164198;;Pempeliella ornatella
152531;Phlyctaenia coronata;163994;164201;;Phlyctaenia coronata
152532;Phlyctaenia stachydalis;163994;164203;;Phlyctaenia stachydalis
152533;Phycita roborella;163994;164205;;Phycita roborella
152534;Phycitodes albatella;163994;164206;;Phycitodes albatella
152535;Phycitodes binaevella;163994;164207;;Phycitodes binaevella
152536;Phycitodes maritima;163994;164208;;Phycitodes maritima
152537;Phycitodes saxicola;163994;164209;;Phycitodes saxicola
152538;Platyptilia calodactyla;163994;164210;;Platyptilia calodactyla
152539;Platyptilia capnodactylus;163994;164211;;Platyptilia capnodactylus
152540;Platyptilia gonodactyla;163994;164212;;Platyptilia gonodactyla
152541;Platyptilia isodactylus;163994;164213;;Platyptilia isodactylus
152542;Platyptilia nemoralis;163994;164214;;Platyptilia nemoralis
152543;Platyptilia pallidactyla;163994;164215;;Platyptilia pallidactyla
152544;Platyptilia tesseradactyla;163994;164216;;Platyptilia tesseradactyla
152545;Platyptilia tetradactyla;163994;164217;;Platyptilia tetradactyla
152546;Platytes cerussella;163994;164219;;Platytes cerussella
152548;Plebejus idas;164691;164221;Idas-Bläuling;Idas-Bläuling – Plebejus idas
152549;Plebejus optilete;164691;164222;Hochmoor-Bläuling;Hochmoor-Bläuling – Plebejus optilete
152550;Pleuroptya ruralis;163994;164223;;Pleuroptya ruralis
152551;Plodia interpunctella;163994;164224;;Plodia interpunctella
152552;Psammotis pulveralis;163994;164225;;Psammotis pulveralis
152553;Pseudophilotes baton;164691;164226;Quendel-Bläuling;Quendel-Bläuling – Pseudophilotes baton
152554;Pterophorus pentadactyla;163994;164227;;Pterophorus pentadactyla
152555;Pyla fusca;163994;164228;;Pyla fusca
152556;Pyralis farinalis;163994;164229;;Pyralis farinalis
152557;Pyrausta aurata;163994;164230;;Pyrausta aurata
152558;Pyrausta despicata;163994;164232;;Pyrausta despicata
152559;Pyrausta purpuralis;163994;164234;;Pyrausta purpuralis
152560;Salebriopsis albicilla;163994;164237;;Salebriopsis albicilla
152561;Satyrium ilicis;164691;164238;Brauner Eichen-Zipfelfalter;Brauner Eichen-Zipfelfalter – Satyrium ilicis
152562;Satyrium pruni;164691;164239;Pflaumen-Zipfelfalter;Pflaumen-Zipfelfalter – Satyrium pruni
152563;Satyrium spini;164691;164240;Kreuzdorn-Zipfelfalter;Kreuzdorn-Zipfelfalter – Satyrium spini
152564;Satyrium w-album;164691;164241;Ulmen-Zipfelfalter;Ulmen-Zipfelfalter – Satyrium w-album
152565;Schoenobius forficella;163994;164242;;Schoenobius forficella
152566;Schoenobius gigantella;163994;164243;;Schoenobius gigantella
152567;Sciota adelphella;163994;164244;;Sciota adelphella
152568;Sciota hostilis;163994;164245;;Sciota hostilis
152569;Sciota rhenella;163994;164246;;Sciota rhenella
152570;Scolitantides orion;164691;164247;Fetthennen-Bläuling;Fetthennen-Bläuling – Scolitantides orion
152571;Scoparia ambigualis;163994;164248;;Scoparia ambigualis
152572;Scoparia basistrigalis;163994;164249;;Scoparia basistrigalis
152573;Scoparia conicella;163994;164250;;Scoparia conicella
152574;Scoparia pyralella;163994;164251;;Scoparia pyralella
152575;Scoparia subfusca;163994;164252;;Scoparia subfusca
152576;Selagia spadicella;163994;164254;;Selagia spadicella
152577;Sitochroa palealis;163994;164255;;Sitochroa palealis
152578;Stenoptilia bipunctidactyla;163994;164257;;Stenoptilia bipunctidactyla
152579;Stenoptilia pelidnodactyla;163994;164258;;Stenoptilia pelidnodactyla
152580;Stenoptilia pneumonanthes;163994;164259;;Stenoptilia pneumonanthes
152581;Stenoptilia pterodactyla;163994;164260;;Stenoptilia pterodactyla
152582;Stenoptilia zophodactylus;163994;164261;;Stenoptilia zophodactylus
152583;Synaphe punctalis;163994;164262;;Synaphe punctalis
152584;Thisanotia chrysonuchella;163994;164263;;Thisanotia chrysonuchella
152585;Trachonitis cristella;163994;164266;;Trachonitis cristella
152586;Trachycera advenella;163994;164267;;Trachycera advenella
152587;Trachycera marmorea;163994;164268;;Trachycera marmorea
152588;Trachycera suavella;163994;164269;;Trachycera suavella
152589;Udea ferrugalis;163994;164270;;Udea ferrugalis
152590;Udea hamalis;163994;164271;;Udea hamalis
152591;Udea institalis;163994;164272;;Udea institalis
152592;Udea lutealis;163994;164273;;Udea lutealis
152593;Udea olivalis;163994;164274;;Udea olivalis
152594;Udea prunalis;163994;164275;;Udea prunalis
152595;Uresiphita gilvata;163994;164276;;Uresiphita gilvata
152596;Vitula biviella;163994;164277;;Vitula biviella
152597;Witlesia pallida;163994;164278;;Witlesia pallida
152598;Zophodia grossulariella;163994;164282;;Zophodia grossulariella
152599;Aethalura punctulata;164283;164288;;Aethalura punctulata
152600;Agriopis aurantiaria;164283;164289;;Agriopis aurantiaria
152601;Agriopis bajaria;164283;164290;;Agriopis bajaria
152602;Agriopis leucophaearia;164283;164291;;Agriopis leucophaearia
152603;Agriopis marginaria;164283;164292;;Agriopis marginaria
152604;Alcis bastelbergeri;164283;164293;;Alcis bastelbergeri
152605;Alcis repandata;164283;164295;;Alcis repandata
152606;Aleucis distinctata;164283;164296;Schlehenheckenspanner;Schlehenheckenspanner – Aleucis distinctata
152607;Alsophila aescularia;164283;164298;Frühlings-Kreuzflügel;Frühlings-Kreuzflügel – Alsophila aescularia
152608;Antonechloris smaragdaria;164283;164306;Smaragdspanner;Smaragdspanner – Antonechloris smaragdaria
152609;Aplocera efformata;164283;164309;;Aplocera efformata
152610;Aplocera plagiata;164283;164310;Grauspanner;Grauspanner – Aplocera plagiata
152611;Aplocera praeformata;164283;164311;Bergheiden-Johanniskraut-Spanner;Bergheiden-Johanniskraut-Spanner – Aplocera praeformata
152612;Apocheima pilosaria;164283;164313;Schneespanner;Schneespanner – Apocheima pilosaria
152613;Artiora evonymaria;164283;164317;Pfaffenhütchen-Wellrandspanner;Pfaffenhütchen-Wellrandspanner – Artiora evonymaria
152614;Biston strataria;164283;164323;Pappelspanner;Pappelspanner – Biston strataria
152615;Bupalus piniaria;164283;164328;Kiefernspanner;Kiefernspanner – Bupalus piniaria
152616;Cabera exanthemata;164283;164329;Braunstirn-Weißspanner;Braunstirn-Weißspanner – Cabera exanthemata
152617;Camptogramma bilineata;164283;164340;;Camptogramma bilineata
152618;Cataclysme riguata;164283;164341;Hügelmeier-Blattspanner;Hügelmeier-Blattspanner – Cataclysme riguata
152619;Catarhoe rubidata;164283;164343;Rotbinden-Blattspanner;Rotbinden-Blattspanner – Catarhoe rubidata
152620;Cepphis advenaria;164283;164345;;Cepphis advenaria
152621;Charissa obscurata;164283;164346;;Charissa obscurata
152622;Chloroclysta citrata;164283;164352;;Chloroclysta citrata
152623;Chloroclystis v-ata;164283;164357;Grüner blütenspanner;Grüner blütenspanner – Chloroclystis v-ata
152624;Colostygia aptata;164283;164372;;Colostygia aptata
152625;Colostygia multistrigaria;164283;164373;;Colostygia multistrigaria
152626;Colostygia olivata;164283;164374;;Colostygia olivata
152627;Cosmorhoe ocellata;164283;164378;Schwarzaugen-Bindenspanner;Schwarzaugen-Bindenspanner – Cosmorhoe ocellata
152628;Crocallis elinguaria;164283;164380;Heller Schmuckspanner;Heller Schmuckspanner – Crocallis elinguaria
152629;Cyclophora albipunctata;164283;164382;;Cyclophora albipunctata
152630;Cyclophora annularia;164283;164383;Ahorn-Gürtelpuppenspanner;Ahorn-Gürtelpuppenspanner – Cyclophora annularia
152631;Cyclophora punctaria;164283;164387;;Cyclophora punctaria
152632;Cyclophora puppillaria;164283;164388;;Cyclophora puppillaria
152633;Ecliptopera capitata;164283;164399;;Ecliptopera capitata
152634;Ecliptopera silaceata;164283;164400;;Ecliptopera silaceata
152635;Ectropis crepuscularia;164283;164402;;Ectropis crepuscularia
152636;Electrophaes corylata;164283;164403;;Electrophaes corylata
152637;Ennomos autumnaria;164283;164408;Herbst-Zackenrandspanner;Herbst-Zackenrandspanner – Ennomos autumnaria
152638;Ennomos erosaria;164283;164409;Birken-Zackenrandspanner;Birken-Zackenrandspanner – Ennomos erosaria
152639;Ennomos fuscantaria;164283;164410;Eschen-Zackenrandspanner;Eschen-Zackenrandspanner – Ennomos fuscantaria
152640;Epione repandaria;164283;164412;Erlen-Saumbandspanner;Erlen-Saumbandspanner – Epione repandaria
152641;Epirrhoe alternata;164283;164415;;Epirrhoe alternata
152642;Epirrhoe hastulata;164283;164417;;Epirrhoe hastulata
152643;Epirrhoe molluginata;164283;164418;;Epirrhoe molluginata
152644;Epirrhoe rivata;164283;164419;;Epirrhoe rivata
152645;Epirrhoe tristata;164283;164420;;Epirrhoe tristata
152646;Epirrita autumnata;164283;164421;;Epirrita autumnata
152647;Epirrita christyi;164283;164422;;Epirrita christyi
152648;Epirrita dilutata;164283;164423;;Epirrita dilutata
152649;Euphyia biangulata;164283;164431;Sternmieren-Blattspanner;Sternmieren-Blattspanner – Euphyia biangulata
152650;Eupithecia abietaria;164283;164438;;Eupithecia abietaria
152651;Eupithecia absinthiata;164283;164439;;Eupithecia absinthiata
152652;Eupithecia analoga;164283;164441;;Eupithecia analoga
152653;Eupithecia icterata;164283;164454;Schafgarben-Blütenspanner;Schafgarben-Blütenspanner – Eupithecia icterata
152654;Eupithecia innotata;164283;164458;Feldbeifuss-Blütenspanner;Feldbeifuss-Blütenspanner – Eupithecia innotata
152655;Eupithecia lariciata;164283;164464;Lärchen-Blütenspanner;Lärchen-Blütenspanner – Eupithecia lariciata
152656;Eupithecia pimpinellata;164283;164468;;Eupithecia pimpinellata
152657;Eupithecia pusillata;164283;164472;Blutenspanner;Blutenspanner – Eupithecia pusillata
152658;Eupithecia simpliciata;164283;164478;Melden-Blütenspanner;Melden-Blütenspanner – Eupithecia simpliciata
152659;Eupithecia sinuosaria;164283;164479;;Eupithecia sinuosaria
152660;Eupithecia subfuscata;164283;164480;;Eupithecia subfuscata
152661;Eupithecia succenturiata;164283;164483;;Eupithecia succenturiata
152662;Eupithecia tenuiata;164283;164485;Weiden-blütenspanner;Weiden-blütenspanner – Eupithecia tenuiata
152663;Eupithecia tripunctaria;164283;164486;;Eupithecia tripunctaria
152664;Eupithecia trisignaria;164283;164487;;Eupithecia trisignaria
152665;Eupithecia valerianata;164283;164488;Baldrian-blütenspanner;Baldrian-blütenspanner – Eupithecia valerianata
152666;Eupithecia vulgata;164283;164491;;Eupithecia vulgata
152667;Geometra papilionaria;164283;164494;Grünes Blatt;Grünes Blatt – Geometra papilionaria
152668;Gymnoscelis rufifasciata;164283;164496;;Gymnoscelis rufifasciata
152670;Hemithea aestivaria;164283;164499;Gebüsch-grünspanner;Gebüsch-grünspanner – Hemithea aestivaria
152671;Horisme radicaria;164283;164500;;Horisme radicaria
152672;Hydrelia sylvata;164283;164504;Grauer Erlenspanner;Grauer Erlenspanner – Hydrelia sylvata
152673;Hydriomena furcata;164283;164505;;Hydriomena furcata
152674;Hydriomena impluviata;164283;164506;;Hydriomena impluviata
152675;Hylaea fasciaria;164283;164508;;Hylaea fasciaria
152676;Hypomecis punctinalis;164283;164509;;Hypomecis punctinalis
152677;Hypomecis roboraria;164283;164510;Großer Rindenspanner;Großer Rindenspanner – Hypomecis roboraria
152678;Idaea aureolaria;164283;164512;;Idaea aureolaria
152679;Idaea aversata;164283;164513;;Idaea aversata
152680;Idaea biselata;164283;164514;;Idaea biselata
152681;Idaea contiguaria;164283;164515;Fetthennen-Felsflur-Kleinspanner;Fetthennen-Felsflur-Kleinspanner – Idaea contiguaria
152682;Idaea deversaria;164283;164516;;Idaea deversaria
152683;Idaea dilutaria;164283;164517;;Idaea dilutaria
152684;Idaea dimidiata;164283;164518;;Idaea dimidiata
152685;Idaea emarginata;164283;164519;;Idaea emarginata
152686;Idaea fuscovenosa;164283;164520;;Idaea fuscovenosa
152687;Idaea humiliata;164283;164521;;Idaea humiliata
152688;Idaea inquinata;164283;164522;;Idaea inquinata
152689;Idaea laevigata;164283;164523;;Idaea laevigata
152690;Idaea muricata;164283;164524;Purpurstreifen-Zwergspanner;Purpurstreifen-Zwergspanner – Idaea muricata
152691;Idaea ochrata;164283;164525;;Idaea ochrata
152692;Idaea pallidata;164283;164526;;Idaea pallidata
152693;Idaea rufaria;164283;164527;;Idaea rufaria
152694;Idaea rusticata;164283;164528;Südlicher Zwergspanner;Südlicher Zwergspanner – Idaea rusticata
152695;Idaea seriata;164283;164529;;Idaea seriata
152696;Idaea serpentata;164283;164530;;Idaea serpentata
152697;Idaea straminata;164283;164531;;Idaea straminata
152698;Idaea subsericeata;164283;164532;Olivgrauer Kleinspanner;Olivgrauer Kleinspanner – Idaea subsericeata
152699;Idaea sylvestraria;164283;164533;;Idaea sylvestraria
152700;Idaea trigeminata;164283;164534;Felsflur-Kleinspanner;Felsflur-Kleinspanner – Idaea trigeminata
152701;Itame brunneata;164283;164536;Waldmoorspanner;Waldmoorspanner – Itame brunneata
152702;Jodis lactearia;164283;164537;Laubwald-grünspanner;Laubwald-grünspanner – Jodis lactearia
152703;Jodis putata;164283;164538;Blassgrüner Heidelbeerspanner;Blassgrüner Heidelbeerspanner – Jodis putata
152704;Lampropteryx otregiata;164283;164539;Sumpflabkraut-Blattspanner;Sumpflabkraut-Blattspanner – Lampropteryx otregiata
152705;Lampropteryx suffumata;164283;164540;Labkraut-Bindenspanner;Labkraut-Bindenspanner – Lampropteryx suffumata
152706;Ligdia adustata;164283;164543;Pfaffenhütchen-Harlekin;Pfaffenhütchen-Harlekin – Ligdia adustata
152707;Lithostege griseata;164283;164544;;Lithostege griseata
152708;Lomaspilis marginata;164283;164546;Vogelschmeiss-Spanner;Vogelschmeiss-Spanner – Lomaspilis marginata
152709;Lycia hirtaria;164283;164549;Schwarzfühler-Dickleibspanner;Schwarzfühler-Dickleibspanner – Lycia hirtaria
152711;Lycia pomonaria;164283;164551;;Lycia pomonaria
152712;Lycia zonaria;164283;164552;;Lycia zonaria
152713;Lythria cruentaria;164283;164558;Purpurspanner;Purpurspanner – Lythria cruentaria
152714;Macaria alternata;164283;164560;;Macaria alternata
152715;Macaria artesiaria;164283;164561;;Macaria artesiaria
152716;Macaria liturata;164283;164562;;Macaria liturata
152717;Macaria notata;164283;164563;Gelbbrauner Eckflügelspanner;Gelbbrauner Eckflügelspanner – Macaria notata
152718;Macaria signaria;164283;164564;;Macaria signaria
152719;Macaria wauaria;164283;164565;;Macaria wauaria
152720;Melanthia procellata;164283;164566;Sturmvogel;Sturmvogel – Melanthia procellata
152721;Mesoleuca albicillata;164283;164567;Brombeer-Blattspanner;Brombeer-Blattspanner – Mesoleuca albicillata
152722;Narraga fasciolaria;164283;164570;;Narraga fasciolaria
152723;Nebula salicata;164283;164571;;Nebula salicata
152724;Odontopera bidentata;164283;164578;Doppelzahnspanner;Doppelzahnspanner – Odontopera bidentata
152725;Opisthograptis luteolata;164283;164581;Gelbspanner;Gelbspanner – Opisthograptis luteolata
152726;Orthonama obstipata;164283;164583;;Orthonama obstipata
152727;Ourapteryx sambucaria;164283;164584;Nachtschwalbenschwanz;Nachtschwalbenschwanz – Ourapteryx sambucaria
152728;Paradarisa consonaria;164283;164586;;Paradarisa consonaria
152729;Parectropis similaria;164283;164587;;Parectropis similaria
152730;Pareulype berberata;164283;164588;;Pareulype berberata
152732;Pennithera firmata;164283;164591;;Pennithera firmata
152733;Peribatodes ilicaria;164283;164593;;Peribatodes ilicaria
152734;Peribatodes rhomboidaria;164283;164594;;Peribatodes rhomboidaria
152735;Perizoma alchemillata;164283;164598;Hohlzahn-Kapselspanner;Hohlzahn-Kapselspanner – Perizoma alchemillata
152736;Perizoma didymata;164283;164601;Anemonen-Blattspanner;Anemonen-Blattspanner – Perizoma didymata
152737;Perizoma flavofasciata;164283;164602;Gelber Lichtnelken-Kapselspanner;Gelber Lichtnelken-Kapselspanner – Perizoma flavofasciata
152738;Perizoma hydrata;164283;164603;Leimkraut-Kapselspanner;Leimkraut-Kapselspanner – Perizoma hydrata
152739;Perizoma minorata;164283;164604;;Perizoma minorata
152740;Perizoma parallelolineata;164283;164605;;Perizoma parallelolineata
152741;Perizoma sagittata;164283;164606;Wiesenrauten-Blattspanner;Wiesenrauten-Blattspanner – Perizoma sagittata
152742;Petrophora chlorosata;164283;164607;Adlerfarnspanner;Adlerfarnspanner – Petrophora chlorosata
152743;Phibalapteryx virgata;164283;164608;Labkraut-Blattspanner;Labkraut-Blattspanner – Phibalapteryx virgata
152744;Plemyria rubiginata;164283;164613;;Plemyria rubiginata
152745;Rheumaptera cervinalis;164283;164618;Großer Berberitzenspanner;Großer Berberitzenspanner – Rheumaptera cervinalis
152746;Rheumaptera hastata;164283;164619;Speerspitzenspanner;Speerspitzenspanner – Rheumaptera hastata
152747;Rheumaptera subhastata;164283;164620;;Rheumaptera subhastata
152748;Rheumaptera undulata;164283;164621;Wellenspanner;Wellenspanner – Rheumaptera undulata
152749;Rhinoprora chloerata;164283;164622;;Rhinoprora chloerata
152750;Rhinoprora debiliata;164283;164623;Heidelbeer-Grünspanner;Heidelbeer-Grünspanner – Rhinoprora debiliata
152751;Rhinoprora rectangulata;164283;164624;;Rhinoprora rectangulata
152752;Rhodometra sacraria;164283;164625;;Rhodometra sacraria
152753;Scopula decorata;164283;164628;Thymian-Steppenrasen-Kleinspanner;Thymian-Steppenrasen-Kleinspanner – Scopula decorata
152754;Scopula emutaria;164283;164629;;Scopula emutaria
152755;Scopula floslactata;164283;164630;;Scopula floslactata
152756;Scopula nemoraria;164283;164635;;Scopula nemoraria
152757;Scopula nigropunctata;164283;164636;;Scopula nigropunctata
152758;Scopula rubiginata;164283;164638;Violettroter Kleinspanner;Violettroter Kleinspanner – Scopula rubiginata
152760;Scopula virgulata;164283;164642;;Scopula virgulata
152761;Scotopteryx chenopodiata;164283;164644;;Scotopteryx chenopodiata
152762;Scotopteryx luridata;164283;164646;;Scotopteryx luridata
152763;Selenia dentaria;164283;164649;Dreistreifiger Mondfleckspanner;Dreistreifiger Mondfleckspanner – Selenia dentaria
152764;Selenia lunularia;164283;164650;Zweistreifiger Mondfleckspanner;Zweistreifiger Mondfleckspanner – Selenia lunularia
152765;Stegania trimaculata;164283;164657;Dreifleck-Pappelspanner;Dreifleck-Pappelspanner – Stegania trimaculata
152766;Thera britannica;164283;164671;;Thera britannica
152767;Thera vetustata;164283;164676;Bergfichtenwald-Blattspanner;Bergfichtenwald-Blattspanner – Thera vetustata
152768;Timandra griseata;164283;164679;;Timandra griseata
152769;Trichopteryx polycommata;164283;164681;;Trichopteryx polycommata
152770;Xanthorhoe biriviata;164283;164684;Springkraut-Blattspanner;Springkraut-Blattspanner – Xanthorhoe biriviata
152771;Xanthorhoe designata;164283;164685;Kohl-Blattspanner;Kohl-Blattspanner – Xanthorhoe designata
152772;Xanthorhoe ferrugata;164283;164686;;Xanthorhoe ferrugata
152773;Xanthorhoe fluctuata;164283;164687;Garten-Blattspanner;Garten-Blattspanner – Xanthorhoe fluctuata
152774;Xanthorhoe montanata;164283;164688;;Xanthorhoe montanata
152775;Xanthorhoe quadrifasciata;164283;164689;;Xanthorhoe quadrifasciata
152776;Xanthorhoe spadicearia;164283;164690;;Xanthorhoe spadicearia
152777;Argynnis aglaja;164691;164701;Großer Perlmutterfalter;Großer Perlmutterfalter – Argynnis aglaja
152778;Colias alfacariensis;164691;164720;Hufeisenklee-Heufalter;Hufeisenklee-Heufalter – Colias alfacariensis
152779;Lycaena virgaureae;164691;164760;Dukatenfalter;Dukatenfalter – Lycaena virgaureae
152787;Polyommatus thersites;164691;164804;Kleiner Esparsetten-Bläuling;Kleiner Esparsetten-Bläuling – Polyommatus thersites
152788;Pyrgus carthami;164691;164808;Steppenheide-Puzzlefalter;Steppenheide-Puzzlefalter – Pyrgus carthami
152789;Thymelicus acteon;164691;164818;Mattscheckiger Braundickkopffalter;Mattscheckiger Braundickkopffalter – Thymelicus acteon
152790;Thymelicus lineola;164691;164819;Schwarzkolbiger Braundickkopffalter;Schwarzkolbiger Braundickkopffalter – Thymelicus lineola
152791;Thymelicus sylvestris;164691;164821;Ockergelber Braundickkopffalter;Ockergelber Braundickkopffalter – Thymelicus sylvestris
152794;Anodonta cygnea-Komplex;164830;164850;;Anodonta cygnea-Komplex
152795;Arion distinctus-hortensis-Komplex;164830;164858;;Arion distinctus-hortensis-Komplex
152797;Boettgerilla pallens;164830;164874;Wurmnacktschnecke;Wurmnacktschnecke – Boettgerilla pallens
152799;Bythinella spec.;164830;164877;;Bythinella spec.
152805;Corbicula fluminalis;164830;164908;Feingestreifte Körbchenmuschel;Feingestreifte Körbchenmuschel – Corbicula fluminalis
152806;Corbicula spec.;164830;164910;;Corbicula spec.
152810;Fruticicola fruticum;164830;164933;Genabelte Strauchschnecke;Genabelte Strauchschnecke – Fruticicola fruticum
152820;Pupilla muscorum-Komplex;164830;165024;;Pupilla muscorum-Komplex
152825;Theodoxus spec.;164830;165052;;Theodoxus spec.
152826;Unio crassus;164830;165060;Gemeine Flussmuschel;Gemeine Flussmuschel – Unio crassus
152828;Valvata macrostoma;164830;165071;Sumpf-Federkiemenschnecke;Sumpf-Federkiemenschnecke – Valvata macrostoma
152831;Zonitoides excavatus;164830;165095;Britische Dolchschnecke;Britische Dolchschnecke – Zonitoides excavatus
152832;Stichostemma graecense;165097;165098;;Stichostemma graecense
152833;Abacoproeces saltuum;165099;165100;;Abacoproeces saltuum
152834;Acartauchenius scurrilis;165099;165101;;Acartauchenius scurrilis
152835;Agroeca lusatica;165099;165114;Lausitzer Feldspinne;Lausitzer Feldspinne – Agroeca lusatica
152836;Alopecosa fabrilis;165099;165126;Künstlerische Tarantel;Künstlerische Tarantel – Alopecosa fabrilis
152837;Alopecosa striatipes;165099;165129;Streifbeinige Tarantel;Streifbeinige Tarantel – Alopecosa striatipes
152838;Alopecosa trabalis;165099;165130;Balken-Tarantel;Balken-Tarantel – Alopecosa trabalis
152839;Altella biuncata;165099;165132;;Altella biuncata
152840;Altella lucida;165099;165133;Leuchtende Kräuselspinne;Leuchtende Kräuselspinne – Altella lucida
152841;Amaurobius obustus;165099;165136;;Amaurobius obustus
152842;Amaurobius pallidus;165099;165137;Blasse Finsterspinne;Blasse Finsterspinne – Amaurobius pallidus
152843;Anelosimus vittatus;165099;165141;;Anelosimus vittatus
152844;Araniella displicata;165099;165159;Unzufriedene Kreuzspinne;Unzufriedene Kreuzspinne – Araniella displicata
152845;Argenna patula;165099;165166;;Argenna patula
152846;Atypus piceus;165099;165172;Pechschwarze Tapezierspinne;Pechschwarze Tapezierspinne – Atypus piceus
152847;Centromerus cavernarum;165099;165191;;Centromerus cavernarum
152848;Centromerus sellarius;165099;165199;;Centromerus sellarius
152849;Cetonana laticeps;165099;165211;;Cetonana laticeps
152850;Chalcoscirtus infimus;165099;165212;;Chalcoscirtus infimus
152851;Cheiracanthium pennyi;165099;165215;Cambridges Dornfinger;Cambridges Dornfinger – Cheiracanthium pennyi
152852;Cinetata gradata;165099;165219;;Cinetata gradata
152853;Coelotes atropos;165099;165240;Große Wald-Trichterspinne;Große Wald-Trichterspinne – Coelotes atropos
152854;Comaroma simoni;165099;165246;Simons Zwergkugelspinne;Simons Zwergkugelspinne – Comaroma simoni
152855;Dendryphantes hastatus;165099;165252;;Dendryphantes hastatus
152856;Dipoena coracina;165099;165272;;Dipoena coracina
152857;Dolomedes fimbriatus;165099;165278;Gerandete Jagdspinne;Gerandete Jagdspinne – Dolomedes fimbriatus
152858;Dolomedes plantarius;165099;165279;Gerandete Wasserspinne;Gerandete Wasserspinne – Dolomedes plantarius
152859;Drassodes villosus;165099;165287;;Drassodes villosus
152860;Echemus angustifrons;165099;165296;;Echemus angustifrons
152861;Enoplognatha caricis;165099;165297;;Enoplognatha caricis
152862;Episinus truncatus;165099;165309;;Episinus truncatus
152863;Erigone promiscua;165099;165316;;Erigone promiscua
152864;Erigonoplus globipes;165099;165319;;Erigonoplus globipes
152865;Ero cambridgei;165099;165322;Cambridges Spinnenfresser;Cambridges Spinnenfresser – Ero cambridgei
152866;Euophrys herbigrada;165099;165327;;Euophrys herbigrada
152867;Frontinellina frutetorum;165099;165337;;Frontinellina frutetorum
152868;Gibbaranea bituberculata;165099;165338;Zweihöckerige Kreuzspinne;Zweihöckerige Kreuzspinne – Gibbaranea bituberculata
152869;Gnaphosa bicolor;165099;165343;Zweifarbige Plattbauchspinne;Zweifarbige Plattbauchspinne – Gnaphosa bicolor
152870;Gnaphosa leporina;165099;165344;Hüpfende Plattbauchspinne;Hüpfende Plattbauchspinne – Gnaphosa leporina
152871;Gnaphosa lucifuga;165099;165345;Leuchtende Plattbauchspinne;Leuchtende Plattbauchspinne – Gnaphosa lucifuga
152872;Gnaphosa lugubris;165099;165346;Traurige Plattbauchspinne;Traurige Plattbauchspinne – Gnaphosa lugubris
152873;Gnaphosa muscorum;165099;165347;;Gnaphosa muscorum
152874;Gonatium hilare;165099;165349;;Gonatium hilare
152875;Gonatium paradoxum;165099;165350;;Gonatium paradoxum
152876;Gonatium rubellum;165099;165352;;Gonatium rubellum
152877;Harpactea lepida;165099;165369;Hüpfende Sechsaugenspinne;Hüpfende Sechsaugenspinne – Harpactea lepida
152878;Kaestneria dorsalis;165099;165398;;Kaestneria dorsalis
152879;Larinioides sclopetarius;165099;165405;Brücken-Kreuzspinne;Brücken-Kreuzspinne – Larinioides sclopetarius
152880;Incestophantes crucifer;165099;165414;;Incestophantes crucifer
152881;Liocranum rutilans;165099;165435;;Liocranum rutilans
152882;Megalepthyphantes nebulosus;165099;165447;;Megalepthyphantes nebulosus
152883;Meioneta affinis;165099;165448;;Meioneta affinis
152884;Meioneta fuscipalpa;165099;165451;;Meioneta fuscipalpa
152885;Micaria guttulata;165099;165465;Gefleckte Ameisenplattbauchspinne;Gefleckte Ameisenplattbauchspinne – Micaria guttulata
152886;Micaria nivosa;165099;165467;Schnee-Ameisenplattbauchspinne;Schnee-Ameisenplattbauchspinne – Micaria nivosa
152887;Micaria silesiaca;165099;165469;;Micaria silesiaca
152888;Microlinyphia pusilla;165099;165475;;Microlinyphia pusilla
152889;Monocephalus castaneipes;165099;165484;Braunbeiniger Einkopf;Braunbeiniger Einkopf – Monocephalus castaneipes
152890;Neon valentulus;165099;165491;;Neon valentulus
152891;Neottiura bimaculata;165099;165493;;Neottiura bimaculata
152892;Neriene furtiva;165099;165496;;Neriene furtiva
152893;Ozyptila blackwalli;165099;165518;;Ozyptila blackwalli
152894;Ozyptila sanctuaria;165099;165524;;Ozyptila sanctuaria
152895;Ozyptila scabricula;165099;165526;;Ozyptila scabricula
152896;Panamomops inconspicuus;165099;165533;;Panamomops inconspicuus
152897;Parapelecopsis nemoralis;165099;165535;;Parapelecopsis nemoralis
152898;Pardosa morosa;165099;165542;;Pardosa morosa
152899;Pardosa paludicola;165099;165544;Sumpfbewohnende Wolfspinne;Sumpfbewohnende Wolfspinne – Pardosa paludicola
152900;Pelecopsis parallela;165099;165550;;Pelecopsis parallela
152901;Pelecopsis radicicola;165099;165551;;Pelecopsis radicicola
152902;Pellenes tripunctatus;165099;165552;;Pellenes tripunctatus
152903;Pistius truncatus;165099;165585;;Pistius truncatus
152904;Kishidaia conspicua;165099;165589;;Kishidaia conspicua
152905;Porrhomma microphthalmum;165099;165600;Kleinäugiges Fernauge;Kleinäugiges Fernauge – Porrhomma microphthalmum
152906;Porrhomma montanum;165099;165602;Berg-Fernauge;Berg-Fernauge – Porrhomma montanum
152907;Prinerigone vagans;165099;165608;Umherstreifende Zwergspinne;Umherstreifende Zwergspinne – Prinerigone vagans
152908;Pseudomaro aenigmaticus;165099;165610;;Pseudomaro aenigmaticus
152909;Psilochorus simoni;165099;165612;Simons Zitterspinne;Simons Zitterspinne – Psilochorus simoni
152910;Scotina palliardii;165099;165628;;Scotina palliardii
152911;Simitidion simile;165099;165638;;Simitidion simile
152912;Sitticus distinguendus;165099;165643;Buntgefärbte Springerin;Buntgefärbte Springerin – Sitticus distinguendus
152913;Sitticus rupicola;165099;165646;;Sitticus rupicola
152914;Sitticus terebratus;165099;165649;;Sitticus terebratus
152915;Syedra gracilis;165099;165656;;Syedra gracilis
152916;Synageles venator;165099;165658;;Synageles venator
152917;Talavera petrensis;165099;165661;;Talavera petrensis
152918;Tapinocyba biscissa;165099;165663;;Tapinocyba biscissa
152919;Tegenaria parietina;165099;165675;;Tegenaria parietina
152920;Thanatus sabulosus;165099;165688;;Thanatus sabulosus
152921;Thomisus onustus;165099;165706;;Thomisus onustus
152922;Tiso aestivus;165099;165711;;Tiso aestivus
152923;Trichoncus saxicola;165099;165719;;Trichoncus saxicola
152924;Tuberta maerens;165099;165730;;Tuberta maerens
152925;Urozelotes rusticus;165099;165733;;Urozelotes rusticus
152926;Xysticus kempeleni;165099;165760;;Xysticus kempeleni
152927;Xysticus ninnii;165099;165764;;Xysticus ninnii
152928;Zilla diodia;165099;165777;;Zilla diodia
152929;Ephydatia spec.;165838;165841;;Ephydatia spec.
152930;Corvus corone;165844;165845;Rabenkrähe;Rabenkrähe – Corvus corone
152931;Linaria cannabina;165844;165868;Bluthänfling;Bluthänfling – Linaria cannabina
152932;Phoenicopterus chilensis;165844;165876;Chileflamingo;Chileflamingo – Phoenicopterus chilensis
152933;Psittacula eupatria;165844;165914;Großer Alexandersittich;Großer Alexandersittich – Psittacula eupatria
152934;Tadorna ferruginea;165844;165997;Rostgans;Rostgans – Tadorna ferruginea
152935;Columba livia f. domesticus;165844;166046;Stadttaube;Stadttaube – Columba livia f. domesticus
152936;Meleagris gallopavo;165844;166061;Truthuhn;Truthuhn – Meleagris gallopavo
152936;Meleagris gallopavo;187285;187423;Truthuhn;Truthuhn – Meleagris gallopavo
152937;Nepa cinerea;166104;166189;Wasserskorpion;Wasserskorpion – Nepa cinerea
152938;Plea minutissima;166104;166223;;Plea minutissima
152939;Bibio hortulanus;166256;166287;;Bibio hortulanus
152940;Chironomus plumosus;166256;166347;;Chironomus plumosus
152941;Chironomus thumni;166256;166349;;Chironomus thumni
152942;Cyclorrhapha-Larven;166256;166377;;Cyclorrhapha-Larven
152943;Nematocera-Larven;166256;166618;;Nematocera-Larven
152944;Orthorrhapha-Larven;166256;166633;;Orthorrhapha-Larven
152945;Rheotanytarsus spec.;166256;166713;;Rheotanytarsus spec.
155149;Mollusken;204339;366315;;Mollusken
155364;Baetis digitatus;158540;178069;;Baetis digitatus
155365;Baetis lutheri;158540;178070;;Baetis lutheri
155366;Baetis melanonyx;158540;178071;;Baetis melanonyx
155367;Baetis tracheatus;158540;178072;;Baetis tracheatus
155368;Brachycercus harrisella;158540;178073;;Brachycercus harrisella
155369;Caenis robusta;158540;178074;;Caenis robusta
155370;Caenis luctuosa;158540;178075;;Caenis luctuosa
155371;Caenis pseudorivulorum;158540;178076;;Caenis pseudorivulorum
155372;Caenis beskidensis;158540;178077;;Caenis beskidensis
155374;Electrogena lateralis;158540;178079;;Electrogena lateralis
155375;Electrogena ujhelyii;158540;178080;;Electrogena ujhelyii
155376;Ephemerella notata;158540;178081;;Ephemerella notata
155377;Metreletus balcanicus;158540;178082;;Metreletus balcanicus
155378;Procloeon bifidum;158540;178083;;Procloeon bifidum
155379;Procloeon pennulatum;158540;178084;;Procloeon pennulatum
155380;Prosopistoma foliaceum;158540;178085;;Prosopistoma foliaceum
155381;Siphlonurus armatus;158540;178086;;Siphlonurus armatus
155382;Siphlonurus lacustris;158540;178087;;Siphlonurus lacustris
155383;Habroleptoides confusa;158540;178088;;Habroleptoides confusa
155384;Isonychia ignota;158540;178089;;Isonychia ignota
155385;Dytiscus latissimus;161165;178090;Breitrand;Breitrand – Dytiscus latissimus
155386;Osmoderma eremita;161165;178091;Eremit;Eremit – Osmoderma eremita
155387;Lymnaea spec.;164830;178092;;Lymnaea spec.
155388;Lestes viridis;162960;178093;Weidenjungfer;Weidenjungfer – Lestes viridis
155389;Simulium urbanum;166256;178094;;Simulium urbanum
155390;Simulium vernum;166256;178095;;Simulium vernum
155391;Simulium eryhtrocephalum;166256;178096;;Simulium eryhtrocephalum
155392;Simulium angustipes;166256;178097;;Simulium angustipes
155393;Isopterna serricornis;165789;178098;;Isopterna serricornis
155394;Amphinemura standfussi;165789;178099;;Amphinemura standfussi
155395;Paratachys bistriatus;160553;178100;;Paratachys bistriatus
155396;Paratachys micros;160553;178101;Heller Zwergahlenläufer;Heller Zwergahlenläufer – Paratachys micros
159252;Trachemys scripta elegans;244080;182753;Rotwangen-Schmuckschildkröte;Rotwangen-Schmuckschildkröte – Trachemys scripta elegans
159253;Rana spec.;158512;182754;Frosch (unbestimmt);Frosch (unbestimmt) – Rana spec.
159254;Sympetrum meridionale;162960;182755;Südliche Heidelibelle;Südliche Heidelibelle – Sympetrum meridionale
159255;Tamias sibiricus;163127;182756;Sibirisches Streifenhörnchen;Sibirisches Streifenhörnchen – Tamias sibiricus
159256;Chiroptera spec.;163127;182757;Fledermaus (unbestimmt);Fledermaus (unbestimmt) – Chiroptera spec.
159257;Crocidura suaveolens;163127;182758;Gartenspitzmaus;Gartenspitzmaus – Crocidura suaveolens
159258;Castor canadensis;163127;182759;Kanadischer Biber;Kanadischer Biber – Castor canadensis
159259;Nyctereutes procyonoides;163127;182760;Marderhund;Marderhund – Nyctereutes procyonoides
159259;Nyctereutes procyonoides;187284;187416;Marderhund;Marderhund – Nyctereutes procyonoides
159260;Mustela vison;163127;182761;Mink;Mink – Mustela vison
159261;Cervus nippon;163127;182762;Sikawild;Sikawild – Cervus nippon
159261;Cervus nippon;187282;187398;Sikawild;Sikawild – Cervus nippon
159262;Buteo rufinus;165844;182763;Adlerbussard;Adlerbussard – Buteo rufinus
159263;Apus melba;165844;182764;Alpensegler;Alpensegler – Apus melba
159264;Sula bassana;165844;182765;Basstölpel;Basstölpel – Sula bassana
159265;Turdus ruficollis;165844;182766;Bechsteindrossel;Bechsteindrossel – Turdus ruficollis
159266;Gracula religiosa;165844;182767;Beo;Beo – Gracula religiosa
159267;Phylloscopus bonelli;165844;182768;Berglaubsänger;Berglaubsänger – Phylloscopus bonelli
159268;Loxia leucoptera;165844;182769;Bindenkreuzschnabel;Bindenkreuzschnabel – Loxia leucoptera
159269;Anas discors;165844;182770;Blauflügelente;Blauflügelente – Anas discors
159270;Sterna sandvicensis;165844;182771;Brandseeschwalbe;Brandseeschwalbe – Sterna sandvicensis
159271;Emberiza bruniceps;165844;182772;Braunkopfammer;Braunkopfammer – Emberiza bruniceps
159272;Anas sibilatrix;165844;182773;Chilepfeifente;Chilepfeifente – Anas sibilatrix
159273;Ploceus cucullatus;165844;182774;Dorfweber;Dorfweber – Ploceus cucullatus
159274;Actitis macularia;165844;182775;Drosseluferläufer;Drosseluferläufer – Actitis macularia
159275;Anergates atratulus;158742;182776;Arbeiterlose Parasitenameise;Arbeiterlose Parasitenameise – Anergates atratulus
159276;Aphaenogaster subterranea;158742;182777;;Aphaenogaster subterranea
159277;Camponotus aethiops;158742;182778;;Camponotus aethiops
159278;Camponotus fallax;158742;182779;;Camponotus fallax
159279;Camponotus herculeanus;158742;182780;Rossameise;Rossameise – Camponotus herculeanus
159280;Camponotus lateralis;158742;182781;;Camponotus lateralis
159281;Camponotus piceus;158742;182782;;Camponotus piceus
159291;Formica cinerea;158742;182792;Aschgraue Sklavenameise;Aschgraue Sklavenameise – Formica cinerea
159294;Formica glauca;158742;182795;;Formica glauca
159295;Formica lefrancoisi;158742;182796;;Formica lefrancoisi
159296;Formica lemani;158742;182797;Berg-Sklavenameise;Berg-Sklavenameise – Formica lemani
159297;Formica lugubris;158742;182798;;Formica lugubris
159299;Formica pratensis;158742;182800;Wiesen-Waldameise;Wiesen-Waldameise – Formica pratensis
159301;Formica rufibarbis;158742;182802;Rotbärtige Sklavenameise;Rotbärtige Sklavenameise – Formica rufibarbis
159302;Formica sanguinea;158742;182803;Blutrote Raubameise;Blutrote Raubameise – Formica sanguinea
159303;Formica selysi;158742;182804;;Formica selysi
159304;Formica truncorum;158742;182805;Strunkameise;Strunkameise – Formica truncorum
159306;Formicoxenus nitidulus;158742;182807;Glänzendbraune Gastameise;Glänzendbraune Gastameise – Formicoxenus nitidulus
159308;Hypoponera punctatissima;158742;182809;;Hypoponera punctatissima
159309;Lasius alienus;158742;182810;;Lasius alienus
159310;Lasius bicornis;158742;182811;Kerbschuppige Schattenameise;Kerbschuppige Schattenameise – Lasius bicornis
159311;Lasius brunneus;158742;182812;Kleine Rotrückige Hausameise;Kleine Rotrückige Hausameise – Lasius brunneus
159315;Lasius emarginatus;158742;182816;Zweifarbige Wegameise;Zweifarbige Wegameise – Lasius emarginatus
159316;Lasius flavus;158742;182817;Gelbe Gartenameise;Gelbe Gartenameise – Lasius flavus
159317;Lasius jensi;158742;182818;;Lasius jensi
159318;Lasius meridionalis;158742;182819;Südliche Schattenameise;Südliche Schattenameise – Lasius meridionalis
159319;Lasius mixtus;158742;182820;Schwachbeborstete Schattenameise;Schwachbeborstete Schattenameise – Lasius mixtus
159320;Lasius myops;158742;182821;;Lasius myops
159322;Lasius platythorax;158742;182823;;Lasius platythorax
159323;Lasius psammophilus;158742;182824;;Lasius psammophilus
159325;Lasius sabularum;158742;182826;;Lasius sabularum
159326;Lasius umbratus;158742;182827;Gelbe Schattenameise;Gelbe Schattenameise – Lasius umbratus
159327;Leptothorax acervorum;158742;182828;;Leptothorax acervorum
159328;Temnothorax affinis;158742;182829;;Temnothorax affinis
159329;Leptothorax corticalis;158742;182830;;Leptothorax corticalis
159330;Leptothorax gredleri;158742;182831;Gredlers Schmalbrustameise;Gredlers Schmalbrustameise – Leptothorax gredleri
159332;Leptothorax muscorum;158742;182833;;Leptothorax muscorum
159333;Temnothorax nigriceps;158742;182834;Schwarzköpfige Schmalbrustameise;Schwarzköpfige Schmalbrustameise – Temnothorax nigriceps
159334;Temnothorax nylanderi;158742;182835;Nylanders Schmalbrustameise;Nylanders Schmalbrustameise – Temnothorax nylanderi
159335;Leptothorax parvulus;158742;182836;;Leptothorax parvulus
159336;Leptothorax slavonicus;158742;182837;;Leptothorax slavonicus
159339;Leptothorax tuberum;158742;182840;;Leptothorax tuberum
159340;Temnothorax unifasciatus;158742;182841;Einbindige Schmalbrustameise;Einbindige Schmalbrustameise – Temnothorax unifasciatus
159342;Messor structor;158742;182843;;Messor structor
159344;Myrmecina graminicola;158742;182845;Versteckte Knotenameise;Versteckte Knotenameise – Myrmecina graminicola
159345;Myrmica gallienii;158742;182846;;Myrmica gallienii
159348;Myrmica lonae;158742;182849;;Myrmica lonae
159349;Myrmica microrubra;158742;182850;;Myrmica microrubra
159350;Myrmica rubra;158742;182851;Rotgelbe Knotenameise;Rotgelbe Knotenameise – Myrmica rubra
159351;Myrmica ruginodis;158742;182852;;Myrmica ruginodis
159352;Myrmica sabuleti;158742;182853;Säbeldornige Knotenameise;Säbeldornige Knotenameise – Myrmica sabuleti
159353;Myrmica salina;158742;182854;;Myrmica salina
159354;Myrmica schencki;158742;182855;Zahnfühler-Knotenameise;Zahnfühler-Knotenameise – Myrmica schencki
159355;Myrmica specioides;158742;182856;;Myrmica specioides
159356;Myrmica sulcinodis;158742;182857;;Myrmica sulcinodis
159361;Polyergus rufescens;158742;182862;Amazonenameise;Amazonenameise – Polyergus rufescens
159362;Ponera coarctata;158742;182863;;Ponera coarctata
159363;Solenopsis fugax;158742;182864;Gelbe Diebsameise;Gelbe Diebsameise – Solenopsis fugax
159364;Stenamma debile;158742;182865;;Stenamma debile
159365;Strongylognathus testaceus;158742;182866;Bräunliche Säbelameise;Bräunliche Säbelameise – Strongylognathus testaceus
159366;Myrmica karavajevi;158742;182867;;Myrmica karavajevi
159367;Tapinoma ambiguum;158742;182868;;Tapinoma ambiguum
159368;Tapinoma erraticum;158742;182869;Schwarze blütenameise;Schwarze blütenameise – Tapinoma erraticum
159369;Tetramorium impurum;158742;182870;;Tetramorium impurum
159370;Tetramorium rhenanum;158742;182871;;Tetramorium rhenanum
159371;Larus hyperboreus;165844;182872;Eismöwe;Eismöwe – Larus hyperboreus
159372;Fulmarus glacialis;165844;182873;Eissturmvogel;Eissturmvogel – Fulmarus glacialis
159373;Gavia immer;165844;182874;Eistaucher;Eistaucher – Gavia immer
159374;Zoothera dauma;165844;182875;Erddrossel;Erddrossel – Zoothera dauma
159375;Anas capensis;165844;182876;Fahlente;Fahlente – Anas capensis
159376;Stercorarius longicaudus;165844;182877;Falkenraubmöwe;Falkenraubmöwe – Stercorarius longicaudus
159377;Emberiza leucocephalus;165844;182878;Fichtenammer;Fichtenammer – Emberiza leucocephalus
159378;Anas poecilorhyncha;165844;182879;Fleckschnabelente;Fleckschnabelente – Anas poecilorhyncha
159379;Gyps fulvus;165844;182880;Gänsegeier;Gänsegeier – Gyps fulvus
159380;Phylloscopus inornatus;165844;182881;Gelbbraün-Laubsänger;Gelbbraün-Laubsänger – Phylloscopus inornatus
159381;Falco rusticolus;165844;182882;Gerfalke;Gerfalke – Falco rusticolus
159382;Phylloscopus proregulus;165844;182883;Goldhähnchen-Laubsänger;Goldhähnchen-Laubsänger – Phylloscopus proregulus
159383;Tryngites subruficollis;165844;182884;Grasläufer;Grasläufer – Tryngites subruficollis
159384;Calidris melanotos;165844;182885;Graubrust-Strandläufer;Graubrust-Strandläufer – Calidris melanotos
159385;Otis tarda;165844;182886;Grosstrappe;Grosstrappe – Otis tarda
159386;Phylloscopus trochiloides;165844;182887;Grünlaubsänger;Grünlaubsänger – Phylloscopus trochiloides
159387;Cepphus grylle;165844;182888;Gryllteiste;Gryllteiste – Cepphus grylle
159388;Strix uralensis;165844;182889;Habichtskauz;Habichtskauz – Strix uralensis
159389;Clamator glandarius;165844;182890;Häherkuckuck;Häherkuckuck – Clamator glandarius
159390;Ficedula albicollis;165844;182891;Halsbandschnäpper;Halsbandschnäpper – Ficedula albicollis
159391;Threskiornis aethiopicus;165844;182892;Heiliger Ibis;Heiliger Ibis – Threskiornis aethiopicus
159392;Anthropoides virgo;165844;182893;Jungfernkranich;Jungfernkranich – Anthropoides virgo
159393;Aquila heliaca;165844;182894;Kaiseradler;Kaiseradler – Aquila heliaca
159394;Melanocorypha calandra;165844;182895;Kalanderlerche;Kalanderlerche – Melanocorypha calandra
159395;Mergus cucullatus;165844;182896;Kappensäger;Kappensäger – Mergus cucullatus
159396;Loxia pytyopsittacus;165844;182897;Kiefernkreuzschnabel;Kiefernkreuzschnabel – Loxia pytyopsittacus
159397;Tringa flavipes;165844;182898;Kleiner Gelbschenkel;Kleiner Gelbschenkel – Tringa flavipes
159398;Alle alle;165844;182899;Krabbentaucher;Krabbentaucher – Alle alle
159399;Phalacrocorax aristotelis;165844;182900;Krähenscharbe;Krähenscharbe – Phalacrocorax aristotelis
159400;Egretta gularis;165844;182901;Küstenreiher;Küstenreiher – Egretta gularis
159401;Sterna paradisaea;165844;182902;Küstenseeschwalbe;Küstenseeschwalbe – Sterna paradisaea
159402;Bubulcus ibis;165844;182903;Kuhreiher;Kuhreiher – Bubulcus ibis
159403;Calandrella brachydactyla;165844;182904;Kurzzehenlerche;Kurzzehenlerche – Calandrella brachydactyla
159404;Gelochelidon nilotica;165844;182905;Lachseeschwalbe;Lachseeschwalbe – Gelochelidon nilotica
159405;Platalea leucorodia;165844;182906;Löffler;Löffler – Platalea leucorodia
159406;Marmaronetta angustirostris;165844;182907;Marmelente;Marmelente – Marmaronetta angustirostris
159407;Tichodroma muraria;165844;182908;Mauerläufer;Mauerläufer – Tichodroma muraria
159408;Poicephalus senegalus;165844;182909;Mohrenkopf;Mohrenkopf – Poicephalus senegalus
159409;Lagopus lagopus;165844;182910;Moorschneehuhn;Moorschneehuhn – Lagopus lagopus
159410;Zonotrichia capensis;165844;182911;Morgenammer;Morgenammer – Zonotrichia capensis
159411;Charadrius morinellus;165844;182912;Mornellregenpfeifer;Mornellregenpfeifer – Charadrius morinellus
159412;Cairina moschata;165844;182913;Moschusente;Moschusente – Cairina moschata
159413;Nycticorax nycticorax;165844;182914;Nachtreiher;Nachtreiher – Nycticorax nycticorax
159414;Turdus naumanni;165844;182915;Naumanndrossel;Naumanndrossel – Turdus naumanni
159415;Anas americana;165844;182916;Nordamerikanische Pfeifente;Nordamerikanische Pfeifente – Anas americana
159416;Nymphicus hollandicus;165844;182917;Nymphensittich;Nymphensittich – Nymphicus hollandicus
159417;Phalaropus lobatus;165844;182918;Odinshühnchen;Odinshühnchen – Phalaropus lobatus
159418;Fratercula arctica;165844;182919;Papageitaucher;Papageitaucher – Fratercula arctica
159419;Tadorna variegata;165844;182920;Paradieskasarka;Paradieskasarka – Tadorna variegata
159420;Carduelis hornemanni;165844;182921;Polarbirkenzeisig;Polarbirkenzeisig – Carduelis hornemanni
159421;Larus glaucoides;165844;182922;Polarmöwe;Polarmöwe – Larus glaucoides
159422;Porphyrio porphyrio;165844;182923;Purpurhuhn;Purpurhuhn – Porphyrio porphyrio
159423;Ardeola ralloides;165844;182924;Rallenreiher;Rallenreiher – Ardeola ralloides
159424;Sterna caspia;165844;182925;Raubseeschwalbe;Raubseeschwalbe – Sterna caspia
159425;Cursorius cursor;165844;182926;Rennvogel;Rennvogel – Cursorius cursor
159426;Aythya collaris;165844;182927;Ringschnabelente;Ringschnabelente – Aythya collaris
159427;Larus delawarensis;165844;182928;Ringschnabelmöwe;Ringschnabelmöwe – Larus delawarensis
159428;Falco naumanni;165844;182929;Rötelfalke;Rötelfalke – Falco naumanni
159429;Pelecanus rufescens;165844;182930;Rötelpelikan;Rötelpelikan – Pelecanus rufescens
159430;Hirundo daurica;165844;182931;Rötelschwalbe;Rötelschwalbe – Hirundo daurica
159431;Sturnus roseus;165844;182932;Rosenstar;Rosenstar – Sturnus roseus
159432;Amazona aestiva;165844;182933;Rotbugamazone;Rotbugamazone – Amazona aestiva
159433;Glareola pratincola;165844;182934;Rotflügel-Brachschwalbe;Rotflügel-Brachschwalbe – Glareola pratincola
159434;Falco vespertinus;165844;182935;Rotfussfalke;Rotfussfalke – Falco vespertinus
159435;Branta ruficollis;165844;182936;Rothalsgans;Rothalsgans – Branta ruficollis
159436;Anthus cervinus;165844;182937;Rotkehlpieper;Rotkehlpieper – Anthus cervinus
159437;Callonetta leucophrys;165844;182938;Rotschulterente;Rotschulterente – Callonetta leucophrys
159438;Aquila clanga;165844;182939;Schelladler;Schelladler – Aquila clanga
159439;Locustella fluviatilis;165844;182940;Schlagschwirl;Schlagschwirl – Locustella fluviatilis
159440;Stercorarius parasiticus;165844;182941;Schmarotzerraubmöwe;Schmarotzerraubmöwe – Stercorarius parasiticus
159441;Nyctea scandiaca;165844;182942;Schneeeule;Schneeeule – Nyctea scandiaca
159442;Anser caerulescens;165844;182943;Schneegans;Schneegans – Anser caerulescens
159443;Aquila pomarina;165844;182944;Schreiadler;Schreiadler – Aquila pomarina
159444;Xema sabini;165844;182945;Schwalbenmöwe;Schwalbenmöwe – Xema sabini
159445;Glareola nordmanni;165844;182946;Schwarzflügel-Brachschwalbe;Schwarzflügel-Brachschwalbe – Glareola nordmanni
159446;Oxyura jamaicensis;165844;182947;Schwarzkopfruderente;Schwarzkopfruderente – Oxyura jamaicensis
159447;Coccyzus erythrophthalmus;165844;182948;Schwarzschnabelkuckuck;Schwarzschnabelkuckuck – Coccyzus erythrophthalmus
159448;Puffinus puffinus;165844;182949;Schwarzschnabel-Sturmtaucher;Schwarzschnabel-Sturmtaucher – Puffinus puffinus
159449;Charadrius alexandrinus;165844;182950;Seeregenpfeifer;Seeregenpfeifer – Charadrius alexandrinus
159450;Egretta garzetta;165844;182951;Seidenreiher;Seidenreiher – Egretta garzetta
159451;Cettia cetti;165844;182952;Seidensänger;Seidensänger – Cettia cetti
159452;Bombycilla garrulus;165844;182953;Seidenschwanz;Seidenschwanz – Bombycilla garrulus
159453;Anas falcata;165844;182954;Sichelente;Sichelente – Anas falcata
159454;Plegadis falcinellus;165844;182955;Sichler;Sichler – Plegadis falcinellus
159455;Leiothrix argentauris;165844;182956;Silberohr-Sonnenvogel;Silberohr-Sonnenvogel – Leiothrix argentauris
159456;Casmerodius albus;165844;182957;Silberreiher;Silberreiher – Casmerodius albus
159457;Stercorarius skua;165844;182958;Skua;Skua – Stercorarius skua
159458;Leiothrix lutea;165844;182959;Sonnenvogel;Sonnenvogel – Leiothrix lutea
159459;Bucephala islandica;165844;182960;Spatelente;Spatelente – Bucephala islandica
159460;Stercorarius pomarinus;165844;182961;Spatelraubmöwe;Spatelraubmöwe – Stercorarius pomarinus
159461;Surnia ulula;165844;182962;Sperbereule;Sperbereule – Surnia ulula
159462;Sylvia nisoria;165844;182963;Sperbergrasmücke;Sperbergrasmücke – Sylvia nisoria
159463;Pterocles alchata;165844;182964;Spiessflughuhn;Spiessflughuhn – Pterocles alchata
159464;Calcarius lapponicus;165844;182965;Spornammer;Spornammer – Calcarius lapponicus
159465;Hoplopterus spinosus;165844;182966;Spornkiebitz;Spornkiebitz – Hoplopterus spinosus
159466;Anthus richardi;165844;182967;Spornpieper;Spornpieper – Anthus richardi
159467;Luscinia luscinia;165844;182968;Sprosser;Sprosser – Luscinia luscinia
159468;Aquila chrysaetos;165844;182969;Steinadler;Steinadler – Aquila chrysaetos
159469;Monticola saxatilis;165844;182970;Steinrötel;Steinrötel – Monticola saxatilis
159470;Petronia petronia;165844;182971;Steinsperling;Steinsperling – Petronia petronia
159471;Syrrhaptes paradoxus;165844;182972;Steppenflughuhn;Steppenflughuhn – Syrrhaptes paradoxus
159472;Chettusia gregaria;165844;182973;Steppenkiebitz;Steppenkiebitz – Chettusia gregaria
159473;Circus macrourus;165844;182974;Steppenweihe;Steppenweihe – Circus macrourus
159474;Anser indicus;165844;182975;Streifengans;Streifengans – Anser indicus
159475;Hydrobates pelagicus;165844;182976;Sturmschwalbe;Sturmschwalbe – Hydrobates pelagicus
159476;Balearica regulorum;165844;182977;Südafrikanischer Kronenkranich;Südafrikanischer Kronenkranich – Balearica regulorum
159477;Limicola falcinellus;165844;182978;Sumpfläufer;Sumpfläufer – Limicola falcinellus
159478;Tringa stagnatilis;165844;182979;Teichwasserläufer;Teichwasserläufer – Tringa stagnatilis
159479;Xenus cinereus;165844;182980;Terekwasserläufer;Terekwasserläufer – Xenus cinereus
159480;Phalaropus fulicarius;165844;182981;Thorshühnchen;Thorshühnchen – Phalaropus fulicarius
159481;Phylloscopus humei;165844;182982;Tienschan-Laubsänger;Tienschan-Laubsänger – Phylloscopus humei
159482;Alca torda;165844;182983;Tordalk;Tordalk – Alca torda
159483;Burhinus oedicnemus;165844;182984;Triel;Triel – Burhinus oedicnemus
159484;Uria aalge;165844;182985;Trottellumme;Trottellumme – Uria aalge
159485;Emberiza rustica;165844;182986;Waldammer;Waldammer – Emberiza rustica
159486;Turdus migratorius;165844;182987;Wanderdrossel;Wanderdrossel – Turdus migratorius
159487;Chlidonias hybrida;165844;182988;Weissbart-Seeschwalbe;Weissbart-Seeschwalbe – Chlidonias hybrida
159488;Turdus obscurus;165844;182989;Weissbrauendrossel;Weissbrauendrossel – Turdus obscurus
159489;Calidris fuscicollis;165844;182990;Weissbürzel-Strandläufer;Weissbürzel-Strandläufer – Calidris fuscicollis
159490;Chlidonias leucopterus;165844;182991;Weissflügel-Seeschwalbe;Weissflügel-Seeschwalbe – Chlidonias leucopterus
159491;Larus cachinnans;165844;182992;Steppenmöwe;Steppenmöwe – Larus cachinnans
159492;Oxyura leucocephala;165844;182993;Weisskopf-Ruderente;Weisskopf-Ruderente – Oxyura leucocephala
159493;Dendrocopos leucotos;165844;182994;Weissrückenspecht;Weissrückenspecht – Dendrocopos leucotos
159495;Oceanodroma leucorhoa;165844;182996;Wellenläufer;Wellenläufer – Oceanodroma leucorhoa
159496;Melopsittacus undulatus;165844;182997;Wellensittich;Wellensittich – Melopsittacus undulatus
159497;Phalaropus tricolor;165844;182998;Wilsonwassertreter;Wilsonwassertreter – Phalaropus tricolor
159498;Falco cherrug;165844;182999;Würgfalke;Würgfalke – Falco cherrug
159499;Serinus citrinella;165844;183000;Zitronengirlitz;Zitronengirlitz – Serinus citrinella
159500;Motacilla citreola;165844;183001;Zitronenstelze;Zitronenstelze – Motacilla citreola
159501;Hieraaetus pennatus;165844;183002;Zwergadler;Zwergadler – Hieraaetus pennatus
159502;Emberiza pusilla;165844;183003;Zwergammer;Zwergammer – Emberiza pusilla
159503;Phoenicopterus minor;165844;183004;Zwergflamingo;Zwergflamingo – Phoenicopterus minor
159504;Anser erythropus;165844;183005;Zwerggans;Zwerggans – Anser erythropus
159505;Otus scops;165844;183006;Zwergohreule;Zwergohreule – Otus scops
159506;Tetrax tetrax;165844;183007;Zwergtrappe;Zwergtrappe – Tetrax tetrax
160528;Calidris maritima;165844;185053;Meerstrandläufer;Meerstrandläufer – Calidris maritima
160529;Acrocephalus melanopogon;165844;185054;Mariskensänger;Mariskensänger – Acrocephalus melanopogon
160530;Monticola solitarius;165844;185055;Blaumerle;Blaumerle – Monticola solitarius
160531;Oenanthe hispanica;165844;185056;Mittelmeersteinschmätzer;Mittelmeersteinschmätzer – Oenanthe hispanica
160532;Pyrrhocorax graculus;165844;185057;Alpendohle;Alpendohle – Pyrrhocorax graculus
160534;Elanoides forficatus;165844;185059;Schwalbenweihe;Schwalbenweihe – Elanoides forficatus
160545;Aricia eumedon;164691;185070;Schwarzbrauner Bläuling;Schwarzbrauner Bläuling – Aricia eumedon
160548;Plebejus argyrognomon;164691;185073;Kronwicken-Bläuling;Kronwicken-Bläuling – Plebejus argyrognomon
160555;Parnassius apollo;164691;185080;Apollo;Apollo – Parnassius apollo
160557;Pyrgus armoricanus;164691;185082;;Pyrgus armoricanus
160559;Acinopus megacephalus;160553;185084;;Acinopus megacephalus
160560;Acinopus spec.;160553;185085;;Acinopus spec.
160561;Acupalpus suturalis;160553;185086;;Acupalpus suturalis
160562;Aepus spec.;160553;185087;;Aepus spec.
160563;Agonum longicorne;160553;185088;;Agonum longicorne
160564;Agonum spec.;160553;185089;;Agonum spec.
160566;Anisodactylus spec.;160553;185091;;Anisodactylus spec.
160568;Anthracus spec.;160553;185093;;Anthracus spec.
160569;Anthrenocerus australis;161165;185094;;Anthrenocerus australis
160570;Anthrenocerus spec.;160553;185095;;Anthrenocerus spec.
160571;Anthrenus festivus;161165;185096;;Anthrenus festivus
160573;Aptinus spec.;160553;185098;;Aptinus spec.
160575;Asaphidion spec.;160553;185100;;Asaphidion spec.
160577;Badister spec.;160553;185102;;Badister spec.
160578;Bembidion decoratum;160553;185103;Schwemmsand-Ahlenläufer;Schwemmsand-Ahlenläufer – Bembidion decoratum
160580;Biphyllus spec.;160553;185105;;Biphyllus spec.
160581;Brachinus spec.;160553;185106;;Brachinus spec.
160582;Bradycellus distinctus;160553;185107;;Bradycellus distinctus
160583;Bradycellus spec.;160553;185108;;Bradycellus spec.
160584;Calathus spec.;160553;185109;;Calathus spec.
160585;Callistus spec.;160553;185110;;Callistus spec.
160586;Calodromius spec.;160553;185111;;Calodromius spec.
160587;Calosoma spec.;160553;185112;;Calosoma spec.
160588;Cylindera arenaria;160553;185113;;Cylindera arenaria
160589;Cylindera arenaria arenaria;160553;185114;;Cylindera arenaria arenaria
160590;Cicindela hybrida transversalis;160553;185115;;Cicindela hybrida transversalis
160591;Cillenus spec.;160553;185116;;Cillenus spec.
160592;Colenis spec.;160553;185117;;Colenis spec.
160593;Ctesias spec.;161165;185118;;Ctesias spec.
160594;Cychrus spec.;160553;185119;;Cychrus spec.
160595;Cymindis spec.;160553;185120;;Cymindis spec.
160596;Cyrtoplastus spec.;160553;185121;;Cyrtoplastus spec.
160597;Cyrtusa spec.;160553;185122;;Cyrtusa spec.
160599;Demetrias spec.;160553;185124;;Demetrias spec.
160600;Diachromus spec.;160553;185125;;Diachromus spec.
160601;Dicheirotrichus spec.;160553;185126;;Dicheirotrichus spec.
160602;Diplocoelus spec.;160553;185127;;Diplocoelus spec.
160604;Dolichus spec.;160553;185129;;Dolichus spec.
160605;Dromius spec.;160553;185130;;Dromius spec.
160607;Duvalius spec.;160553;185132;;Duvalius spec.
160610;Harpalus spec.;160553;185135;;Harpalus spec.
160611;Laemostenus spec.;160553;185136;;Laemostenus spec.
160612;Lebia spec.;160553;185137;;Lebia spec.
160613;Leistus spec.;160553;185138;;Leistus spec.
160614;Leptinus spec.;160553;185139;;Leptinus spec.
160615;Licinus spec.;160553;185140;;Licinus spec.
160617;Liodopria spec.;160553;185142;;Liodopria spec.
160618;Lionychus spec.;160553;185143;;Lionychus spec.
160619;Loricera spec.;160553;185144;;Loricera spec.
160620;Masoreus spec.;160553;185145;;Masoreus spec.
160621;Megatoma spec.;160553;185146;;Megatoma spec.
160623;Microlestes spec.;160553;185148;;Microlestes spec.
160624;Molops spec.;160553;185149;;Molops spec.
160625;Nebria spec.;160553;185150;;Nebria spec.
160626;Ocys spec.;160553;185151;;Ocys spec.
160627;Odacantha spec.;160553;185152;;Odacantha spec.
160628;Olisthopus spec.;160553;185153;;Olisthopus spec.
160629;Omophron spec.;160553;185154;;Omophron spec.
160630;Oodes spec.;160553;185155;;Oodes spec.
160631;Ophonus spec.;160553;185156;;Ophonus spec.
160633;Orphilus spec.;160553;185158;;Orphilus spec.
160634;Panagaeus spec.;160553;185159;;Panagaeus spec.
160635;Parophonus spec.;160553;185160;;Parophonus spec.
160636;Patrobus spec.;160553;185161;;Patrobus spec.
160637;Perigona spec.;160553;185162;;Perigona spec.
160638;Philorhizus spec.;160553;185163;;Philorhizus spec.
160641;Platynus spec.;160553;185166;;Platynus spec.
160644;Poecilus spec.;160553;185169;;Poecilus spec.
160646;Polistichus spec.;160553;185171;;Polistichus spec.
160649;Reesa spec.;160553;185174;;Reesa spec.
160652;Sphodrus spec.;160553;185177;;Sphodrus spec.
160653;Stenolophus spec.;160553;185178;;Stenolophus spec.
160654;Stomis spec.;160553;185179;;Stomis spec.
160655;Syntomus spec.;160553;185180;;Syntomus spec.
160656;Synuchus spec.;160553;185181;;Synuchus spec.
160657;Tachys spec.;160553;185182;;Tachys spec.
160658;Tachyta spec.;160553;185183;;Tachyta spec.
160659;Thalassophilus spec.;160553;185184;;Thalassophilus spec.
160660;Thaumaglossa rufocapillata;161165;185185;;Thaumaglossa rufocapillata
160661;Thaumaglossa spec.;160553;185186;;Thaumaglossa spec.
160663;Trechus spec.;160553;185188;;Trechus spec.
160664;Triarthron spec.;160553;185189;;Triarthron spec.
160666;Trichocellus spec.;160553;185191;;Trichocellus spec.
160668;Trichotichnus spec.;160553;185193;;Trichotichnus spec.
160669;Trinodes spec.;160553;185194;;Trinodes spec.
160671;Zabrus spec.;160553;185196;;Zabrus spec.
160674;Anodonta anatina-Komplex;164830;185199;;Anodonta anatina-Komplex
160675;Arion brunneus;164830;185200;Moor-Wegschnecke;Moor-Wegschnecke – Arion brunneus
160676;Arion hortensis;164830;185201;;Arion hortensis
160677;Arion rufus-Komplex;164830;185202;;Arion rufus-Komplex
160678;Bythiospeum husmanni;164830;185203;Husmanns Brunnenschnecke;Husmanns Brunnenschnecke – Bythiospeum husmanni
160679;Candidula gigaxii;164830;185204;Helle Heideschnecke;Helle Heideschnecke – Candidula gigaxii
160680;Cernuella neglecta;164830;185205;Rotmündige Heideschnecke;Rotmündige Heideschnecke – Cernuella neglecta
160682;Gyraulus parvus;164830;185207;Kleines Posthörnchen;Kleines Posthörnchen – Gyraulus parvus
160683;Hygromia cinctella;164830;185208;Kantige Laubschnecke;Kantige Laubschnecke – Hygromia cinctella
160684;Lehmannia valentiana;164830;185209;Gewächshausschnegel;Gewächshausschnegel – Lehmannia valentiana
160685;Melanoides tuberculatus;164830;185210;Nadel-Kronenschnecke;Nadel-Kronenschnecke – Melanoides tuberculatus
160686;Paralaoma servilis;164830;185211;Gerippte Punktschnecke;Gerippte Punktschnecke – Paralaoma servilis
160688;Pupilla bigranata;164830;185213;;Pupilla bigranata
160689;Pyramidula pusilla;164830;185214;Felsen-Pyramidenschnecke;Felsen-Pyramidenschnecke – Pyramidula pusilla
160691;Sphaerium nucleus;164830;185216;Sumpf-Kugelmuschel;Sumpf-Kugelmuschel – Sphaerium nucleus
160692;Stagnicola fuscus;164830;185217;Dunkle Sumpfschnecke;Dunkle Sumpfschnecke – Stagnicola fuscus
160693;Vertigo geyeri;164830;185218;Vierzähmige Windelschnecke;Vierzähmige Windelschnecke – Vertigo geyeri
160976;Schalenwild;187281;187282;;Schalenwild
160977;sonstiges Haarwild;187281;187284;;sonstiges Haarwild
160978;Federwild;187281;187285;;Federwild
160979;sonstige Wildart;187281;187286;;sonstige Wildart
161107;Dem Jagdrecht unterliegende Tierarten;nan;187281;;Dem Jagdrecht unterliegende Tierarten
161176;Canis familiaris;163127;187459;Haushund, wildernd;Haushund, wildernd – Canis familiaris
161176;Canis familiaris;187286;187457;Haushund, wildernd;Haushund, wildernd – Canis familiaris
161177;Felix domestica;163127;187460;Hauskatze, wildernd;Hauskatze, wildernd – Felix domestica
161177;Felix domestica;187286;187458;Hauskatze, wildernd;Hauskatze, wildernd – Felix domestica
161178;sonstige Wildtauben;187286;187461;;sonstige Wildtauben
161179;sonstige Wildgänse;187286;187462;;sonstige Wildgänse
161180;sonstige Wildenten;187286;187463;;sonstige Wildenten
161181;sonstige Möwen;187286;187464;;sonstige Möwen
161182;sonstige Greifvögel;187286;187465;;sonstige Greifvögel
162017;Ecdyonurus helveticus;158540;188638;;Ecdyonurus helveticus
162018;Ecdyonurus torrentis;158540;188639;;Ecdyonurus torrentis
162019;Pseudocentroptilum pennulatum;158540;188640;;Pseudocentroptilum pennulatum
162021;Brachycentrus maculatus;708823;188642;;Brachycentrus maculatus
162023;Plumatella emarginata;162911;188644;;Plumatella emarginata
162024;Plumatella fruticosa;162911;188645;;Plumatella fruticosa
162025;Erpobdella vilnensis;163094;188646;;Erpobdella vilnensis
162026;Amphinemura sulcicollis;165789;188647;;Amphinemura sulcicollis
162027;Brachyptera risi;165789;188648;;Brachyptera risi
162028;Brachyptera seticornis;165789;188649;;Brachyptera seticornis
162029;Capnia spec.;165789;188650;;Capnia spec.
162030;Leuctra fusca;165789;188651;;Leuctra fusca
162031;Leuctra geniculata;165789;188652;;Leuctra geniculata
162032;Callicorixa spec.;166104;188653;;Callicorixa spec.
162033;Micronecta poweri;166104;188654;;Micronecta poweri
162034;Calomicrus circumfusus;161165;188655;;Calomicrus circumfusus
162035;Deronectes latus;161165;188656;;Deronectes latus
162036;Elmis obscura;161165;188657;;Elmis obscura
162037;Elmis rioloides;161165;188658;;Elmis rioloides
162038;Esolus parallelepipedus;161165;188659;;Esolus parallelepipedus
162039;Gymnetron veronicae;161165;188660;;Gymnetron veronicae
162040;Hydraena riparia;161165;188661;;Hydraena riparia
162041;Limnebius truncatellus;161165;188662;;Limnebius truncatellus
162042;Meligethes gagatinus;161165;188663;;Meligethes gagatinus
162043;Meligethes matronalis;161165;188664;;Meligethes matronalis
162044;Meligethes reitteri;161165;188665;;Meligethes reitteri
162045;Sirocalodes mixtus;161165;188666;;Sirocalodes mixtus
162046;Atherix ibis;166256;188667;;Atherix ibis
162047;Atherix marginata;166256;188668;;Atherix marginata
162048;Prosimulium spec.;166256;188669;;Prosimulium spec.
162049;Prosimulium tomovaryi;166256;188670;;Prosimulium tomovaryi
162087;Acrotona exigua;159617;188708;;Acrotona exigua
162088;Acrotona sylvicola;159617;188709;;Acrotona sylvicola
162089;Aleochara lanuginosa;159617;188710;;Aleochara lanuginosa
162090;Aleochara sparsa;159617;188711;;Aleochara sparsa
162091;Aloconota gregaria;159617;188712;;Aloconota gregaria
162092;Anotylus rugosus;159617;188713;;Anotylus rugosus
162093;Anotylus sculpturatus;159617;188714;;Anotylus sculpturatus
162094;Anotylus tetracarinatus;159617;188715;;Anotylus tetracarinatus
162095;Atheta atramentaria;159617;188716;;Atheta atramentaria
162096;Atheta cauta;159617;188717;;Atheta cauta
162097;Atheta celata;159617;188718;;Atheta celata
162098;Atheta crassicornis;159617;188719;;Atheta crassicornis
162099;Atheta elongatula;159617;188720;;Atheta elongatula
162100;Atheta fungi;159617;188721;;Atheta fungi
162101;Atheta graminicola;159617;188722;;Atheta graminicola
162102;Atheta inquinula;159617;188723;;Atheta inquinula
162103;Atheta laticollis;159617;188724;;Atheta laticollis
162104;Atheta malleus;159617;188725;;Atheta malleus
162105;Atheta nigra;159617;188726;;Atheta nigra
162106;Atheta palustris;159617;188727;;Atheta palustris
162107;Bledius gallicus;159617;188728;;Bledius gallicus
162108;Bolitochara obliqua;159617;188729;;Bolitochara obliqua
162109;Brachygluta fossulata;159617;188730;;Brachygluta fossulata
162110;Carpelimus bilineatus;159617;188731;;Carpelimus bilineatus
162111;Carpelimus corticinus;159617;188732;;Carpelimus corticinus
162112;Carpelimus elongatulus;159617;188733;;Carpelimus elongatulus
162113;Carpelimus fuliginosus;159617;188734;;Carpelimus fuliginosus
162114;Carpelimus gracilis;159617;188735;;Carpelimus gracilis
162115;Carpelimus pusillus;159617;188736;;Carpelimus pusillus
162116;Carpelimus rivularis;159617;188737;;Carpelimus rivularis
162117;Cypha longicornis;159617;188738;;Cypha longicornis
162118;Gabrius astutoides;159617;188739;;Gabrius astutoides
162119;Geostiba circellaris;159617;188740;;Geostiba circellaris
162120;Haploglossa villosula;159617;188741;;Haploglossa villosula
162121;Lathrobium brunnipes;159617;188742;;Lathrobium brunnipes
162122;Lathrobium fovulum;159617;188743;;Lathrobium fovulum
162123;Lathrobium fulvipenne;159617;188744;;Lathrobium fulvipenne
162124;Lathrobium longulum;159617;188745;;Lathrobium longulum
162125;Lesteva longoelytrata;159617;188746;;Lesteva longoelytrata
162126;Lithocharis nigriceps;159617;188747;;Lithocharis nigriceps
162127;Lordithon lunulatus;159617;188748;;Lordithon lunulatus
162128;Medon brunneus;159617;188749;;Medon brunneus
162129;Medon piceus;159617;188750;;Medon piceus
162130;Megarthrus denticollis;159617;188751;;Megarthrus denticollis
162131;Megarthrus depressus;159617;188752;;Megarthrus depressus
162132;Megarthrus sinuatocollis;159617;188753;;Megarthrus sinuatocollis
162133;Micropeplus fulvus;159617;188754;;Micropeplus fulvus
162134;Mycetoporus nigricollis;159617;188755;;Mycetoporus nigricollis
162135;Olophrum piceum;159617;188756;;Olophrum piceum
162136;Omalium caesum;159617;188757;;Omalium caesum
162137;Omalium exiguum;159617;188758;;Omalium exiguum
162138;Omalium oxyacanthae;159617;188759;;Omalium oxyacanthae
162139;Omalium rivulare;159617;188760;;Omalium rivulare
162140;Oxypoda alternans;159617;188761;;Oxypoda alternans
162141;Oxypoda elongatula;159617;188762;;Oxypoda elongatula
162142;Paederidus ruficollis;159617;188763;;Paederidus ruficollis
162143;Paederus riparius;159617;188764;;Paederus riparius
162144;Philonthus cognatus;159617;188765;;Philonthus cognatus
162145;Philonthus decorus;159617;188766;;Philonthus decorus
162146;Philonthus fumarius;159617;188767;;Philonthus fumarius
162147;Philonthus marginatus;159617;188768;;Philonthus marginatus
162148;Philonthus nigrita;159617;188769;;Philonthus nigrita
162149;Philonthus quisquiliarius;159617;188770;;Philonthus quisquiliarius
162150;Philonthus succicola;159617;188771;;Philonthus succicola
162151;Philonthus umbratilis;159617;188772;;Philonthus umbratilis
162152;Philonthus varians;159617;188773;;Philonthus varians
162153;Phloeocharis subtilissima;159617;188774;;Phloeocharis subtilissima
162154;Phloeonomus pusillus;159617;188775;;Phloeonomus pusillus
162155;Phyllodrepa floralis;159617;188776;;Phyllodrepa floralis
162156;Proteinus brachypterus;159617;188777;;Proteinus brachypterus
162157;Proteinus ovalis;159617;188778;;Proteinus ovalis
162158;Quedius cruentus;159617;188779;;Quedius cruentus
162159;Quedius maurorufus;159617;188780;;Quedius maurorufus
162160;Quedius mesomelinus;159617;188781;;Quedius mesomelinus
162161;Rugilus erichsoni;159617;188782;;Rugilus erichsoni
162162;Rugilus rufipes;159617;188783;;Rugilus rufipes
162163;Scaphidium quadrimaculatum;159617;188784;;Scaphidium quadrimaculatum
162164;Sepedophilus immaculatus;159617;188785;;Sepedophilus immaculatus
162165;Sepedophilus littoreus;159617;188786;;Sepedophilus littoreus
162166;Sepedophilus marshami;159617;188787;;Sepedophilus marshami
162167;Sepedophilus testaceus;159617;188788;;Sepedophilus testaceus
162168;Stenus bimaculatus;159617;188789;;Stenus bimaculatus
162169;Stenus binotatus;159617;188790;;Stenus binotatus
162170;Stenus boops;159617;188791;;Stenus boops
162171;Stenus brevipennis;159617;188792;;Stenus brevipennis
162172;Stenus cicindeloides;159617;188793;;Stenus cicindeloides
162173;Stenus clavicornis;159617;188794;;Stenus clavicornis
162174;Stenus comma;159617;188795;;Stenus comma
162175;Stenus flavipes;159617;188796;;Stenus flavipes
162176;Stenus fulvicornis;159617;188797;;Stenus fulvicornis
162177;Stenus impressus;159617;188798;;Stenus impressus
162178;Stenus juno;159617;188799;;Stenus juno
162179;Stenus melanarius;159617;188800;;Stenus melanarius
162180;Stenus nitidiusculus;159617;188801;;Stenus nitidiusculus
162181;Stenus picipes;159617;188802;;Stenus picipes
162182;Stenus providus;159617;188803;;Stenus providus
162183;Stenus pusillus;159617;188804;;Stenus pusillus
162184;Stenus tarsalis;159617;188805;;Stenus tarsalis
162185;Tachinus signatus;159617;188806;;Tachinus signatus
162186;Tachyporus quadriscopulatus;159617;188807;;Tachyporus quadriscopulatus
162187;Xantholinus gallicus;159617;188808;;Xantholinus gallicus
162188;Harpalus laevipes;160553;188809;;Harpalus laevipes
162189;Acanephodus onopordi;161165;188810;;Acanephodus onopordi
162190;Acanthocinus aedilis;161165;188811;;Acanthocinus aedilis
162191;Acrotrichis atomaria;161165;188812;;Acrotrichis atomaria
162192;Acrotrichis fascicularis;161165;188813;;Acrotrichis fascicularis
162193;Actenicerus sjaelandicus;161165;188814;;Actenicerus sjaelandicus
162194;Agabus didymus;161165;188815;;Agabus didymus
162195;Agabus labiatus;161165;188816;;Agabus labiatus
162196;Agabus nebulosus;161165;188817;;Agabus nebulosus
162197;Agabus paludosus;161165;188818;;Agabus paludosus
162198;Agabus uliginosus;161165;188819;;Agabus uliginosus
162199;Agathidium atrum;161165;188820;;Agathidium atrum
162200;Agathidium badium;161165;188821;;Agathidium badium
162201;Agathidium laevigatum;161165;188822;;Agathidium laevigatum
162202;Agathidium nigripenne;161165;188823;;Agathidium nigripenne
162203;Agathidium rotundatum;161165;188824;;Agathidium rotundatum
162204;Agathidium seminulum;161165;188825;;Agathidium seminulum
162205;Agathidium varians;161165;188826;;Agathidium varians
162206;Agrilus laticornis;161165;188827;;Agrilus laticornis
162207;Agriotes obscurus;161165;188828;;Agriotes obscurus
162208;Agriotes pallidulus;161165;188829;;Agriotes pallidulus
162209;Agrypnus murina;161165;188830;;Agrypnus murina
162210;Altica aenescens;161165;188831;;Altica aenescens
162211;Altica lythri;161165;188832;;Altica lythri
162212;Altica oleracea;161165;188833;;Altica oleracea
162213;Ampedus balteatus;161165;188834;;Ampedus balteatus
162214;Ampedus pomorum;161165;188835;;Ampedus pomorum
162215;Ampedus sanguineus;161165;188836;;Ampedus sanguineus
162216;Anacaena limbata;161165;188837;;Anacaena limbata
162217;Anacaena lutescens;161165;188838;;Anacaena lutescens
162218;Anaspis flava;161165;188839;;Anaspis flava
162219;Anaspis frontalis;161165;188840;;Anaspis frontalis
162220;Anaspis humeralis;161165;188841;;Anaspis humeralis
162221;Anaspis maculata;161165;188842;;Anaspis maculata
162222;Anaspis thoracica;161165;188843;;Anaspis thoracica
162223;Anisosticta novemdecimpunctata;161165;188844;;Anisosticta novemdecimpunctata
162224;Anisotoma humeralis;161165;188845;;Anisotoma humeralis
162225;Anisotoma orbicularis;161165;188846;;Anisotoma orbicularis
162226;Anobium costatum;161165;188847;;Anobium costatum
162227;Anobium punctatum;161165;188848;;Anobium punctatum
162228;Anoplus plantaris;161165;188849;;Anoplus plantaris
162229;Antherophagus pallens;161165;188850;;Antherophagus pallens
162230;Anthocomus fasciatus;161165;188851;;Anthocomus fasciatus
162231;Anthonomus pomorum;161165;188852;;Anthonomus pomorum
162232;Anthonomus rubi;161165;188853;;Anthonomus rubi
162233;Anthrenus fuscus;161165;188854;;Anthrenus fuscus
162234;Anthrenus museorum;161165;188855;;Anthrenus museorum
162235;Aphidecta obliterata;161165;188856;;Aphidecta obliterata
162236;Aphodius coenosus;161165;188857;;Aphodius coenosus
162237;Aphodius conspurcatus;161165;188858;;Aphodius conspurcatus
162238;Aphodius distinctus;161165;188859;;Aphodius distinctus
162239;Aphodius fimetarius;161165;188860;;Aphodius fimetarius
162240;Aphodius granarius;161165;188861;;Aphodius granarius
162241;Aphodius prodromus;161165;188862;;Aphodius prodromus
162242;Aphodius rufipes;161165;188863;;Aphodius rufipes
162243;Aphodius sordidus;161165;188864;;Aphodius sordidus
162244;Aphodius sphacelatus;161165;188865;;Aphodius sphacelatus
162245;Aphodius subterraneus;161165;188866;;Aphodius subterraneus
162246;Apion cruentatum;161165;188867;;Apion cruentatum
162247;Apion frumentarium;161165;188868;;Apion frumentarium
162248;Apion haematodes;161165;188869;;Apion haematodes
162249;Apion rubiginosum;161165;188870;;Apion rubiginosum
162250;Arhopalus rusticus;161165;188871;;Arhopalus rusticus
162251;Arpidiphorus orbiculatus;161165;188872;;Arpidiphorus orbiculatus
162252;Asiorestia ferruginea;161165;188873;;Asiorestia ferruginea
162253;Asiorestia transversa;161165;188874;;Asiorestia transversa
162254;Atholus duodecimstriatus;161165;188875;;Atholus duodecimstriatus
162255;Athous haemorrhoidalis;161165;188876;;Athous haemorrhoidalis
162256;Athous subfuscus;161165;188877;;Athous subfuscus
162257;Atomaria atricapilla;161165;188878;;Atomaria atricapilla
162258;Atomaria fuscata;161165;188879;;Atomaria fuscata
162259;Atomaria lewisi;161165;188880;;Atomaria lewisi
162260;Atomaria mesomela;161165;188881;;Atomaria mesomela
162261;Atomaria nigrirostris;161165;188882;;Atomaria nigrirostris
162262;Atomaria testacea;161165;188883;;Atomaria testacea
162263;Attagenus pellio;161165;188884;;Attagenus pellio
162264;Attelabus nitens;161165;188885;;Attelabus nitens
162265;Axinotarsus marginalis;161165;188886;;Axinotarsus marginalis
162266;Axinotarsus pulicarius;161165;188887;;Axinotarsus pulicarius
162267;Berosus signaticollis;161165;188888;;Berosus signaticollis
162268;Bidessus unistriatus;161165;188889;;Bidessus unistriatus
162269;Blitophaga opaca;161165;188890;;Blitophaga opaca
162270;Brachonyx pineti;161165;188891;;Brachonyx pineti
162271;Brachypterus glaber;161165;188892;;Brachypterus glaber
162272;Brachypterus urticae;161165;188893;;Brachypterus urticae
162273;Bromius obscurus;161165;188894;;Bromius obscurus
162274;Bruchidius nanus;161165;188895;;Bruchidius nanus
162275;Byrrhus fasciatus;161165;188896;;Byrrhus fasciatus
162276;Byrrhus pustulatus;161165;188897;;Byrrhus pustulatus
162277;Byturus ochraceus;161165;188898;;Byturus ochraceus
162278;Byturus tomentosus;161165;188899;;Byturus tomentosus
162279;Calvia quatuordecimguttata;161165;188900;;Calvia quatuordecimguttata
162280;Cantharis figurata;161165;188901;;Cantharis figurata
162281;Cantharis fulvicollis;161165;188902;;Cantharis fulvicollis
162282;Cantharis nigricans;161165;188903;;Cantharis nigricans
162283;Cantharis obscura;161165;188904;;Cantharis obscura
162284;Cantharis pallida;161165;188905;;Cantharis pallida
162285;Cantharis pellucida;161165;188906;;Cantharis pellucida
162286;Cantharis rufa;161165;188907;;Cantharis rufa
162287;Cantharis thoracica;161165;188908;;Cantharis thoracica
162288;Cardiophorus nigerrimus;161165;188909;;Cardiophorus nigerrimus
162289;Carpophilus sexpustulatus;161165;188910;;Carpophilus sexpustulatus
162290;Cassida denticollis;161165;188911;;Cassida denticollis
162291;Cassida flaveola;161165;188912;;Cassida flaveola
162292;Cassida rubiginosa;161165;188913;;Cassida rubiginosa
162293;Catops coracinus;161165;188914;;Catops coracinus
162294;Catops fuliginosus;161165;188915;;Catops fuliginosus
162295;Catops kirbyi;161165;188916;;Catops kirbyi
162296;Catops nigricans;161165;188917;;Catops nigricans
162297;Catops picipes;161165;188918;;Catops picipes
162298;Catops subfuscus;161165;188919;;Catops subfuscus
162299;Catops tristis;161165;188920;;Catops tristis
162300;Cercyon analis;161165;188921;;Cercyon analis
162301;Cercyon convexiusculus;161165;188922;;Cercyon convexiusculus
162302;Cercyon unipunctatus;161165;188923;;Cercyon unipunctatus
162303;Cercyon ustulatus;161165;188924;;Cercyon ustulatus
162304;Cerylon histeroides;161165;188925;;Cerylon histeroides
162305;Ceutorhynchus floralis;161165;188926;;Ceutorhynchus floralis
162306;Ceutorhynchus pumilio;161165;188927;;Ceutorhynchus pumilio
162307;Ceutorhynchus rapae;161165;188928;;Ceutorhynchus rapae
162308;Chaetarthria seminulum;161165;188929;;Chaetarthria seminulum
162309;Chaetocnema hortensis;161165;188930;;Chaetocnema hortensis
162310;Chilocorus renipustulatus;161165;188931;;Chilocorus renipustulatus
162311;Chlorophanus viridis;161165;188932;;Chlorophanus viridis
162312;Choleva oblonga;161165;188933;;Choleva oblonga
162313;Chrysanthia nigricornis;161165;188934;;Chrysanthia nigricornis
162314;Chrysomela populi;161165;188935;;Chrysomela populi
162315;Cidnopus aeruginosus;161165;188936;;Cidnopus aeruginosus
162316;Cionus scrophulariae;161165;188937;;Cionus scrophulariae
162317;Cionus tuberculosus;161165;188938;;Cionus tuberculosus
162318;Cis boleti;161165;188939;;Cis boleti
162319;Cis hispidus;161165;188940;;Cis hispidus
162320;Cis nitidus;161165;188941;;Cis nitidus
162321;Clytra quadripunctata;161165;188942;;Clytra quadripunctata
162322;Coccidula rufa;161165;188943;;Coccidula rufa
162323;Coccidula scutellata;161165;188944;;Coccidula scutellata
162324;Coccinella hieroglyphica;161165;188945;;Coccinella hieroglyphica
162325;Coccinella quinquepunctata;161165;188946;;Coccinella quinquepunctata
162326;Coccinella undecimpunctata;161165;188947;;Coccinella undecimpunctata
162327;Coelambus impressopunctatus;161165;188948;;Coelambus impressopunctatus
162328;Coeliodes dryados;161165;188949;;Coeliodes dryados
162329;Coeliodes erythroleucus;161165;188950;;Coeliodes erythroleucus
162330;Colenis immunda;161165;188951;;Colenis immunda
162331;Coniocleonus hollbergi;161165;188952;;Coniocleonus hollbergi
162332;Conopalpus testaceus;161165;188953;;Conopalpus testaceus
162333;Copelatus haemorrhoidalis;161165;188954;;Copelatus haemorrhoidalis
162334;Corticaria elongata;161165;188955;;Corticaria elongata
162335;Corticarina fuscula;161165;188956;;Corticarina fuscula
162336;Corticarina similata;161165;188957;;Corticarina similata
162337;Corticeus bicolor;161165;188958;;Corticeus bicolor
162338;Corticeus linearis;161165;188959;;Corticeus linearis
162339;Corticeus unicolor;161165;188960;;Corticeus unicolor
162340;Cortinicara gibbosa;161165;188961;;Cortinicara gibbosa
162341;Cossonus linearis;161165;188962;;Cossonus linearis
162342;Cossonus parallelepipedus;161165;188963;;Cossonus parallelepipedus
162343;Crepidodera aurata;161165;188964;;Crepidodera aurata
162344;Crepidodera aurea;161165;188965;;Crepidodera aurea
162345;Crepidodera fulvicornis;161165;188966;;Crepidodera fulvicornis
162346;Crioceris asparagi;161165;188967;;Crioceris asparagi
162347;Cryptarcha strigata;161165;188968;;Cryptarcha strigata
162348;Cryptocephalus bipunctatus;161165;188969;;Cryptocephalus bipunctatus
162349;Cryptocephalus fulvus;161165;188970;;Cryptocephalus fulvus
162350;Cryptocephalus labiatus;161165;188971;;Cryptocephalus labiatus
162351;Cryptocephalus nitidus;161165;188972;;Cryptocephalus nitidus
162352;Cryptocephalus pusillus;161165;188973;;Cryptocephalus pusillus
162353;Cryptophagus dentatus;161165;188974;;Cryptophagus dentatus
162354;Cryptophagus lycoperdi;161165;188975;;Cryptophagus lycoperdi
162355;Cryptophagus pallidus;161165;188976;;Cryptophagus pallidus
162356;Cryptophagus pilosus;161165;188977;;Cryptophagus pilosus
162357;Cryptophagus scanicus;161165;188978;;Cryptophagus scanicus
162358;Cryptophagus setulosus;161165;188979;;Cryptophagus setulosus
162359;Cryptopleurum minutum;161165;188980;;Cryptopleurum minutum
162360;Ctesias serra;161165;188981;;Ctesias serra
162361;Curculio crux;161165;188982;;Curculio crux
162362;Curculio glandium;161165;188983;;Curculio glandium
162363;Curculio nucum;161165;188984;;Curculio nucum
162364;Curculio pyrrhoceras;161165;188985;;Curculio pyrrhoceras
162365;Curculio salicivorus;161165;188986;;Curculio salicivorus
162366;Curculio venosus;161165;188987;;Curculio venosus
162367;Curculio villosus;161165;188988;;Curculio villosus
162368;Cychramus luteus;161165;188989;;Cychramus luteus
162369;Cymbiodyta marginella;161165;188990;;Cymbiodyta marginella
162370;Cyphon coarctatus;161165;188991;;Cyphon coarctatus
162371;Cyphon padi;161165;188992;;Cyphon padi
162372;Cyphon pubescens;161165;188993;;Cyphon pubescens
162373;Cyphon variabilis;161165;188994;;Cyphon variabilis
162374;Cytilus sericeus;161165;188995;;Cytilus sericeus
162375;Dacne bipustulata;161165;188996;;Dacne bipustulata
162376;Dalopius marginatus;161165;188997;;Dalopius marginatus
162377;Dasytes niger;161165;188998;;Dasytes niger
162378;Dasytes plumbeus;161165;188999;;Dasytes plumbeus
162379;Datonychus melanostictus;161165;189000;;Datonychus melanostictus
162380;Denticollis linearis;161165;189001;;Denticollis linearis
162381;Deporaus betulae;161165;189002;;Deporaus betulae
162382;Dermestes frischi;161165;189003;;Dermestes frischi
162383;Dermestes murinus;161165;189004;;Dermestes murinus
162384;Dicronychus cinereus;161165;189005;;Dicronychus cinereus
162385;Donacia bicolor;161165;189006;;Donacia bicolor
162386;Donacia cinerea;161165;189007;;Donacia cinerea
162387;Donacia clavipes;161165;189008;;Donacia clavipes
162388;Donacia crassipes;161165;189009;;Donacia crassipes
162389;Donacia impressa;161165;189010;;Donacia impressa
162390;Donacia marginata;161165;189011;;Donacia marginata
162391;Donacia sparganii;161165;189012;;Donacia sparganii
162392;Donacia tomentosa;161165;189013;;Donacia tomentosa
162393;Donacia versicolorea;161165;189014;;Donacia versicolorea
162394;Dorcatoma robusta;161165;189015;;Dorcatoma robusta
162395;Dorytomus dejeani;161165;189016;;Dorytomus dejeani
162396;Dorytomus rufatus;161165;189017;;Dorytomus rufatus
162397;Dorytomus salicis;161165;189018;;Dorytomus salicis
162398;Dorytomus taeniatus;161165;189019;;Dorytomus taeniatus
162399;Dorytomus tortrix;161165;189020;;Dorytomus tortrix
162400;Dryops ernesti;161165;189021;;Dryops ernesti
162401;Dryops luridus;161165;189022;;Dryops luridus
162402;Enicmus transversus;161165;189023;;Enicmus transversus
162403;Ennearthron cornutum;161165;189024;;Ennearthron cornutum
162404;Enochrus affinis;161165;189025;;Enochrus affinis
162405;Enochrus ochropterus;161165;189026;;Enochrus ochropterus
162406;Enochrus quadripunctatus;161165;189027;;Enochrus quadripunctatus
162407;Enochrus testaceus;161165;189028;;Enochrus testaceus
162408;Epitrix pubescens;161165;189029;;Epitrix pubescens
162409;Epuraea limbata;161165;189030;;Epuraea limbata
162410;Epuraea marseuli;161165;189031;;Epuraea marseuli
162411;Ernobius mollis;161165;189032;;Ernobius mollis
162412;Euconnus hirticollis;161165;189033;;Euconnus hirticollis
162413;Eutrichapion viciae;161165;189034;;Eutrichapion viciae
162414;Exochomus quadripustulatus;161165;189035;;Exochomus quadripustulatus
162415;Furcipus rectirostris;161165;189036;;Furcipus rectirostris
162416;Galerucella grisescens;161165;189037;;Galerucella grisescens
162417;Galerucella kerstensi;161165;189038;;Galerucella kerstensi
162418;Galerucella nymphaeae;161165;189039;;Galerucella nymphaeae
162419;Gastrophysa polygoni;161165;189040;;Gastrophysa polygoni
162420;Gastrophysa viridula;161165;189041;;Gastrophysa viridula
162421;Geotrupes spiniger;161165;189042;;Geotrupes spiniger
162422;Glischrochilus hortensis;161165;189043;;Glischrochilus hortensis
162423;Glischrochilus quadripunctatus;161165;189044;;Glischrochilus quadripunctatus
162424;Gonioctena decemnotata;161165;189045;;Gonioctena decemnotata
162425;Gonioctena quinquepunctata;161165;189046;;Gonioctena quinquepunctata
162426;Gonioctena viminalis;161165;189047;;Gonioctena viminalis
162427;Grammoptera ruficornis;161165;189048;;Grammoptera ruficornis
162428;Graptodytes pictus;161165;189049;;Graptodytes pictus
162429;Gyrinus marinus;161165;189050;;Gyrinus marinus
162430;Gyrinus minutus;161165;189051;;Gyrinus minutus
162431;Gyrinus paykulli;161165;189052;;Gyrinus paykulli
162432;Gyrinus suffriani;161165;189053;;Gyrinus suffriani
162433;Haliplus flavicollis;161165;189054;;Haliplus flavicollis
162434;Haliplus heydeni;161165;189055;;Haliplus heydeni
162435;Haliplus immaculatus;161165;189056;;Haliplus immaculatus
162436;Haliplus ruficollis;161165;189057;;Haliplus ruficollis
162437;Halyzia sedecimguttata;161165;189058;;Halyzia sedecimguttata
162438;Harmonia quadripunctata;161165;189059;;Harmonia quadripunctata
162439;Hedobia imperialis;161165;189060;;Hedobia imperialis
162440;Helophorus flavipes;161165;189061;;Helophorus flavipes
162441;Helophorus granularis;161165;189062;;Helophorus granularis
162442;Helophorus minutus;161165;189063;;Helophorus minutus
162443;Hemicrepidius hirtus;161165;189064;;Hemicrepidius hirtus
162444;Hemicrepidius niger;161165;189065;;Hemicrepidius niger
162445;Heterocerus fenestratus;161165;189066;;Heterocerus fenestratus
162446;Hippodamia tredecimpunctata;161165;189067;;Hippodamia tredecimpunctata
162447;Hister unicolor;161165;189068;;Hister unicolor
162448;Hydaticus modestus;161165;189069;;Hydaticus modestus
162449;Hydaticus seminiger;161165;189070;;Hydaticus seminiger
162450;Hydrochus angustatus;161165;189071;;Hydrochus angustatus
162451;Hydroporus angustatus;161165;189072;;Hydroporus angustatus
162452;Hydroporus neglectus;161165;189073;;Hydroporus neglectus
162453;Hydroporus nigrita;161165;189074;;Hydroporus nigrita
162454;Hydroporus planus;161165;189075;;Hydroporus planus
162455;Hydroporus pubescens;161165;189076;;Hydroporus pubescens
162456;Hydroporus scalesianus;161165;189077;;Hydroporus scalesianus
162457;Hydroporus striola;161165;189078;;Hydroporus striola
162458;Hydroporus tristis;161165;189079;;Hydroporus tristis
162459;Hydroporus umbrosus;161165;189080;;Hydroporus umbrosus
162460;Hydrovatus cuspidatus;161165;189081;;Hydrovatus cuspidatus
162461;Hygrobia hermanni;161165;189082;;Hygrobia hermanni
162462;Hygrotus inaequalis;161165;189083;;Hygrotus inaequalis
162463;Hygrotus versicolor;161165;189084;;Hygrotus versicolor
162464;Hylastes ater;161165;189085;;Hylastes ater
162465;Hylastes cunicularius;161165;189086;;Hylastes cunicularius
162466;Hylastes opacus;161165;189087;;Hylastes opacus
162467;Hylobius abietis;161165;189088;;Hylobius abietis
162468;Hylurgops palliatus;161165;189089;;Hylurgops palliatus
162469;Hypera suspiciosa;161165;189090;;Hypera suspiciosa
162470;Ilybius ater;161165;189091;;Ilybius ater
162471;Ilybius fenestratus;161165;189092;;Ilybius fenestratus
162472;Ilybius guttiger;161165;189093;;Ilybius guttiger
162473;Ischnopterapion modestum;161165;189094;;Ischnopterapion modestum
162474;Isomira murina;161165;189095;;Isomira murina
162475;Kateretes pedicularius;161165;189096;;Kateretes pedicularius
162476;Kateretes rufilabris;161165;189097;;Kateretes rufilabris
162477;Korynetes caeruleus;161165;189098;;Korynetes caeruleus
162478;Laccobius bipunctatus;161165;189099;;Laccobius bipunctatus
162479;Laccobius minutus;161165;189100;;Laccobius minutus
162480;Laccophilus hyalinus;161165;189101;;Laccophilus hyalinus
162481;Laccophilus minutus;161165;189102;;Laccophilus minutus
162482;Leiodes polita;161165;189103;;Leiodes polita
162483;Leiopus nebulosus;161165;189104;;Leiopus nebulosus
162484;Lilioceris lilii;161165;189105;;Lilioceris lilii
162485;Limnebius aluta;161165;189106;;Limnebius aluta
162486;Limonius aeneoniger;161165;189107;;Limonius aeneoniger
162487;Linaeidea aenea;161165;189108;;Linaeidea aenea
162488;Litargus connexus;161165;189109;;Litargus connexus
162489;Lochmaea capreae;161165;189110;;Lochmaea capreae
162490;Lochmaea suturalis;161165;189111;;Lochmaea suturalis
162491;Longitarsus melanocephalus;161165;189112;;Longitarsus melanocephalus
162492;Luperus flavipes;161165;189113;;Luperus flavipes
162493;Luperus longicornis;161165;189114;;Luperus longicornis
162494;Luperus luperus;161165;189115;;Luperus luperus
162495;Lygistopterus sanguineus;161165;189116;;Lygistopterus sanguineus
162496;Lythraria salicariae;161165;189117;;Lythraria salicariae
162497;Magdalis cerasi;161165;189118;;Magdalis cerasi
162498;Magdalis flavicornis;161165;189119;;Magdalis flavicornis
162499;Malthinus punctatus;161165;189120;;Malthinus punctatus
162500;Malthodes marginatus;161165;189121;;Malthodes marginatus
162501;Margarinotus brunneus;161165;189122;;Margarinotus brunneus
162502;Margarinotus merdarius;161165;189123;;Margarinotus merdarius
162503;Margarinotus purpurascens;161165;189124;;Margarinotus purpurascens
162504;Margarinotus striola;161165;189125;;Margarinotus striola
162505;Margarinotus ventralis;161165;189126;;Margarinotus ventralis
162506;Mecinus pyraster;161165;189127;;Mecinus pyraster
162507;Megasternum obscurum;161165;189128;;Megasternum obscurum
162508;Megatoma undata;161165;189129;;Megatoma undata
162509;Melanimon tibiale;161165;189130;;Melanimon tibiale
162510;Melanophthalma suturalis;161165;189131;;Melanophthalma suturalis
162511;Melanotus rufipes;161165;189132;;Melanotus rufipes
162512;Melasis buprestoides;161165;189133;;Melasis buprestoides
162513;Meligethes denticulatus;161165;189134;;Meligethes denticulatus
162514;Meligethes morosus;161165;189135;;Meligethes morosus
162515;Meligethes nigrescens;161165;189136;;Meligethes nigrescens
162516;Meligethes pedicularius;161165;189137;;Meligethes pedicularius
162517;Meligethes viridescens;161165;189138;;Meligethes viridescens
162518;Micrelus ericae;161165;189139;;Micrelus ericae
162519;Microcara testacea;161165;189140;;Microcara testacea
162520;Mogulones asperifoliarum;161165;189141;;Mogulones asperifoliarum
162521;Monotoma longicollis;161165;189142;;Monotoma longicollis
162522;Monotoma picipes;161165;189143;;Monotoma picipes
162523;Mordella aculeata;161165;189144;;Mordella aculeata
162524;Mordella holomelaena;161165;189145;;Mordella holomelaena
162525;Mordellistena neuwaldeggiana;161165;189146;;Mordellistena neuwaldeggiana
162526;Mycetophagus piceus;161165;189147;;Mycetophagus piceus
162527;Myzia oblongoguttata;161165;189148;;Myzia oblongoguttata
162528;Nalassus laevioctostriatus;161165;189149;;Nalassus laevioctostriatus
162529;Nanophyes marmoratus;161165;189150;;Nanophyes marmoratus
162530;Nargus anisotomoides;161165;189151;;Nargus anisotomoides
162531;Nargus velox;161165;189152;;Nargus velox
162532;Nartus grapii;161165;189153;;Nartus grapii
162533;Necrobia rufipes;161165;189154;;Necrobia rufipes
162534;Necrobia violacea;161165;189155;;Necrobia violacea
162535;Necrophorus fossor;161165;189156;;Necrophorus fossor
162536;Necrophorus vestigator;161165;189157;;Necrophorus vestigator
162537;Nedyus quadrimaculatus;161165;189158;;Nedyus quadrimaculatus
162538;Neuraphes elongatulus;161165;189159;;Neuraphes elongatulus
162539;Noterus clavicornis;161165;189160;;Noterus clavicornis
162540;Noterus crassicornis;161165;189161;;Noterus crassicornis
162541;Oberea oculata;161165;189162;;Oberea oculata
162542;Ochina ptinoides;161165;189163;;Ochina ptinoides
162543;Octotemnus glabriculus;161165;189164;;Octotemnus glabriculus
162544;Oedemera lurida;161165;189165;;Oedemera lurida
162545;Oedemera virescens;161165;189166;;Oedemera virescens
162546;Oenopia conglobata;161165;189167;;Oenopia conglobata
162547;Olibrus aeneus;161165;189168;;Olibrus aeneus
162548;Omonadus floralis;161165;189169;;Omonadus floralis
162549;Omosita discoidea;161165;189170;;Omosita discoidea
162550;Onthophagus coenobita;161165;189171;;Onthophagus coenobita
162551;Onthophagus nuchicornis;161165;189172;;Onthophagus nuchicornis
162552;Onthophagus similis;161165;189173;;Onthophagus similis
162553;Orchesia micans;161165;189174;;Orchesia micans
162554;Orthoperus atomus;161165;189175;;Orthoperus atomus
162555;Orthotomicus laricis;161165;189176;;Orthotomicus laricis
162556;Orthotomicus proximus;161165;189177;;Orthotomicus proximus
162557;Otiorhynchus ovatus;161165;189178;;Otiorhynchus ovatus
162558;Otiorhynchus raucus;161165;189179;;Otiorhynchus raucus
162559;Oulema duftschmidi;161165;189180;;Oulema duftschmidi
162560;Oulema gallaeciana;161165;189181;;Oulema gallaeciana
162561;Oulema melanopus;161165;189182;;Oulema melanopus
162562;Oxystoma cerdo;161165;189183;;Oxystoma cerdo
162563;Oxystoma pomonae;161165;189184;;Oxystoma pomonae
162564;Parethelcus pollinarius;161165;189185;;Parethelcus pollinarius
162565;Paromalus flavicornis;161165;189186;;Paromalus flavicornis
162567;Pelenomus comari;161165;189188;;Pelenomus comari
162568;Pelenomus quadrituberculatus;161165;189189;;Pelenomus quadrituberculatus
162569;Perapion curtirostre;161165;189190;;Perapion curtirostre
162570;Perapion marchicum;161165;189191;;Perapion marchicum
162571;Perapion violaceum;161165;189192;;Perapion violaceum
162572;Phaedon armoraciae;161165;189193;;Phaedon armoraciae
162573;Phaedon cochleariae;161165;189194;;Phaedon cochleariae
162574;Phloiotrya vaudoueri;161165;189195;;Phloiotrya vaudoueri
162575;Phratora laticollis;161165;189196;;Phratora laticollis
162576;Phratora vitellinae;161165;189197;;Phratora vitellinae
162577;Phratora vulgatissima;161165;189198;;Phratora vulgatissima
162578;Phyllobius arborator;161165;189199;;Phyllobius arborator
162579;Phyllobius calcaratus;161165;189200;;Phyllobius calcaratus
162580;Phyllobius maculicornis;161165;189201;;Phyllobius maculicornis
162581;Phyllobius pomaceus;161165;189202;;Phyllobius pomaceus
162582;Phyllobius pyri;161165;189203;;Phyllobius pyri
162583;Phyllopertha horticola;161165;189204;;Phyllopertha horticola
162584;Phyllotreta vittula;161165;189205;;Phyllotreta vittula
162585;Phymatodes alni;161165;189206;;Phymatodes alni
162586;Phymatodes testaceus;161165;189207;;Phymatodes testaceus
162587;Phytobius leucogaster;161165;189208;;Phytobius leucogaster
162588;Pityogenes bidentatus;161165;189209;;Pityogenes bidentatus
162589;Pityogenes chalcographus;161165;189210;;Pityogenes chalcographus
162590;Pityophagus ferrugineus;161165;189211;;Pityophagus ferrugineus
162591;Plagiodera versicolora;161165;189212;;Plagiodera versicolora
162592;Platysoma compressum;161165;189213;;Platysoma compressum
162593;Pocadius ferrugineus;161165;189214;;Pocadius ferrugineus
162594;Polydrusus cervinus;161165;189215;;Polydrusus cervinus
162595;Polydrusus sericeus;161165;189216;;Polydrusus sericeus
162596;Porcinolus murinus;161165;189217;;Porcinolus murinus
162597;Porhydrus lineatus;161165;189218;;Porhydrus lineatus
162598;Prosternon tessellatum;161165;189219;;Prosternon tessellatum
162599;Protapion fulvipes;161165;189220;;Protapion fulvipes
162600;Pselaphorhynchites longiceps;161165;189221;;Pselaphorhynchites longiceps
162601;Pselaphorhynchites nanus;161165;189222;;Pselaphorhynchites nanus
162602;Psylliodes affinis;161165;189223;;Psylliodes affinis
162603;Psylliodes chrysocephalus;161165;189224;;Psylliodes chrysocephalus
162604;Psylliodes dulcamarae;161165;189225;;Psylliodes dulcamarae
162605;Ptenidium nitidum;161165;189226;;Ptenidium nitidum
162606;Ptilinus pectinicornis;161165;189227;;Ptilinus pectinicornis
162607;Ptinus fur;161165;189228;;Ptinus fur
162608;Ptinus rufipes;161165;189229;;Ptinus rufipes
162609;Pyrrhalta viburni;161165;189230;;Pyrrhalta viburni
162610;Rhagium inquisitor;161165;189231;;Rhagium inquisitor
162611;Rhagium mordax;161165;189232;;Rhagium mordax
162612;Rhagonycha gallica;161165;189233;;Rhagonycha gallica
162613;Rhagonycha lignosa;161165;189234;;Rhagonycha lignosa
162614;Rhagonycha limbata;161165;189235;;Rhagonycha limbata
162615;Rhagonycha testacea;161165;189236;;Rhagonycha testacea
162616;Rhamphus pulicarius;161165;189237;;Rhamphus pulicarius
162617;Rhantus bistriatus;161165;189238;;Rhantus bistriatus
162618;Rhantus notatus;161165;189239;;Rhantus notatus
162619;Rhantus suturalis;161165;189240;;Rhantus suturalis
162620;Rhantus suturellus;161165;189241;;Rhantus suturellus
162621;Rhinoncus bruchoides;161165;189242;;Rhinoncus bruchoides
162622;Rhinoncus castor;161165;189243;;Rhinoncus castor
162623;Rhinoncus inconspectus;161165;189244;;Rhinoncus inconspectus
162624;Rhinoncus pericarpius;161165;189245;;Rhinoncus pericarpius
162625;Rhinoncus perpendicularis;161165;189246;;Rhinoncus perpendicularis
162626;Rhizophagus bipustulatus;161165;189247;;Rhizophagus bipustulatus
162627;Rhizophagus depressus;161165;189248;;Rhizophagus depressus
162628;Rhizophagus dispar;161165;189249;;Rhizophagus dispar
162629;Rhizophagus ferrugineus;161165;189250;;Rhizophagus ferrugineus
162630;Rhizophagus picipes;161165;189251;;Rhizophagus picipes
162631;Rhynchaenus pilosus;161165;189252;;Rhynchaenus pilosus
162632;Rhynchaenus quercus;161165;189253;;Rhynchaenus quercus
162633;Rhynchaenus rusci;161165;189254;;Rhynchaenus rusci
162634;Rhynchaenus testaceus;161165;189255;;Rhynchaenus testaceus
162635;Rhynchites cupreus;161165;189256;;Rhynchites cupreus
162636;Rhyzobius chrysomeloides;161165;189257;;Rhyzobius chrysomeloides
162637;Rhyzobius litura;161165;189258;;Rhyzobius litura
162638;Saprinus aeneus;161165;189259;;Saprinus aeneus
162639;Saprinus semistriatus;161165;189260;;Saprinus semistriatus
162640;Scaphidema metallicum;161165;189261;;Scaphidema metallicum
162641;Sciodrepoides fumatus;161165;189262;;Sciodrepoides fumatus
162642;Sciodrepoides watsoni;161165;189263;;Sciodrepoides watsoni
162643;Scolytus rugulosus;161165;189264;;Scolytus rugulosus
162644;Scymnus auritus;161165;189265;;Scymnus auritus
162645;Scymnus mimulus;161165;189266;;Scymnus mimulus
162646;Scymnus nigrinus;161165;189267;;Scymnus nigrinus
162647;Serica brunna;161165;189268;Heller Seidenkäfer;Heller Seidenkäfer – Serica brunna
162648;Sermylassa halensis;161165;189269;;Sermylassa halensis
162649;Silpha tristis;161165;189270;;Silpha tristis
162650;Simplocaria semistriata;161165;189271;;Simplocaria semistriata
162652;Sitona cambricus;161165;189273;;Sitona cambricus
162653;Sitona lepidus;161165;189274;;Sitona lepidus
162654;Sitona macularius;161165;189275;;Sitona macularius
162655;Sphaeridium bipustulatum;161165;189276;;Sphaeridium bipustulatum
162656;Sphaeridium lunatum;161165;189277;;Sphaeridium lunatum
162657;Sphaeridium scarabaeoides;161165;189278;;Sphaeridium scarabaeoides
162658;Sphaeroderma testaceum;161165;189279;;Sphaeroderma testaceum
162659;Sphindus dubius;161165;189280;;Sphindus dubius
162660;Stegobium paniceum;161165;189281;;Stegobium paniceum
162661;Stenichnus collaris;161165;189282;;Stenichnus collaris
162662;Stenichnus scutellaris;161165;189283;;Stenichnus scutellaris
162663;Stenostola dubia;161165;189284;;Stenostola dubia
162664;Stephostethus lardarius;161165;189285;;Stephostethus lardarius
162665;Stilbus oblongus;161165;189286;;Stilbus oblongus
162666;Stilbus testaceus;161165;189287;;Stilbus testaceus
162667;Strangalia attenuata;161165;189288;;Strangalia attenuata
162668;Strophosoma capitatum;161165;189289;;Strophosoma capitatum
162669;Strophosoma melanogrammum;161165;189290;;Strophosoma melanogrammum
162670;Strophosoma sus;161165;189291;;Strophosoma sus
162671;Subcoccinella vigintiquatuorpuncta;161165;189292;;Subcoccinella vigintiquatuorpuncta
162672;Tanysphyrus lemnae;161165;189293;;Tanysphyrus lemnae
162673;Telmatophilus caricis;161165;189294;;Telmatophilus caricis
162674;Telmatophilus typhae;161165;189295;;Telmatophilus typhae
162675;Tetrops praeustus;161165;189296;;Tetrops praeustus
162676;Thamiocolus viduatus;161165;189297;;Thamiocolus viduatus
162677;Thanasimus formicarius;161165;189298;;Thanasimus formicarius
162678;Thanatophilus rugosus;161165;189299;;Thanatophilus rugosus
162679;Thanatophilus sinuatus;161165;189300;;Thanatophilus sinuatus
162680;Tillus elongatus;161165;189301;;Tillus elongatus
162681;Trachyphloeus bifoveolatus;161165;189302;;Trachyphloeus bifoveolatus
162682;Trachyphloeus scabriculus;161165;189303;;Trachyphloeus scabriculus
162683;Tribolium confusum;161165;189304;;Tribolium confusum
162684;Trichapion simile;161165;189305;;Trichapion simile
162685;Triplax russica;161165;189306;;Triplax russica
162686;Tritoma bipustulata;161165;189307;;Tritoma bipustulata
162687;Trixagus dermestoides;161165;189308;;Trixagus dermestoides
162688;Trox sabulosus;161165;189309;;Trox sabulosus
162689;Trox scaber;161165;189310;;Trox scaber
162690;Tychius picirostris;161165;189311;;Tychius picirostris
162691;Tytthaspis sedecimpunctata;161165;189312;;Tytthaspis sedecimpunctata
162692;Uleiota planata;161165;189313;;Uleiota planata
162693;Xestobium rufovillosum;161165;189314;;Xestobium rufovillosum
162694;Xyleborus dispar;161165;189315;;Xyleborus dispar
162695;Xyleborus saxeseni;161165;189316;;Xyleborus saxeseni
162696;Xyloterus domesticus;161165;189317;;Xyloterus domesticus
162697;Xyloterus lineatus;161165;189318;;Xyloterus lineatus
162698;Xyloterus signatus;161165;189319;;Xyloterus signatus
162699;Zeugophora flavicollis;161165;189320;;Zeugophora flavicollis
162700;Zeugophora subspinosa;161165;189321;;Zeugophora subspinosa
163753;Brachymyia berberina;166256;190649;;Brachymyia berberina
163754;Cheilosia caerulescens;166256;190650;;Cheilosia caerulescens
163755;Cheilosia vernalis;166256;190651;;Cheilosia vernalis
163756;Chrysotoxum verralli;166256;190652;;Chrysotoxum verralli
163757;Dasysyrphus albostriatus var. confusus;166256;190653;;Dasysyrphus albostriatus var. confusus
163763;Eumerus strigatus;166256;190659;;Eumerus strigatus
163764;Eupeodes corollae;166256;190660;;Eupeodes corollae
163765;Eupeodes latifasciatus;166256;190661;;Eupeodes latifasciatus
163766;Eupeodes luniger;166256;190662;;Eupeodes luniger
163767;Eurimyia lineata;166256;190663;;Eurimyia lineata
163768;Melanogaster aerosa;166256;190664;;Melanogaster aerosa
163769;Melanogaster hirtella;166256;190665;;Melanogaster hirtella
163770;Merodon equestris;166256;190666;;Merodon equestris
163771;Microdon mutabilis;166256;190667;;Microdon mutabilis
163772;Heringia vitripennis;166256;190668;;Heringia vitripennis
163773;Neoasciella meticulosa;166256;190669;;Neoasciella meticulosa
163774;Pandasyopthalmus haemorrhous;166256;190670;;Pandasyopthalmus haemorrhous
163775;Parasyrphus vittiger;166256;190671;;Parasyrphus vittiger
163776;Parhelophilus frutetorum;166256;190672;;Parhelophilus frutetorum
163777;Pipizella viduata;166256;190673;;Pipizella viduata
163778;Temnostoma vespiforme;166256;190674;;Temnostoma vespiforme
163779;Tropidia scita;166256;190675;;Tropidia scita
163780;Volucella bombylans var. plumata;166256;190676;;Volucella bombylans var. plumata
163781;Xylota sylvarum;166256;190677;;Xylota sylvarum
163887;Chrysis ignita-Gruppe;708822;191549;;Chrysis ignita-Gruppe
163888;Crossocerus varus;708822;191550;;Crossocerus varus
163889;Polistes bischoffi;708822;191551;Zierliche Feldwespe;Zierliche Feldwespe – Polistes bischoffi
163890;Trichrysis cyanea;708822;191552;;Trichrysis cyanea
163894;Andrena bimaculata;158763;191556;;Andrena bimaculata
163895;Andrena ovatula-Gruppe;158763;191557;;Andrena ovatula-Gruppe
163896;Nomada braunsiana;158763;191558;;Nomada braunsiana
163897;Bombus bohemicus;158763;191559;Böhmische Schmarotzerhummel;Böhmische Schmarotzerhummel – Bombus bohemicus
163898;Bombus lucorum-Agg.;158763;191560;;Bombus lucorum-Agg.
163899;Bombus norvegicus;158763;191561;Norwegische Schmarotzerhummel;Norwegische Schmarotzerhummel – Bombus norvegicus
163900;Bombus sylvestris;158763;191562;Wald-Schmarotzerhummel;Wald-Schmarotzerhummel – Bombus sylvestris
163901;Osmia bicornis;158763;191563;;Osmia bicornis
163902;Andrena assimilis;158763;191564;;Andrena assimilis
163903;Osmia rapunculi;158763;191565;;Osmia rapunculi
167457;Larus michahellis;165844;195763;Mittelmeermöwe;Mittelmeermöwe – Larus michahellis
167459;Brenthis daphne;164691;195765;;Brenthis daphne
167620;Insekten;204339;366309;Insekten;Insekten – Insekten
167625;Neotypus melanocephalus;159099;366313;Ameisenbläulings-Schlupfwespe;Ameisenbläulings-Schlupfwespe – Neotypus melanocephalus
167628;Rastvögel;204339;366316;Rastvögel;Rastvögel – Rastvögel
167693;update;0;916811;;update
167704;Kleinsäuger;204339;366358;;Kleinsäuger
167749;Bach-/Flussneunaugenquerder (nicht unterscheidbar);158605;366451;Bach-/Flussneunaugenquerder (nicht unterscheidbar);Bach-/Flussneunaugenquerder (nicht unterscheidbar) – Bach-/Flussneunaugenquerder (nicht unterscheidbar)
167751;Anser fabalis fabalis;166005;366452;Waldsaatgans;Waldsaatgans – Anser fabalis fabalis
167753;Anser fabalis rossicus;166005;366453;;Anser fabalis rossicus
167755;ZZZ weitere Art (siehe Bemerkung);nan;366454;;ZZZ weitere Art (siehe Bemerkung)
167756;Motacilla flavissima;165844;366455;Gelbkopf-Schafstelze;Gelbkopf-Schafstelze – Motacilla flavissima
167758;Motacilla thunbergi;165844;366456;Thunbergschafstelze;Thunbergschafstelze – Motacilla thunbergi
167760;Motacilla yarrellii;165844;366457;Trauerbachstelze;Trauerbachstelze – Motacilla yarrellii
167762;Synathedon flaviventris ;nan;366458;fahler Glasflügler;fahler Glasflügler – Synathedon flaviventris 
167764;_TierePlatzhalter9;nan;366459;;_TierePlatzhalter9
167765;_TierePlatzhalter10;nan;366460;;_TierePlatzhalter10
167771;_TierePlatzhalter13;nan;366463;;_TierePlatzhalter13
167773;_TierePlatzhalter14;nan;366464;;_TierePlatzhalter14
167775;_TierePlatzhalter15;nan;366465;;_TierePlatzhalter15
167776;_TierePlatzhalter16;nan;366466;;_TierePlatzhalter16
167777;_TierePlatzhalter17;nan;366467;;_TierePlatzhalter17
167778;_TierePlatzhalter18;nan;366468;;_TierePlatzhalter18
167780;_TierePlatzhalter19;nan;366469;;_TierePlatzhalter19
167782;_TierePlatzhalter20;nan;366470;;_TierePlatzhalter20
167784;update;0;916812;;update
167785;_TierePlatzhalter21;nan;366471;;_TierePlatzhalter21
167788;_TierePlatzhalter22;nan;366472;;_TierePlatzhalter22
167792;_TierePlatzhalter23;nan;366473;;_TierePlatzhalter23
167794;_TierePlatzhalter24;nan;366474;;_TierePlatzhalter24
167796;_TierePlatzhalter25;nan;366475;;_TierePlatzhalter25
167798;_TierePlatzhalter26;nan;366476;;_TierePlatzhalter26
167800;_TierePlatzhalter27;nan;366477;;_TierePlatzhalter27
167802;_TierePlatzhalter28;nan;366478;;_TierePlatzhalter28
167804;_TierePlatzhalter29;nan;366479;;_TierePlatzhalter29
167806;_TierePlatzhalter30;nan;366480;;_TierePlatzhalter30
167808;_TierePlatzhalter31;nan;366481;;_TierePlatzhalter31
167810;_TierePlatzhalter32;nan;366482;;_TierePlatzhalter32
167812;_TierePlatzhalter33;nan;366483;;_TierePlatzhalter33
167816;_TierePlatzhalter34;nan;366484;;_TierePlatzhalter34
167819;_TierePlatzhalter35;nan;366485;;_TierePlatzhalter35
167824;_TierePlatzhalter36;nan;366486;;_TierePlatzhalter36
167826;_TierePlatzhalter37;nan;366487;;_TierePlatzhalter37
167827;_TierePlatzhalter38;nan;366488;;_TierePlatzhalter38
167829;_TierePlatzhalter39;nan;366489;;_TierePlatzhalter39
167833;_TierePlatzhalter40;nan;366490;;_TierePlatzhalter40
167837;_TierePlatzhalter41;nan;366491;;_TierePlatzhalter41
167840;_TierePlatzhalter42;nan;366492;;_TierePlatzhalter42
167843;_TierePlatzhalter43;nan;366493;;_TierePlatzhalter43
167845;_TierePlatzhalter44;nan;366494;;_TierePlatzhalter44
167846;_TierePlatzhalter45;nan;366495;;_TierePlatzhalter45
167848;_TierePlatzhalter46;nan;366496;;_TierePlatzhalter46
167850;_TierePlatzhalter47;nan;366497;;_TierePlatzhalter47
167852;_TierePlatzhalter48;nan;366498;;_TierePlatzhalter48
167854;_TierePlatzhalter49;nan;366499;;_TierePlatzhalter49
167856;_TierePlatzhalter50;nan;366500;;_TierePlatzhalter50
167985;Anthrax anthrax;166256;196291;;Anthrax anthrax
167986;Hemipenthes morio;166256;196292;;Hemipenthes morio
167987;Macropis europaea;158763;196293;;Macropis europaea
167988;Osmia niveata;158763;196294;;Osmia niveata
167989;Chondrula tridens;164830;196295;Dreizahn-Vielfraßschnecke;Dreizahn-Vielfraßschnecke – Chondrula tridens
167990;Clausilia cruciata;164830;196296;Scharfgerippte Schliessmundschnecke;Scharfgerippte Schliessmundschnecke – Clausilia cruciata
167991;Gyraulus riparius;164830;196297;Flaches Posthörnchen;Flaches Posthörnchen – Gyraulus riparius
167992;Vallonia enniensis;164830;196298;Feingerippte Grasschnecke;Feingerippte Grasschnecke – Vallonia enniensis
167994;Zebrina detrita;164830;196300;Märzenschnecke;Märzenschnecke – Zebrina detrita
168830;Arvicola amphibius;163127;397047;Aquatische Schermaus;Aquatische Schermaus – Arvicola amphibius
168831;Bison bonasus;163127;397049;Wisent;Wisent – Bison bonasus
168834;Equus caballus;163127;397050;Wildpferd;Wildpferd – Equus caballus
168835;Tamias striatus;163127;397051;Streifenbackenhörnchen;Streifenbackenhörnchen – Tamias striatus
168836;Ursus arctos;163127;397052;Braunbär;Braunbär – Ursus arctos
168837;Bos taurus;163127;397048;Auerochse;Auerochse – Bos taurus
170700;Zygaena minos;163213;199026;Bibernell-Widderchen;Bibernell-Widderchen – Zygaena minos
170701;Eilema sororcula;163213;199027;Frühlingsflechtenbär;Frühlingsflechtenbär – Eilema sororcula
170706;Luperina testacea;163498;199032;Lehmfarbige Feldraseneule;Lehmfarbige Feldraseneule – Luperina testacea
170708;Euxoa nigrofusca;163498;199034;;Euxoa nigrofusca
171574;Coccothraustes vespertinus;165844;200252;Abendkernbeisser;Abendkernbeisser – Coccothraustes vespertinus
171575;Anas flavirostris;165844;200253;Andenente;Andenente – Anas flavirostris
171576;Larus atricilla;165844;200254;Aztekenmöwe;Aztekenmöwe – Larus atricilla
171577;Anas bahamensis;165844;200255;Bahamänte;Bahamänte – Anas bahamensis
171578;Psittacula alexandri;165844;200256;Bartsittich;Bartsittich – Psittacula alexandri
171579;Anser anser x Branta canadensis;165844;200257;Bastard Graugans-Kanadagans;Bastard Graugans-Kanadagans – Anser anser x Branta canadensis
171580;Larus philadelphia;165844;200258;Bonapartemöwe;Bonapartemöwe – Larus philadelphia
171581;Cisticola juncidis;165844;200259;Cistensänger;Cistensänger – Cisticola juncidis
171582;Euplectes hordeaceus;165844;200260;Flammenweber;Flammenweber – Euplectes hordeaceus
171583;Turdus hortulorum;165844;200261;Gartendrossel;Gartendrossel – Turdus hortulorum
171584;Amazona ochrocephala;165844;200262;Gelbscheitelamazone;Gelbscheitelamazone – Amazona ochrocephala
171585;Platycercus icterotis;165844;200263;Gelbwangenrosella;Gelbwangenrosella – Platycercus icterotis
171586;Chrysolophus pictus;165844;200264;Goldfasan;Goldfasan – Chrysolophus pictus
171587;Tadorna cana;165844;200265;Graukopfkasarka;Graukopfkasarka – Tadorna cana
171588;Psittacula caniceps;165844;200266;Graukopfsittich;Graukopfsittich – Psittacula caniceps
171589;Psittacus erithacus;165844;200267;Graupapagei;Graupapagei – Psittacus erithacus
171590;Anser anser domesticus;165844;200268;Hausgans;Hausgans – Anser anser domesticus
171591;Anas hottentotta;165844;200269;Hottentottenente;Hottentottenente – Anas hottentotta
171592;Coturnix japonica;165844;200270;Japanwachtel;Japanwachtel – Coturnix japonica
171593;Serinus canaria;165844;200271;Kanarienvogel;Kanarienvogel – Serinus canaria
171594;Chenonetta jubata;165844;200272;Mähnengans;Mähnengans – Chenonetta jubata
171595;Chloephaga picta;165844;200273;Magellangans;Magellangans – Chloephaga picta
171596;Vanellus miles;165844;200274;Maskenkiebitz;Maskenkiebitz – Vanellus miles
171597;Myiopsitta monachus;165844;200275;Mönchssittich;Mönchssittich – Myiopsitta monachus
171598;Aythya peposaka;165844;200276;Peposakänte;Peposakänte – Aythya peposaka
171599;Pavo cristatus;165844;200277;Pfau;Pfau – Pavo cristatus
171600;Agapornis lilianae;165844;200278;Pfirsichköpfchen;Pfirsichköpfchen – Agapornis lilianae
171601;Platycercus eximius;165844;200279;Prachtrosella;Prachtrosella – Platycercus eximius
171602;Agapornis roseicollis;165844;200280;Rosenköpfchen;Rosenköpfchen – Agapornis roseicollis
171603;Pycnonotus jocosus;165844;200281;Rotohrbülbuel;Rotohrbülbuel – Pycnonotus jocosus
171604;Anas erythrorhyncha;165844;200282;Rotschnabelente;Rotschnabelente – Anas erythrorhyncha
171605;Corvus albus;165844;200283;Schildrabe;Schildrabe – Corvus albus
171606;Polytelis swainsonii;165844;200284;Schildsittich;Schildsittich – Polytelis swainsonii
171607;Anser cygnoides;165844;200285;Schwanengans/Höckergans;Schwanengans/Höckergans – Anser cygnoides
171608;Euplectes albonotatus;165844;200286;Spiegelwida;Spiegelwida – Euplectes albonotatus
171609;Anas georgica;165844;200287;Spitzschwanzente;Spitzschwanzente – Anas georgica
171610;Cygnus buccinator;165844;200288;Trompeterschwan;Trompeterschwan – Cygnus buccinator
171611;Dendrocygna arcuata;165844;200289;Wanderpfeifgans;Wanderpfeifgans – Dendrocygna arcuata
171612;Pycnonotus leucogenys;165844;200290;Weissohrbülbül;Weissohrbülbül – Pycnonotus leucogenys
171613;Taenopygia guttata;165844;200291;Zebrafink;Zebrafink – Taenopygia guttata
171614;Anas cyanoptera;165844;200292;Zimtente;Zimtente – Anas cyanoptera
171861;Aeropus sibiricus;158667;200539;Sibirische Keulenschrecke;Sibirische Keulenschrecke – Aeropus sibiricus
171862;Aiolopus thalassinus;158667;200540;Grüne Strandschrecke;Grüne Strandschrecke – Aiolopus thalassinus
171863;Arcyptera fusca;158667;200541;Große Höckerschrecke;Große Höckerschrecke – Arcyptera fusca
171864;Arcyptera microptera;158667;200542;Kleine Höckerschrecke;Kleine Höckerschrecke – Arcyptera microptera
171865;Barbitistes constrictus;158667;200543;Nadelholz-Säbelschrecke;Nadelholz-Säbelschrecke – Barbitistes constrictus
171866;Bryodema tuberculata;158667;200544;Gefleckte Schnarrschrecke;Gefleckte Schnarrschrecke – Bryodema tuberculata
171867;Calliptamus italicus;158667;200545;Italienische Schönschrecke;Italienische Schönschrecke – Calliptamus italicus
171868;Chorthippus pullus;158667;200546;Kiesbank-Grashüpfer;Kiesbank-Grashüpfer – Chorthippus pullus
171869;Epacromius tergestinus;158667;200547;Fluss-Strandschrecke;Fluss-Strandschrecke – Epacromius tergestinus
171870;Ephippiger ephippiger;158667;200548;Steppen-Sattelschrecke;Steppen-Sattelschrecke – Ephippiger ephippiger
171871;Euthystira brachyptera;158667;200549;Kleine Goldschrecke;Kleine Goldschrecke – Euthystira brachyptera
171872;Gampsocleis glabra;158667;200550;Heideschrecke;Heideschrecke – Gampsocleis glabra
171873;Isophya kraussii;158667;200551;Gemeine Plumpschrecke;Gemeine Plumpschrecke – Isophya kraussii
171874;Mecostethus parapleurus;158667;200552;Lauchschrecke;Lauchschrecke – Mecostethus parapleurus
171875;Miramella alpina;158667;200553;Alpine Gebirgsschrecke;Alpine Gebirgsschrecke – Miramella alpina
171876;Modicogryllus frontalis;158667;200554;Östliche Grille;Östliche Grille – Modicogryllus frontalis
171877;Pholidoptera aptera;158667;200555;Alpen-Strauchschrecke;Alpen-Strauchschrecke – Pholidoptera aptera
171878;Platycleis montana;158667;200556;Steppen-Beißschrecke;Steppen-Beißschrecke – Platycleis montana
171879;Platycleis tesselata;158667;200557;Braunfleckige Beißschrecke;Braunfleckige Beißschrecke – Platycleis tesselata
171880;Podisma pedestris;158667;200558;Gewöhnliche Gebirgsschrecke;Gewöhnliche Gebirgsschrecke – Podisma pedestris
171881;Polysarcus denticauda;158667;200559;Wanstschrecke;Wanstschrecke – Polysarcus denticauda
171882;Pteronemobius heydenii;158667;200560;Sumpfgrille;Sumpfgrille – Pteronemobius heydenii
171883;Ruspolia nitidula;158667;200561;Große Schiefkopfschrecke;Große Schiefkopfschrecke – Ruspolia nitidula
171884;Stauroderus scalaris;158667;200562;Gebirgsgrashüpfer;Gebirgsgrashüpfer – Stauroderus scalaris
171885;Stenobothrus crassipes;158667;200563;Zwerggrashüpfer;Zwerggrashüpfer – Stenobothrus crassipes
171886;Tetrix tuerki;158667;200564;Türkis Dornschrecke;Türkis Dornschrecke – Tetrix tuerki
171887;Tettigonia caudata;158667;200565;Östliches Heupferd;Östliches Heupferd – Tettigonia caudata
171888;Aeshna coerulea;162960;200566;Alpen-Mosaikjungfer;Alpen-Mosaikjungfer – Aeshna coerulea
171889;Boyeria irene;162960;200567;Geisterlibelle;Geisterlibelle – Boyeria irene
171890;Gomphus simillimus;162960;200568;Gelbe Keiljungfer;Gelbe Keiljungfer – Gomphus simillimus
171891;Lestes macrostigma;162960;200569;Dunkle Binsenjungfer;Dunkle Binsenjungfer – Lestes macrostigma
171892;Onychogomphus uncatus;162960;200570;Große Zangenlibelle;Große Zangenlibelle – Onychogomphus uncatus
171893;Orthetrum albistylum;162960;200571;Östlicher Blaupfeil;Östlicher Blaupfeil – Orthetrum albistylum
171894;Somatochlora alpestris;162960;200572;Alpen-Smaragdlibelle;Alpen-Smaragdlibelle – Somatochlora alpestris
171992;Aelurillus v-insignitus (graue Form);165099;200719;;Aelurillus v-insignitus (graue Form)
171993;Aelurillus v-insignitus (schwarze Form);165099;200720;;Aelurillus v-insignitus (schwarze Form)
171994;Brommella falcigera;165099;200721;;Brommella falcigera
171995;Callilepis schuszteri;165099;200722;;Callilepis schuszteri
171996;Callobius claustrarius;165099;200723;;Callobius claustrarius
171997;Caracladus avicula;165099;200724;;Caracladus avicula
171998;Carorita limnaea;165099;200725;;Carorita limnaea
171999;Carorita paludosa;165099;200726;;Carorita paludosa
172000;Carrhotus xanthogramma;165099;200727;;Carrhotus xanthogramma
172001;Caviphantes saxetorum;165099;200728;;Caviphantes saxetorum
172002;Centromerus persimilis;165099;200729;;Centromerus persimilis
172003;Centromerus subalpinus;165099;200730;;Centromerus subalpinus
172004;Ceratinella major;165099;200731;;Ceratinella major
172005;Chalcoscirtus brevicymbialis;165099;200732;;Chalcoscirtus brevicymbialis
172006;Cheiracanthium campestre;165099;200733;;Cheiracanthium campestre
172007;Cheiracanthium effossum;165099;200734;;Cheiracanthium effossum
172008;Cheiracanthium elegans;165099;200735;;Cheiracanthium elegans
172009;Cheiracanthium mildei;165099;200736;;Cheiracanthium mildei
172010;Cheiracanthium montanum;165099;200737;;Cheiracanthium montanum
172011;Cheiracanthium punctorium;165099;200738;;Cheiracanthium punctorium
172012;Clubiona alpicola;165099;200739;;Clubiona alpicola
172013;Clubiona genevensis;165099;200740;;Clubiona genevensis
172014;Clubiona juvenis;165099;200741;Junge Sackspinne;Junge Sackspinne – Clubiona juvenis
172015;Clubiona kulczynskii;165099;200742;;Clubiona kulczynskii
172016;Clubiona marmorata;165099;200743;;Clubiona marmorata
172017;Clubiona similis;165099;200744;ähnliche Sackspinne;ähnliche Sackspinne – Clubiona similis
172018;Coelotes solitarius;165099;200745;;Coelotes solitarius
172019;Crustulina sticta;165099;200746;;Crustulina sticta
172020;Cybaeus angustiarum;165099;200747;;Cybaeus angustiarum
172021;Cybaeus tetricus;165099;200748;;Cybaeus tetricus
172022;Dictyna civica;165099;200749;;Dictyna civica
172023;Dictyna major;165099;200750;;Dictyna major
172024;Diplocentria bidentata;165099;200751;;Diplocentria bidentata
172025;Diplocephalus helleri;165099;200752;;Diplocephalus helleri
172026;Diplocephalus rostratus;165099;200753;;Diplocephalus rostratus
172027;Dipoena braccata;165099;200754;;Dipoena braccata
172028;Dipoena erythropus;165099;200755;;Dipoena erythropus
172029;Dipoena inornata;165099;200756;;Dipoena inornata
172030;Dipoena nigroreticulata;165099;200757;;Dipoena nigroreticulata
172031;Dipoena torva;165099;200758;;Dipoena torva
172032;Drassodes hispanus;165099;200759;;Drassodes hispanus
172033;Dysdera hungarica;165099;200760;;Dysdera hungarica
172034;Dysdera longirostris;165099;200761;;Dysdera longirostris
172035;Dysdera ninnii;165099;200762;;Dysdera ninnii
172036;Enoplognatha oelandica;165099;200763;;Enoplognatha oelandica
172037;Entelecara media;165099;200764;;Entelecara media
172038;Entelecara omissa;165099;200765;;Entelecara omissa
172039;Erigone remota;165099;200766;;Erigone remota
172040;Erigone tirolensis;165099;200767;;Erigone tirolensis
172041;Euryopis laeta;165099;200768;;Euryopis laeta
172042;Evansia merens;165099;200769;;Evansia merens
172043;Gibbaranea ullrichi;165099;200770;;Gibbaranea ullrichi
172044;Glyphesis taoplesius;165099;200771;;Glyphesis taoplesius
172045;Gnaphosa microps;165099;200772;;Gnaphosa microps
172046;Gnaphosa montana;165099;200773;;Gnaphosa montana
172047;Gnaphosa nigerrima;165099;200774;;Gnaphosa nigerrima
172048;Gnaphosa opaca;165099;200775;;Gnaphosa opaca
172049;Gnaphosa petrobia;165099;200776;;Gnaphosa petrobia
172050;Hahnia candida;165099;200777;;Hahnia candida
172051;Hahnia difficilis;165099;200778;Schwierige Bodenspinne;Schwierige Bodenspinne – Hahnia difficilis
172052;Hahnia microphthalma;165099;200779;;Hahnia microphthalma
172053;Halorates reprobus;165099;200780;;Halorates reprobus
172054;Haplodrassus cognatus;165099;200781;;Haplodrassus cognatus
172055;Haplodrassus dalmatensis;165099;200782;;Haplodrassus dalmatensis
172056;Haplodrassus minor;165099;200783;;Haplodrassus minor
172057;Haplodrassus moderatus;165099;200784;;Haplodrassus moderatus
172058;Heliophanus dubius;165099;200785;;Heliophanus dubius
172059;Heliophanus kochii;165099;200786;;Heliophanus kochii
172060;Heliophanus lineiventris;165099;200787;;Heliophanus lineiventris
172061;Heliophanus patagiatus;165099;200788;;Heliophanus patagiatus
172062;Heliophanus tribulosus;165099;200789;;Heliophanus tribulosus
172063;Heriaeus graminicola;165099;200790;;Heriaeus graminicola
172064;Heriaeus mellotteei;165099;200791;;Heriaeus mellotteei
172065;Hilaira herniosa;165099;200792;;Hilaira herniosa
172066;Oreoneta montigena;165099;200793;;Oreoneta montigena
172067;Oreoneta tatrica;165099;200794;;Oreoneta tatrica
172068;Hypsosinga heri;165099;200795;;Hypsosinga heri
172069;Ischnothyreus velox;165099;200796;;Ischnothyreus velox
172070;Larinioides ixobolus;165099;200797;;Larinioides ixobolus
172071;Lasiargus hirsutus;165099;200798;;Lasiargus hirsutus
172072;Lathys nielseni;165099;200799;;Lathys nielseni
172073;Palliduphantes antroniensis;165099;200800;;Palliduphantes antroniensis
172074;Lepthyphantes cornutus;165099;200801;;Lepthyphantes cornutus
172075;Lepthyphantes keyserlingi;165099;200802;;Lepthyphantes keyserlingi
172076;Palliduphantes montanus;165099;200803;;Palliduphantes montanus
172077;Lepthyphantes nodifer;165099;200804;;Lepthyphantes nodifer
172078;Leptorchestes berolinensis;165099;200805;;Leptorchestes berolinensis
172079;Leptothrix hardyi;165099;200806;;Leptothrix hardyi
172080;Lessertinella kulczynskii;165099;200807;;Lessertinella kulczynskii
172081;Linyphia alpicola;165099;200808;;Linyphia alpicola
172082;Maro lehtineni;165099;200809;;Maro lehtineni
172083;Maro sublestus;165099;200810;;Maro sublestus
172084;Marpissa nivoyi;165099;200811;;Marpissa nivoyi
172085;Marpissa pomatia;165099;200812;;Marpissa pomatia
172086;Mecopisthes peusi;165099;200813;;Mecopisthes peusi
172087;Mecopisthes silus;165099;200814;;Mecopisthes silus
172088;Meioneta equestris;165099;200815;;Meioneta equestris
172089;Meioneta nigripes;165099;200816;;Meioneta nigripes
172090;Meioneta ressli;165099;200817;;Meioneta ressli
172091;Meta bourneti;165099;200818;;Meta bourneti
172092;Metapanamomops kaestneri;165099;200819;;Metapanamomops kaestneri
172093;Metopobactrus nodicornis;165099;200820;;Metopobactrus nodicornis
172094;Micaria aenea;165099;200821;;Micaria aenea
172095;Micaria dives;165099;200822;Prächtige Ameisenplattbauchspinne;Prächtige Ameisenplattbauchspinne – Micaria dives
172096;Micaria formicaria;165099;200823;;Micaria formicaria
172097;Micrargus georgescuae;165099;200824;;Micrargus georgescuae
172098;Micrargus laudatus;165099;200825;;Micrargus laudatus
172099;Microtenonyx subitaneus;165099;200826;;Microtenonyx subitaneus
172100;Neon rayi;165099;200827;;Neon rayi
172101;Neottiura suaveolens;165099;200828;;Neottiura suaveolens
172102;Nesticus idriacus;165099;200829;;Nesticus idriacus
172103;Nuctenea silvicultrix;165099;200830;;Nuctenea silvicultrix
172104;Oedothorax gibbifer;165099;200831;;Oedothorax gibbifer
172105;Oonops pulcher;165099;200832;;Oonops pulcher
172106;Oreonetides glacialis;165099;200833;;Oreonetides glacialis
172107;Oreonetides quadridentatus;165099;200834;;Oreonetides quadridentatus
172108;Oreonetides vaginatus;165099;200835;;Oreonetides vaginatus
172109;Oxyopes heterophthalmus;165099;200836;;Oxyopes heterophthalmus
172110;Ozyptila gertschi;165099;200837;;Ozyptila gertschi
172111;Panamomops affinis;165099;200838;;Panamomops affinis
172112;Panamomops fagei;165099;200839;;Panamomops fagei
172113;Panamomops mengei;165099;200840;;Panamomops mengei
172114;Panamomops palmgreni;165099;200841;;Panamomops palmgreni
172115;Panamomops tauricornis;165099;200842;;Panamomops tauricornis
172116;Pardosa bifasciata;165099;200843;Zweigesichtige Wolfspinne;Zweigesichtige Wolfspinne – Pardosa bifasciata
172117;Pardosa blanda;165099;200844;;Pardosa blanda
172118;Pardosa ferruginea;165099;200845;;Pardosa ferruginea
172119;Pardosa giebeli;165099;200846;;Pardosa giebeli
172120;Pardosa hyperborea;165099;200847;;Pardosa hyperborea
172121;Pardosa mixta;165099;200848;;Pardosa mixta
172122;Pardosa nigra;165099;200849;;Pardosa nigra
172123;Pardosa oreophila;165099;200850;;Pardosa oreophila
172124;Pardosa proxima;165099;200851;ähnliche Wolfspinne;ähnliche Wolfspinne – Pardosa proxima
172125;Pardosa riparia;165099;200852;;Pardosa riparia
172126;Pardosa saturatior;165099;200853;;Pardosa saturatior
172127;Pardosa sordidata;165099;200854;;Pardosa sordidata
172128;Pardosa sphagnicola;165099;200855;Moor-Wolfspinne;Moor-Wolfspinne – Pardosa sphagnicola
172129;Pardosa torrentum;165099;200856;;Pardosa torrentum
172130;Pardosa wagleri;165099;200857;;Pardosa wagleri
172131;Pelecopsis elongata;165099;200858;;Pelecopsis elongata
172132;Pellenes nigrociliatus;165099;200859;;Pellenes nigrociliatus
172133;Philaeus chrysops;165099;200860;;Philaeus chrysops
172134;Philodromus corticinus;165099;200861;;Philodromus corticinus
172135;Philodromus fallax;165099;200862;;Philodromus fallax
172136;Philodromus margaritatus;165099;200863;;Philodromus margaritatus
172137;Philodromus poecilus;165099;200864;;Philodromus poecilus
172138;Philodromus vagulus;165099;200865;;Philodromus vagulus
172139;Phrurolithus pullatus;165099;200866;;Phrurolithus pullatus
172140;Pocadicnemis carpatica;165099;200867;;Pocadicnemis carpatica
172141;Robertus insignis;165099;200868;;Robertus insignis
172142;Robertus ungulatus;165099;200869;;Robertus ungulatus
172143;Satilatlas britteni;165099;200870;;Satilatlas britteni
172144;Scotinotylus antennatus;165099;200871;;Scotinotylus antennatus
172145;Segestria florentina;165099;200872;;Segestria florentina
172146;Silometopus incurvatus;165099;200873;;Silometopus incurvatus
172147;Silometopus rosemariae;165099;200874;;Silometopus rosemariae
172148;Sitticus dzieduszycki;165099;200875;;Sitticus dzieduszycki
172149;Sitticus penicillatus;165099;200876;;Sitticus penicillatus
172150;Sosticus loricatus;165099;200877;;Sosticus loricatus
172151;Steatoda castanea;165099;200878;;Steatoda castanea
172152;Stemonyphantes conspersus;165099;200879;;Stemonyphantes conspersus
172153;Synageles hilarulus;165099;200880;;Synageles hilarulus
172154;Synema globosum;165099;200881;;Synema globosum
172155;Tapinesthis inermis;165099;200882;;Tapinesthis inermis
172156;Textrix caudata;165099;200883;;Textrix caudata
172157;Thanatus arenarius;165099;200884;;Thanatus arenarius
172158;Thanatus striatus;165099;200885;;Thanatus striatus
172159;Theonina cornix;165099;200886;;Theonina cornix
172160;Theridion betteni;165099;200887;;Theridion betteni
172161;Theridion boesenbergi;165099;200888;;Theridion boesenbergi
172162;Theridion petraeum;165099;200889;;Theridion petraeum
172163;Trichoncus hackmani;165099;200890;;Trichoncus hackmani
172164;Trichoncus sordidus;165099;200891;;Trichoncus sordidus
172165;Troglohyphantes subalpinus;165099;200892;;Troglohyphantes subalpinus
172166;Troglohyphantes fagei;165099;200893;;Troglohyphantes fagei
172167;Trogloneta granulum;165099;200894;;Trogloneta granulum
172168;Typhochrestus simoni;165099;200895;;Typhochrestus simoni
172169;Uloborus walckenaerius;165099;200896;;Uloborus walckenaerius
172170;Walckenaeria stylifrons;165099;200897;;Walckenaeria stylifrons
172171;Wiehlea calcarifera;165099;200898;;Wiehlea calcarifera
172172;Xysticus ferrugineus;165099;200899;;Xysticus ferrugineus
172173;Xysticus gallicus;165099;200900;;Xysticus gallicus
172174;Xysticus lineatus;165099;200901;;Xysticus lineatus
172175;Xysticus luctuosus;165099;200902;;Xysticus luctuosus
172176;Xysticus striatipes;165099;200903;;Xysticus striatipes
172177;Yllenus arenarius;165099;200904;;Yllenus arenarius
172178;Zelotes atrocaeruleus;165099;200905;;Zelotes atrocaeruleus
172179;Zelotes aurantiacus;165099;200906;;Zelotes aurantiacus
172180;Zelotes oblongus;165099;200907;;Zelotes oblongus
172181;Zelotes gallicus;165099;200908;;Zelotes gallicus
172182;Zelotes puritanus;165099;200909;;Zelotes puritanus
172183;Zelotes similis;165099;200910;;Zelotes similis
172184;Zelotes zellensis;165099;200911;;Zelotes zellensis
172185;Zora armillata;165099;200912;;Zora armillata
172186;Zora manicata;165099;200913;;Zora manicata
172187;Zora parallela;165099;200914;;Zora parallela
172188;Parazygiella montana;165099;200915;;Parazygiella montana
172189;Stroemiellus stroemi;165099;200916;;Stroemiellus stroemi
172191;Andrena decipiens;158763;200919;;Andrena decipiens
172192;Andrena distinguenda;158763;200920;;Andrena distinguenda
172193;Andrena enslinella;158763;200921;;Andrena enslinella
172194;Andrena eximia;158763;200922;;Andrena eximia
172195;Andrena ferox;158763;200923;;Andrena ferox
172196;Andrena florivaga;158763;200924;;Andrena florivaga
172197;Andrena granulosa;158763;200925;;Andrena granulosa
172198;Andrena hypopolia;158763;200926;;Andrena hypopolia
172199;Andrena lagopus;158763;200927;;Andrena lagopus
172200;Andrena lepida;158763;200928;;Andrena lepida
172201;Andrena limata;158763;200929;;Andrena limata
172202;Andrena morio;158763;200930;;Andrena morio
172203;Andrena nasuta;158763;200931;;Andrena nasuta
172204;Andrena niveata;158763;200932;;Andrena niveata
172205;Andrena nuptialis;158763;200933;;Andrena nuptialis
172206;Andrena pallitarsis;158763;200934;;Andrena pallitarsis
172207;Andrena potentillae;158763;200935;;Andrena potentillae
172208;Andrena rhenana;158763;200936;;Andrena rhenana
172209;Andrena rugulosa;158763;200937;;Andrena rugulosa
172210;Andrena sericata;158763;200938;;Andrena sericata
172211;Andrena simillimana;158763;200939;;Andrena simillimana
172212;Andrena suerinensis;158763;200940;;Andrena suerinensis
172213;Andrena thoracica;158763;200941;;Andrena thoracica
172214;Anthophora pubescens;158763;200942;;Anthophora pubescens
172215;Biastes brevicornis;158763;200943;;Biastes brevicornis
172216;Biastes emarginatus;158763;200944;;Biastes emarginatus
172217;Bombus cullumanus;158763;200945;;Bombus cullumanus
172218;Bombus quadricolor;158763;200946;;Bombus quadricolor
172219;Ceratina cucurbitina;158763;200947;;Ceratina cucurbitina
172220;Coelioxys afra;158763;200948;;Coelioxys afra
172221;Coelioxys echinata;158763;200949;;Coelioxys echinata
172222;Coelioxys elongata;158763;200950;;Coelioxys elongata
172223;Coelioxys lanceolata;158763;200951;;Coelioxys lanceolata
172224;Colletes marginatus;158763;200952;;Colletes marginatus
172225;Dasypoda argentata;158763;200953;;Dasypoda argentata
172226;Dufourea inermis;158763;200954;;Dufourea inermis
172227;Eucera interrupta;158763;200955;;Eucera interrupta
172228;Halictus eurygnathus;158763;200956;;Halictus eurygnathus
172229;Halictus maculatus;158763;200957;;Halictus maculatus
172230;Halictus quadricinctus;158763;200958;;Halictus quadricinctus
172231;Halictus scabiosae;158763;200959;;Halictus scabiosae
172232;Halictus smaragdulus;158763;200960;;Halictus smaragdulus
172233;Halictus subauratus;158763;200961;;Halictus subauratus
172234;Osmia crenulata;158763;200962;Gekerbte Löcherbiene;Gekerbte Löcherbiene – Osmia crenulata
172235;Hylaeus angustatus;158763;200963;;Hylaeus angustatus
172236;Hylaeus duckei;158763;200964;;Hylaeus duckei
172237;Hylaeus leptocephalus;158763;200965;;Hylaeus leptocephalus
172238;Hylaeus lineolatus;158763;200966;;Hylaeus lineolatus
172239;Hylaeus moricei;158763;200967;;Hylaeus moricei
172240;Hylaeus pectoralis;158763;200968;;Hylaeus pectoralis
172241;Hylaeus pfankuchi;158763;200969;;Hylaeus pfankuchi
172242;Hylaeus punctatus;158763;200970;;Hylaeus punctatus
172243;Hylaeus punctulatissimus;158763;200971;;Hylaeus punctulatissimus
172244;Hylaeus sinuatus;158763;200972;;Hylaeus sinuatus
172245;Hylaeus styriacus;158763;200973;;Hylaeus styriacus
172246;Lasioglossum aeratum;158763;200974;;Lasioglossum aeratum
172247;Lasioglossum costulatum;158763;200975;;Lasioglossum costulatum
172248;Lasioglossum glabriusculum;158763;200976;;Lasioglossum glabriusculum
172249;Lasioglossum griseolum;158763;200977;;Lasioglossum griseolum
172250;Lasioglossum interruptum;158763;200978;;Lasioglossum interruptum
172251;Lasioglossum limbellum;158763;200979;;Lasioglossum limbellum
172252;Lasioglossum lissonotum;158763;200980;;Lasioglossum lissonotum
172253;Lasioglossum marginellum;158763;200981;;Lasioglossum marginellum
172254;Lasioglossum nigripes;158763;200982;;Lasioglossum nigripes
172255;Lasioglossum pallens;158763;200983;;Lasioglossum pallens
172256;Lasioglossum pauperatum;158763;200984;;Lasioglossum pauperatum
172257;Lasioglossum politum;158763;200985;;Lasioglossum politum
172258;Lasioglossum smeathmanellum;158763;200986;;Lasioglossum smeathmanellum
172260;Lasioglossum tricinctum;158763;200988;;Lasioglossum tricinctum
172261;Megachile parietina;158763;200989;;Megachile parietina
172262;Nomada distinguenda;158763;200990;;Nomada distinguenda
172264;Nomada femoralis;158763;200992;;Nomada femoralis
172265;Nomada mutabilis;158763;200993;;Nomada mutabilis
172266;Nomada mutica;158763;200994;;Nomada mutica
172267;Nomada opaca;158763;200995;;Nomada opaca
172268;Nomada pleurosticta;158763;200996;;Nomada pleurosticta
172269;Nomada rhenana;158763;200997;;Nomada rhenana
172270;Nomada zonata;158763;200998;;Nomada zonata
172271;Nomioides minutissimus;158763;200999;;Nomioides minutissimus
172272;Osmia andrenoides;158763;201000;;Osmia andrenoides
172273;Osmia brevicornis;158763;201001;;Osmia brevicornis
172274;Osmia mustelina;158763;201002;;Osmia mustelina
172275;Osmia rufohirta;158763;201003;;Osmia rufohirta
172276;Osmia submicans;158763;201004;;Osmia submicans
172277;Panurgus dentipes;158763;201005;;Panurgus dentipes
172278;Rhophitoides canus;158763;201006;;Rhophitoides canus
172279;Rophites algirus;158763;201007;;Rophites algirus
172280;Rophites quinquespinosus;158763;201008;;Rophites quinquespinosus
172281;Sphecodes cristatus;158763;201009;;Sphecodes cristatus
172282;Sphecodes rubicundus;158763;201010;;Sphecodes rubicundus
172283;Sphecodes rufiventris;158763;201011;;Sphecodes rufiventris
172284;Sphecodes scabricollis;158763;201012;;Sphecodes scabricollis
172285;Stelis minima;158763;201013;;Stelis minima
172286;Andricus ostreus;159099;201014;Austerngalle;Austerngalle – Andricus ostreus
172287;Andricus quercuscalicis;159099;201015;Knoppergallwespe;Knoppergallwespe – Andricus quercuscalicis
172288;Andricus aestivalis;159099;201016;;Andricus aestivalis
172289;Andricus ambigoos corrophix;159099;201017;;Andricus ambigoos corrophix
172290;Andricus conificus;159099;201018;;Andricus conificus
172291;Andricus curvator;159099;201019;;Andricus curvator
172292;Andricus hartigi;159099;201020;;Andricus hartigi
172293;Andricus inflator;159099;201021;;Andricus inflator
172294;Andricus numismalis;159099;201022;;Andricus numismalis
172295;Andricus solitarius;159099;201023;;Andricus solitarius
172296;Andricus fecundator;159099;201024;;Andricus fecundator
172297;Andricus kollari;159099;201025;;Andricus kollari
172298;Andricus foecundatrix;159099;201026;;Andricus foecundatrix
172299;Biorhiza pallida;159099;201027;Schwammgallwespe;Schwammgallwespe – Biorhiza pallida
172300;Cynips longiventris;159099;201028;Schmuckgallen;Schmuckgallen – Cynips longiventris
172301;Cynips divisa;159099;201029;;Cynips divisa
172302;Cynips quercusfolii;159099;201030;;Cynips quercusfolii
172303;Diplolepis spinosissimae;159099;201031;;Diplolepis spinosissimae
172304;Diplolepis mayri;159099;201032;;Diplolepis mayri
172305;Diplolepis eglanteriae;159099;201033;;Diplolepis eglanteriae
172306;Diplolepis kiefferi;159099;201034;;Diplolepis kiefferi
172307;Diplolepis centifoliae;159099;201035;;Diplolepis centifoliae
172308;Diplolepis nervosus;159099;201036;;Diplolepis nervosus
172309;Liposthenes glechomae;159099;201037;;Liposthenes glechomae
172367;Andricus aries;159099;201096;;Andricus aries
172368;Andricus callidoma;159099;201097;;Andricus callidoma
172369;Andricus lignicola;159099;201098;Holzkugelgalle;Holzkugelgalle – Andricus lignicola
172370;Andricus quercusramuli;159099;201099;;Andricus quercusramuli
172371;Cynips disticha;159099;201100;;Cynips disticha
172372;Neuroterus albipes;159099;201101;;Neuroterus albipes
172383;Lacerta bilineata;158512;201119;Westliche Smaragdeidechse;Westliche Smaragdeidechse – Lacerta bilineata
172384;Graphoderus bilineatus;161165;201120;Schmalbindiger Breitflügel-Tauchkäfer;Schmalbindiger Breitflügel-Tauchkäfer – Graphoderus bilineatus
172385;Necydalis ulmi;161165;201121;Panzers Wespenbock;Panzers Wespenbock – Necydalis ulmi
172386;Branchipus schaefferi;162915;201122;Echter Kiemenfuss;Echter Kiemenfuss – Branchipus schaefferi
172437;Triops cancriformis;162915;201176;;Triops cancriformis
172601;Mus musculus musculus;163127;201410;Hausmaus (östliche);Hausmaus (östliche) – Mus musculus musculus
172602;Coenagrion hylas;162960;201411;Sibirische Azurjungfer;Sibirische Azurjungfer – Coenagrion hylas
172603;Prunella collaris;165844;201412;Alpenbraunelle;Alpenbraunelle – Prunella collaris
172604;Lagopus mutus subsp. helveticus;165844;201413;Alpenschneehuhn;Alpenschneehuhn – Lagopus mutus subsp. helveticus
172605;Dendrocopos syriacus;165844;201414;Blutspecht;Blutspecht – Dendrocopos syriacus
172606;Picoides tridactylus;165844;201415;Dreizehenspecht;Dreizehenspecht – Picoides tridactylus
172607;Ptyonoprogne rupestris;165844;201416;Felsenschwalbe;Felsenschwalbe – Ptyonoprogne rupestris
172608;Columba livia;165844;201417;Felsentaube;Felsentaube – Columba livia
172609;Gavia adamsii;165844;201418;Gelbschnabel-Eistaucher;Gelbschnabel-Eistaucher – Gavia adamsii
172610;Fulica cristata;165844;201419;Kammblässhuhn;Kammblässhuhn – Fulica cristata
172611;Sterna dougallii;165844;201420;Rosenseeschwalbe;Rosenseeschwalbe – Sterna dougallii
172612;Luscinia svecica svecica;165844;201421;Rotstern-Blaukehlchen;Rotstern-Blaukehlchen – Luscinia svecica svecica
172613;Montifringilla nivalis;165844;201422;Schneefink;Schneefink – Montifringilla nivalis
172614;Lagopus mutus;165844;201423;Schneehuhn;Schneehuhn – Lagopus mutus
172615;Alectoris graeca;165844;201424;Steinhuhn;Steinhuhn – Alectoris graeca
172616;Geronticus eremita;165844;201425;Waldrapp;Waldrapp – Geronticus eremita
172617;Anthus spinoletta;165844;201426;Wasserpieper;Wasserpieper – Anthus spinoletta
172618;Epacromius tergestinus ponticus;158667;201427;Fluss-Strandschrecke (Unterart);Fluss-Strandschrecke (Unterart) – Epacromius tergestinus ponticus
172619;Dolerus brevitarsus f. liogaster;159105;201428;;Dolerus brevitarsus f. liogaster
172620;Cryptocheilus fabricii;708822;201429;;Cryptocheilus fabricii
172621;Podalonia luffii;708822;201430;;Podalonia luffii
172622;Tachysphex fulvitarsis;708822;201431;;Tachysphex fulvitarsis
172623;Stenamma westwoodi;158742;201432;;Stenamma westwoodi
172624;Sphecodes pseudofasciatus;158763;201433;;Sphecodes pseudofasciatus
172625;Austropotamobius pallipes;162915;201434;;Austropotamobius pallipes
172626;Hemidiaptomus superbus;162915;201435;;Hemidiaptomus superbus
172627;Lepidurus apus;162915;201436;;Lepidurus apus
172628;Leuctra major;165789;201437;;Leuctra major
172629;Taeniopteryx auberti;165789;201438;;Taeniopteryx auberti
172630;Cypha hanseni;159617;201439;;Cypha hanseni
172631;Cypha punctum;159617;201440;;Cypha punctum
172632;Amarochara bonnairei;159617;201441;;Amarochara bonnairei
172633;Carphacis striatus;159617;201442;;Carphacis striatus
172634;Atomaria bella;161165;201443;;Atomaria bella
172635;Abraeus parvulus;161165;201444;;Abraeus parvulus
172636;Cryptophagus micaceus;161165;201445;;Cryptophagus micaceus
172637;Teredus cylindricus;161165;201446;;Teredus cylindricus
172638;Tetratoma desmarestii;161165;201447;;Tetratoma desmarestii
172639;Lestes virens;162960;201448;Kleine Binsenjungfer;Kleine Binsenjungfer – Lestes virens
172640;Luscinia svecica cyanecula;165844;201449;Weißstern-Blaukehlchen;Weißstern-Blaukehlchen – Luscinia svecica cyanecula
172641;Cygnus columbianus bewickii;165844;201450;Zwergschwan (Mitteleuropa);Zwergschwan (Mitteleuropa) – Cygnus columbianus bewickii
172642;Agrotis bigramma;163498;201451;Breitflügelige Erdeule;Breitflügelige Erdeule – Agrotis bigramma
172643;Coranarta cordigera;163498;201452;;Coranarta cordigera
172646;Hecatera bicolorata;163498;201455;Korbblütler-Haldeneule;Korbblütler-Haldeneule – Hecatera bicolorata
172647;Hecatera dysodea;163498;201456;Lattich-Kiesflureule;Lattich-Kiesflureule – Hecatera dysodea
172648;Heliothis maritima;163498;201457;Heidemoor-Sonneneule;Heidemoor-Sonneneule – Heliothis maritima
172649;Mesoligia furuncula;163498;201458;Zweifarbiges Graseulchen;Zweifarbiges Graseulchen – Mesoligia furuncula
172650;Mesoligia literosa;163498;201459;Sandflur-Halmeulchen;Sandflur-Halmeulchen – Mesoligia literosa
172651;Sideridis turbida;163498;201460;Dunkle Ruderalflureule;Dunkle Ruderalflureule – Sideridis turbida
172652;Xestia stigmatica;163498;201461;Rauteneule;Rauteneule – Xestia stigmatica
172653;Elophos dilucidaria;164283;201462;Felskräuterwald-Steinspanner;Felskräuterwald-Steinspanner – Elophos dilucidaria
172654;Eulithis mellinata;164283;201463;Honiggelber Haarbüschelspanner;Honiggelber Haarbüschelspanner – Eulithis mellinata
172655;Eulithis populata;164283;201464;Weiden-Haarbüschelspanner;Weiden-Haarbüschelspanner – Eulithis populata
172656;Eulithis prunata;164283;201465;Brauner Haarbüschelspanner;Brauner Haarbüschelspanner – Eulithis prunata
172657;Eulithis pyraliata;164283;201466;Schwefelgelber Haarbüschelspanner;Schwefelgelber Haarbüschelspanner – Eulithis pyraliata
172658;Eulithis testata;164283;201467;Zwergstrauch-Haarbüschelspanner;Zwergstrauch-Haarbüschelspanner – Eulithis testata
172660;Andrenosoma atra;166256;201469;;Andrenosoma atra
172661;Choerades femorata;166256;201470;;Choerades femorata
172662;Choerades gilva;166256;201471;;Choerades gilva
172663;Choerades ignea;166256;201472;;Choerades ignea
172664;Choerades marginata;166256;201473;;Choerades marginata
172665;Cyrtopogon ruficornis;166256;201474;;Cyrtopogon ruficornis
172666;Didymachus picipes;166256;201475;;Didymachus picipes
172667;Dioctria atricapilla;166256;201476;;Dioctria atricapilla
172668;Dioctria cothurnata;166256;201477;;Dioctria cothurnata
172669;Dioctria hyalipennis;166256;201478;;Dioctria hyalipennis
172670;Dioctria lateralis;166256;201479;;Dioctria lateralis
172671;Dioctria linearis;166256;201480;;Dioctria linearis
172672;Dioctria oelandica;166256;201481;;Dioctria oelandica
172673;Dioctria rufipes;166256;201482;;Dioctria rufipes
172674;Dysmachus trigonus;166256;201483;;Dysmachus trigonus
172675;Eutolmus rufibarbis;166256;201484;;Eutolmus rufibarbis
172676;Laphria flava;166256;201485;;Laphria flava
172677;Laphria gibbosa;166256;201486;;Laphria gibbosa
172678;Lasiopogon cinctus;166256;201487;;Lasiopogon cinctus
172679;Leptogaster cylindrica;166256;201488;;Leptogaster cylindrica
172680;Leptogaster guttiventris;166256;201489;;Leptogaster guttiventris
172681;Leptogaster subtilis;166256;201490;;Leptogaster subtilis
172682;Machinus arthriticus;166256;201491;;Machinus arthriticus
172683;Machinus cyanopus;166256;201492;;Machinus cyanopus
172684;Machinus rusticus;166256;201493;;Machinus rusticus
172685;Neoepitriptus setosulus;166256;201494;;Neoepitriptus setosulus
172686;Neoitamus socius;166256;201495;;Neoitamus socius
172687;Neomochtherus geniculatus;166256;201496;;Neomochtherus geniculatus
172688;Neomochtherus pallipes;166256;201497;;Neomochtherus pallipes
172689;Pamponerus germanicus;166256;201498;;Pamponerus germanicus
172690;Philonicus albiceps;166256;201499;;Philonicus albiceps
172691;Rhadiurgus variabilis;166256;201500;;Rhadiurgus variabilis
172692;Tolmerus atricapillus;166256;201501;;Tolmerus atricapillus
172693;Tolmerus cingulatus;166256;201502;;Tolmerus cingulatus
172694;Tolmerus cowini;166256;201503;;Tolmerus cowini
172695;Pardosa saltans;165099;201504;;Pardosa saltans
172697;Acrolocha minuta;159617;201507;;Acrolocha minuta
172698;Acrotona benicki;159617;201508;;Acrotona benicki
172699;Acrotona nigerrima;159617;201509;;Acrotona nigerrima
172700;Acrotona pseudotenera;159617;201510;;Acrotona pseudotenera
172701;Aleochara binotata;159617;201511;;Aleochara binotata
172702;Aleochara bipustulata;159617;201512;;Aleochara bipustulata
172703;Aleochara haematodes;159617;201513;;Aleochara haematodes
172704;Aleochara heeri;159617;201514;;Aleochara heeri
172705;Aleochara major;159617;201515;;Aleochara major
172706;Aleochara spissicornis;159617;201516;;Aleochara spissicornis
172707;Aleochara vagepunctata;159617;201517;;Aleochara vagepunctata
172708;Amauronyx maerkelii;159617;201518;;Amauronyx maerkelii
172709;Anaulacaspis nigra;159617;201519;;Anaulacaspis nigra
172710;Anotylus complanatus;159617;201520;;Anotylus complanatus
172711;Anotylus fairmairei;159617;201521;;Anotylus fairmairei
172712;Anotylus insecatus;159617;201522;;Anotylus insecatus
172713;Anotylus inustus;159617;201523;;Anotylus inustus
172714;Anotylus nitidulus;159617;201524;;Anotylus nitidulus
172715;Anotylus pumilus;159617;201525;;Anotylus pumilus
172716;Anotylus saulcyi;159617;201526;;Anotylus saulcyi
172717;Anthobium atrocephalum;159617;201527;;Anthobium atrocephalum
172718;Anthobium fusculum;159617;201528;;Anthobium fusculum
172719;Anthobium unicolor;159617;201529;;Anthobium unicolor
172720;Anthophagus bicornis;159617;201530;;Anthophagus bicornis
172721;Aploderus caelatus;159617;201531;;Aploderus caelatus
172722;Aploderus caesus;159617;201532;;Aploderus caesus
172723;Astenus brevelytratus;159617;201533;;Astenus brevelytratus
172724;Astenus gracilis;159617;201534;;Astenus gracilis
172725;Astenus longelytratus;159617;201535;;Astenus longelytratus
172726;Astenus procerus;159617;201536;;Astenus procerus
172727;Astenus pulchellus;159617;201537;;Astenus pulchellus
172728;Astrapaeus ulmi;159617;201538;;Astrapaeus ulmi
172729;Atanygnathus terminalis;159617;201539;;Atanygnathus terminalis
172730;Atheta aeneicollis;159617;201540;;Atheta aeneicollis
172731;Atheta aeneipennis;159617;201541;;Atheta aeneipennis
172732;Atheta amicorum;159617;201542;;Atheta amicorum
172733;Atheta boletophila;159617;201543;;Atheta boletophila
172734;Atheta griepi;159617;201544;;Atheta griepi
172735;Atheta kochi;159617;201545;;Atheta kochi
172736;Atheta leonhardi;159617;201546;;Atheta leonhardi
172737;Atheta negligens;159617;201547;;Atheta negligens
172738;Atheta pervagata;159617;201548;;Atheta pervagata
172740;Atheta ripicola;159617;201550;;Atheta ripicola
172741;Atheta scotica;159617;201551;;Atheta scotica
172742;Atheta sequanica;159617;201552;;Atheta sequanica
172743;Atheta subrugosa;159617;201553;;Atheta subrugosa
172744;Atheta tibialis;159617;201554;;Atheta tibialis
172745;Atheta vestita;159617;201555;;Atheta vestita
172746;Atrecus pilicornis;159617;201556;;Atrecus pilicornis
172747;Autalia puncticollis;159617;201557;;Autalia puncticollis
172748;Bledius baudii;159617;201558;;Bledius baudii
172749;Bledius crassicollis;159617;201559;;Bledius crassicollis
172750;Bledius dama;159617;201560;;Bledius dama
172751;Bledius denticollis;159617;201561;;Bledius denticollis
172752;Bledius fergussoni;159617;201562;;Bledius fergussoni
172753;Bledius fuscipes;159617;201563;;Bledius fuscipes
172754;Bledius nanus;159617;201564;;Bledius nanus
172755;Bledius occidentalis;159617;201565;;Bledius occidentalis
172756;Bledius pygmaeus;159617;201566;;Bledius pygmaeus
172757;Bledius terebrans;159617;201567;;Bledius terebrans
172758;Bledius vilis;159617;201568;;Bledius vilis
172759;Brachygluta haematica;159617;201569;;Brachygluta haematica
172760;Brachygluta tristis;159617;201570;;Brachygluta tristis
172761;Brachygluta xanthoptera;159617;201571;;Brachygluta xanthoptera
172762;Calodera aethiops;159617;201572;;Calodera aethiops
172763;Calodera stiliformis;159617;201573;;Calodera stiliformis
172764;Carpelimus foveolatus;159617;201574;;Carpelimus foveolatus
172765;Carpelimus impressus;159617;201575;;Carpelimus impressus
172766;Carpelimus zealandicus;159617;201576;;Carpelimus zealandicus
172767;Coprophilus striatulus;159617;201577;;Coprophilus striatulus
172768;Cryptobium fracticorne;159617;201578;;Cryptobium fracticorne
172769;Cypha discoidea;159617;201579;;Cypha discoidea
172770;Devia prospera;159617;201580;;Devia prospera
172771;Erichsonius subopacus;159617;201581;;Erichsonius subopacus
172772;Euaesthetus bipunctatus;159617;201582;;Euaesthetus bipunctatus
172773;Euaesthetus laeviusculus;159617;201583;;Euaesthetus laeviusculus
172774;Euaesthetus ruficapillus;159617;201584;;Euaesthetus ruficapillus
172775;Eusphalerum abdominale;159617;201585;;Eusphalerum abdominale
172776;Eusphalerum alpinum;159617;201586;;Eusphalerum alpinum
172777;Eusphalerum anale;159617;201587;;Eusphalerum anale
172778;Eusphalerum luteum;159617;201588;;Eusphalerum luteum
172779;Eusphalerum marshami;159617;201589;;Eusphalerum marshami
172780;Eusphalerum minutum;159617;201590;;Eusphalerum minutum
172781;Eusphalerum montivagum;159617;201591;;Eusphalerum montivagum
172782;Eusphalerum pseudaucupariae;159617;201592;;Eusphalerum pseudaucupariae
172783;Eusphalerum rectangulum;159617;201593;;Eusphalerum rectangulum
172784;Eusphalerum signatum;159617;201594;;Eusphalerum signatum
172785;Eusphalerum stramineum;159617;201595;;Eusphalerum stramineum
172786;Eusphalerum torquatum;159617;201596;;Eusphalerum torquatum
172787;Gabrius tirolensis;159617;201597;;Gabrius tirolensis
172788;Gnypeta caerulea;159617;201598;;Gnypeta caerulea
172789;Gyrophaena rousi;159617;201599;;Gyrophaena rousi
172790;Gyrophaena rugipennis;159617;201600;;Gyrophaena rugipennis
172791;Haplotarsus angustulus;161165;201601;;Haplotarsus angustulus
172792;Haplotarsus incanus;161165;201602;;Haplotarsus incanus
172793;Hydrosmecta septentrionum;159617;201603;;Hydrosmecta septentrionum
172794;Ilyobates subopacus;159617;201604;;Ilyobates subopacus
172795;Ischnodes sanguinicollis;159617;201605;;Ischnodes sanguinicollis
172796;Lathrobium angusticolle;159617;201606;;Lathrobium angusticolle
172797;Lathrobium castaneipenne;159617;201607;;Lathrobium castaneipenne
172798;Lathrobium laevipenne;159617;201608;;Lathrobium laevipenne
172799;Lathrobium multipunctum;159617;201609;;Lathrobium multipunctum
172800;Lathrobium pallidipenne;159617;201610;;Lathrobium pallidipenne
172801;Lathrobium picipes;159617;201611;;Lathrobium picipes
172802;Lathrobium quadratum;159617;201612;;Lathrobium quadratum
172803;Lathrobium rufonitidum;159617;201613;;Lathrobium rufonitidum
172804;Lathrobium sodale;159617;201614;;Lathrobium sodale
172805;Lathrobium spadiceum;159617;201615;;Lathrobium spadiceum
172806;Lathrobium terminatum;159617;201616;;Lathrobium terminatum
172807;Lathrobium volgense;159617;201617;;Lathrobium volgense
172808;Leptobium gracile;159617;201618;;Leptobium gracile
172809;Lesteva monticola;159617;201619;;Lesteva monticola
172810;Lesteva pubescens;159617;201620;;Lesteva pubescens
172811;Liogluta micans;159617;201621;;Liogluta micans
172812;Liogluta microptera;159617;201622;;Liogluta microptera
172813;Lordithon bicolor;159617;201623;;Lordithon bicolor
172814;Lordithon trimaculatus;159617;201624;;Lordithon trimaculatus
172815;Medon castaneus;159617;201625;;Medon castaneus
172816;Medon dilutus;159617;201626;;Medon dilutus
172817;Megarthrus affinis;159617;201627;;Megarthrus affinis
172818;Megarthrus hemipterus;159617;201628;;Megarthrus hemipterus
172819;Megarthrus nitidulus;159617;201629;;Megarthrus nitidulus
172820;Meotica marchica;159617;201630;;Meotica marchica
172821;Metopsia retusa;159617;201631;;Metopsia retusa
172822;Micropeplus longipennis;159617;201632;;Micropeplus longipennis
172823;Micropeplus porcatus;159617;201633;;Micropeplus porcatus
172824;Micropeplus ripicola;159617;201634;;Micropeplus ripicola
172825;Mycetoporus eppelsheimianus;159617;201635;;Mycetoporus eppelsheimianus
172826;Mycetoporus erichsonanus;159617;201636;;Mycetoporus erichsonanus
172827;Nehemitropia lividipennis;159617;201637;;Nehemitropia lividipennis
172828;Ocalea latipennis;159617;201638;;Ocalea latipennis
172829;Ochthephilus longipennis;159617;201639;;Ochthephilus longipennis
172830;Ocypus alpestris;159617;201640;;Ocypus alpestris
172831;Ocypus fuscatus;159617;201641;;Ocypus fuscatus
172832;Ocypus globulifer;159617;201642;;Ocypus globulifer
172833;Ocypus minax;159617;201643;;Ocypus minax
172834;Ocypus picipennis;159617;201644;;Ocypus picipennis
172835;Omalium allardi;159617;201645;;Omalium allardi
172836;Omalium brevicolle;159617;201646;;Omalium brevicolle
172837;Omalium excavatum;159617;201647;;Omalium excavatum
172838;Orochares angustatus;159617;201648;;Orochares angustatus
172839;Oxypoda brevicornis;159617;201649;;Oxypoda brevicornis
172840;Oxypoda funebris;159617;201650;;Oxypoda funebris
172841;Oxypoda mutata;159617;201651;;Oxypoda mutata
172842;Oxypoda skalitzkyi;159617;201652;;Oxypoda skalitzkyi
172843;Oxypoda soror;159617;201653;;Oxypoda soror
172844;Oxyporus maxillosus;159617;201654;;Oxyporus maxillosus
172845;Oxyporus rufus;159617;201655;;Oxyporus rufus
172846;Oxytelus sculptus;159617;201656;;Oxytelus sculptus
172847;Paederidus rubrothoracicus;159617;201657;;Paederidus rubrothoracicus
172848;Paederus brevipennis;159617;201658;;Paederus brevipennis
172849;Paederus caligatus;159617;201659;;Paederus caligatus
172850;Paederus fuscipes;159617;201660;;Paederus fuscipes
172851;Paederus littoralis;159617;201661;;Paederus littoralis
172852;Paraphloeostiba gayndahensis;159617;201662;;Paraphloeostiba gayndahensis
172853;Philonthus confinis;159617;201663;;Philonthus confinis
172854;Philonthus corvinus;159617;201664;;Philonthus corvinus
172855;Philonthus frigidus;159617;201665;;Philonthus frigidus
172856;Philonthus furcifer;159617;201666;;Philonthus furcifer
172857;Philonthus salinus;159617;201667;;Philonthus salinus
172858;Philonthus tenuicornis;159617;201668;;Philonthus tenuicornis
172859;Phloeopora bernhaueri;159617;201669;;Phloeopora bernhaueri
172860;Phloeopora nitidiventris;159617;201670;;Phloeopora nitidiventris
172861;Phloeopora scribae;159617;201671;;Phloeopora scribae
172862;Phloeostiba planus;159617;201672;;Phloeostiba planus
172863;Phyllodrepa elegans;159617;201673;;Phyllodrepa elegans
172864;Phyllodrepa gracilicornis;159617;201674;;Phyllodrepa gracilicornis
172865;Phyllodrepa melanocephala;159617;201675;;Phyllodrepa melanocephala
172866;Phyllodrepa melis;159617;201676;;Phyllodrepa melis
172867;Phyllodrepa salicis;159617;201677;;Phyllodrepa salicis
172868;Phyllodrepa vilis;159617;201678;;Phyllodrepa vilis
172869;Phyllodrepoidea crenata;159617;201679;;Phyllodrepoidea crenata
172870;Phymatura brevicollis;159617;201680;;Phymatura brevicollis
172871;Placusa adscita;159617;201681;;Placusa adscita
172872;Platystethus alutaceus;159617;201682;;Platystethus alutaceus
172873;Platystethus arenarius;159617;201683;;Platystethus arenarius
172874;Platystethus cornutus;159617;201684;;Platystethus cornutus
172875;Platystethus nodifrons;159617;201685;;Platystethus nodifrons
172876;Proteinus atomarius;159617;201686;;Proteinus atomarius
172877;Proteinus macropterus;159617;201687;;Proteinus macropterus
172878;Pseudomedon huetheri;159617;201688;;Pseudomedon huetheri
172879;Pseudomicrodota jelineki;159617;201689;;Pseudomicrodota jelineki
172880;Quedius dubius;159617;201690;;Quedius dubius
172881;Quedius limbatoides;159617;201691;;Quedius limbatoides
172882;Quedius persimilis;159617;201692;;Quedius persimilis
172883;Quedius plagiatus;159617;201693;;Quedius plagiatus
172884;Quedius plancus;159617;201694;;Quedius plancus
172885;Quedius suturalis;159617;201695;;Quedius suturalis
172886;Quedius tenellus;159617;201696;;Quedius tenellus
172887;Rugilus angustatus;159617;201697;;Rugilus angustatus
172888;Rugilus geniculatus;159617;201698;;Rugilus geniculatus
172889;Rugilus orbiculatus;159617;201699;;Rugilus orbiculatus
172890;Rugilus similis;159617;201700;;Rugilus similis
172891;Rugilus subtilis;159617;201701;;Rugilus subtilis
172892;Scaphisoma agaricinum;159617;201702;;Scaphisoma agaricinum
172893;Scaphisoma assimile;159617;201703;;Scaphisoma assimile
172894;Scaphisoma subalpinum;159617;201704;;Scaphisoma subalpinum
172895;Scopaeus gracilis;159617;201705;;Scopaeus gracilis
172896;Scopaeus laevigatus;159617;201706;;Scopaeus laevigatus
172897;Scopaeus minutus;159617;201707;;Scopaeus minutus
172898;Scopaeus sulcicollis;159617;201708;;Scopaeus sulcicollis
172899;Sepedophilus constans;159617;201709;;Sepedophilus constans
172900;Sepedophilus lokayi;159617;201710;;Sepedophilus lokayi
172901;Stenus argus;159617;201711;;Stenus argus
172902;Stenus asphaltinus;159617;201712;;Stenus asphaltinus
172903;Stenus assequens;159617;201713;;Stenus assequens
172904;Stenus ater;159617;201714;;Stenus ater
172905;Stenus aterrimus;159617;201715;;Stenus aterrimus
172906;Stenus atratulus;159617;201716;;Stenus atratulus
172907;Stenus bifoveolatus;159617;201717;;Stenus bifoveolatus
172908;Stenus bohemicus;159617;201718;;Stenus bohemicus
172909;Stenus brunnipes;159617;201719;;Stenus brunnipes
172910;Stenus calcaratus;159617;201720;;Stenus calcaratus
172911;Stenus canaliculatus;159617;201721;;Stenus canaliculatus
172912;Stenus circularis;159617;201722;;Stenus circularis
172913;Stenus contumax;159617;201723;;Stenus contumax
172914;Stenus crassus;159617;201724;;Stenus crassus
172915;Stenus europaeus;159617;201725;;Stenus europaeus
172916;Stenus fuscicornis;159617;201726;;Stenus fuscicornis
172917;Stenus fuscipes;159617;201727;;Stenus fuscipes
172918;Stenus incanus;159617;201728;;Stenus incanus
172919;Stenus kiesenwetteri;159617;201729;;Stenus kiesenwetteri
172920;Stenus leprieuri;159617;201730;;Stenus leprieuri
172921;Stenus lustrator;159617;201731;;Stenus lustrator
172922;Stenus morio;159617;201732;;Stenus morio
172923;Stenus nanus;159617;201733;;Stenus nanus
172924;Stenus nigritulus;159617;201734;;Stenus nigritulus
172925;Stenus niveus;159617;201735;;Stenus niveus
172926;Stenus ochropus;159617;201736;;Stenus ochropus
172927;Stenus opticus;159617;201737;;Stenus opticus
172928;Stenus oscillator;159617;201738;;Stenus oscillator
172929;Stenus pallipes;159617;201739;;Stenus pallipes
172930;Stenus palposus;159617;201740;;Stenus palposus
172931;Stenus picipennis;159617;201741;;Stenus picipennis
172932;Stenus proditor;159617;201742;;Stenus proditor
172933;Stenus pubescens;159617;201743;;Stenus pubescens
172934;Stenus ruralis;159617;201744;;Stenus ruralis
172935;Stenus similis;159617;201745;;Stenus similis
172936;Stenus stigmula;159617;201746;;Stenus stigmula
172937;Stenus sylvester;159617;201747;;Stenus sylvester
172938;Sunius bicolor;159617;201748;;Sunius bicolor
172939;Sunius melanocephalus;159617;201749;;Sunius melanocephalus
172940;Syntomium aeneum;159617;201750;;Syntomium aeneum
172941;Tachinus flavolimbatus;159617;201751;;Tachinus flavolimbatus
172942;Tachinus marginatus;159617;201752;;Tachinus marginatus
172943;Tachyporus dispar;159617;201753;;Tachyporus dispar
172944;Taxicera renneri;159617;201754;;Taxicera renneri
172945;Thinodromus dilatatus;159617;201755;;Thinodromus dilatatus
172946;Xylodromus affinis;159617;201756;;Xylodromus affinis
172947;Xylodromus brunnipennis;159617;201757;;Xylodromus brunnipennis
172948;Zyras erraticus;159617;201758;;Zyras erraticus
172950;Asaphidion stierlini;160553;201759;;Asaphidion stierlini
172951;Atranus ruficollis;160553;201760;;Atranus ruficollis
172952;Bembidion scapulare;160553;201761;;Bembidion scapulare
172953;Calodromius bifasciatus;160553;201762;;Calodromius bifasciatus
172954;Harpalus xanthopus;160553;201763;;Harpalus xanthopus
172955;Notiophilus quadripunctatus;160553;201764;;Notiophilus quadripunctatus
172956;Parophonus dejeani;160553;201765;;Parophonus dejeani
172957;Patrobus septentrionis;160553;201766;;Patrobus septentrionis
172958;Philorhizus crucifer;160553;201767;;Philorhizus crucifer
172960;Abdera flexuosa;161165;201768;;Abdera flexuosa
172961;Ablattaria laevigata;161165;201769;;Ablattaria laevigata
172962;Abraeus perpusillus;161165;201770;;Abraeus perpusillus
172963;Absidia rufotestacea;161165;201771;;Absidia rufotestacea
172964;Absidia schoenherri;161165;201772;;Absidia schoenherri
172965;Acalles commutatus;161165;201773;;Acalles commutatus
172966;Acalles hypocrita;161165;201774;;Acalles hypocrita
172967;Acalles misellus;161165;201775;;Acalles misellus
172968;Acalles parvulus;161165;201776;;Acalles parvulus
172969;Acalles roboris;161165;201777;;Acalles roboris
172970;Acalyptus carpini;161165;201778;;Acalyptus carpini
172971;Acanthocinus griseus;161165;201779;;Acanthocinus griseus
172972;Acanthoderes clavipes;161165;201780;;Acanthoderes clavipes
172973;Acanthoscelides obtectus;161165;201781;;Acanthoscelides obtectus
172974;Acentrotypus brunnipes;161165;201782;;Acentrotypus brunnipes
172975;Acmaeops pratensis;161165;201783;;Acmaeops pratensis
172976;Acritus nigricornis;161165;201784;;Acritus nigricornis
172977;Acrotrichis brevipennis;161165;201785;;Acrotrichis brevipennis
172978;Acrotrichis chevrolathii;161165;201786;;Acrotrichis chevrolathii
172979;Acrotrichis grandicollis;161165;201787;;Acrotrichis grandicollis
172980;Acrotrichis intermedia;161165;201788;;Acrotrichis intermedia
172981;Acrotrichis montandonii;161165;201789;;Acrotrichis montandonii
172982;Acrotrichis pumila;161165;201790;;Acrotrichis pumila
172983;Acrotrichis sericans;161165;201791;;Acrotrichis sericans
172984;Adalia conglomerata;161165;201792;;Adalia conglomerata
172985;Adrastus axillaris;161165;201793;;Adrastus axillaris
172986;Adrastus lacertosus;161165;201794;;Adrastus lacertosus
172987;Adrastus rachifer;161165;201795;;Adrastus rachifer
172988;Aegialia arenaria;161165;201796;;Aegialia arenaria
172989;Aegialia rufa;161165;201797;;Aegialia rufa
172990;Aegialia sabuleti;161165;201798;;Aegialia sabuleti
172991;Agabus chalconatus;161165;201799;;Agabus chalconatus
172992;Agabus erichsoni;161165;201800;;Agabus erichsoni
172993;Agabus fuscipennis;161165;201801;;Agabus fuscipennis
172994;Agabus melanarius;161165;201802;;Agabus melanarius
172995;Agapanthia cynarae;161165;201803;;Agapanthia cynarae
172997;Agapanthia violacea;161165;201805;;Agapanthia violacea
172998;Agaricophagus cephalotes;161165;201806;;Agaricophagus cephalotes
172999;Agathidium haemorrhoum;161165;201807;;Agathidium haemorrhoum
173000;Agathidium marginatum;161165;201808;;Agathidium marginatum
173001;Agnathus decoratus;161165;201809;;Agnathus decoratus
173002;Agrilus ater;161165;201810;;Agrilus ater
173003;Agrilus biguttatus;161165;201811;;Agrilus biguttatus
173004;Agrilus cyanescens;161165;201812;;Agrilus cyanescens
173005;Agrilus integerrimus;161165;201813;;Agrilus integerrimus
173006;Agrilus pratensis;161165;201814;;Agrilus pratensis
173007;Agrilus salicis;161165;201815;;Agrilus salicis
173008;Agrilus sinuatus;161165;201816;;Agrilus sinuatus
173009;Agrilus subauratus;161165;201817;;Agrilus subauratus
173010;Agrilus sulcicollis;161165;201818;;Agrilus sulcicollis
173011;Agriotes gallicus;161165;201819;;Agriotes gallicus
173012;Agriotes lineatus;161165;201820;;Agriotes lineatus
173013;Agriotes pilosellus;161165;201821;;Agriotes pilosellus
173014;Agriotes sputator;161165;201822;;Agriotes sputator
173015;Agriotes ustulatus;161165;201823;;Agriotes ustulatus
173016;Agyrtes castaneus;161165;201824;;Agyrtes castaneus
173017;Ahasverus advena;161165;201825;;Ahasverus advena
173018;Aizobius sedi;161165;201826;;Aizobius sedi
173019;Allonyx quadrimaculatus;161165;201827;;Allonyx quadrimaculatus
173020;Alophus triguttatus;161165;201828;;Alophus triguttatus
173021;Alosterna tabacicolor;161165;201829;;Alosterna tabacicolor
173022;Altica ericeti;161165;201830;;Altica ericeti
173023;Altica longicollis;161165;201831;;Altica longicollis
173024;Altica tamaricis;161165;201832;;Altica tamaricis
173025;Amalus scortillum;161165;201833;;Amalus scortillum
173026;Ampedus elegantulus;161165;201834;;Ampedus elegantulus
173027;Ampedus forticornis;161165;201835;;Ampedus forticornis
173028;Ampedus melanurus;161165;201836;;Ampedus melanurus
173029;Ampedus sanguinolentus;161165;201837;;Ampedus sanguinolentus
173030;Amphicyllis globus;161165;201838;;Amphicyllis globus
173031;Amphimallon assimile;161165;201839;;Amphimallon assimile
173032;Amphimallon ruficorne;161165;201840;;Amphimallon ruficorne
173033;Anacaena bipustulata;161165;201841;;Anacaena bipustulata
173034;Anaspis brunnipes;161165;201842;;Anaspis brunnipes
173035;Anaspis costai;161165;201843;;Anaspis costai
173036;Anaspis garneysi;161165;201844;;Anaspis garneysi
173037;Anaspis marginicollis;161165;201845;;Anaspis marginicollis
173038;Anaspis quadrimaculata;161165;201846;;Anaspis quadrimaculata
173039;Anaspis regimbarti;161165;201847;;Anaspis regimbarti
173040;Anaspis rufilabris;161165;201848;;Anaspis rufilabris
173041;Anaspis varians;161165;201849;;Anaspis varians
173042;Anastrangalia dubia;161165;201850;;Anastrangalia dubia
173043;Ancistronycha cyanipennis;161165;201851;;Ancistronycha cyanipennis
173044;Ancistronycha erichsonii;161165;201852;;Ancistronycha erichsonii
173045;Anisarthron barbipes;161165;201853;;Anisarthron barbipes
173046;Anobium fulvicorne;161165;201854;;Anobium fulvicorne
173047;Anobium hederae;161165;201855;;Anobium hederae
173048;Anobium nitidum;161165;201856;;Anobium nitidum
173049;Anobium pertinax;161165;201857;;Anobium pertinax
173050;Anobium rufipes;161165;201858;;Anobium rufipes
173051;Anogcodes ferruginea;161165;201859;;Anogcodes ferruginea
173052;Anogcodes fulvicollis;161165;201860;;Anogcodes fulvicollis
173053;Anomala vitis;161165;201861;;Anomala vitis
173054;Anommatus reitteri;161165;201862;;Anommatus reitteri
173055;Anoplus roboris;161165;201863;;Anoplus roboris
173056;Anostirus castaneus;161165;201864;;Anostirus castaneus
173057;Anostirus purpureus;161165;201865;;Anostirus purpureus
173058;Anthaxia cichorii;161165;201866;;Anthaxia cichorii
173059;Anthaxia helvetica;161165;201867;;Anthaxia helvetica
173060;Anthaxia millefolii;161165;201868;;Anthaxia millefolii
173061;Anthaxia nitidula;161165;201869;;Anthaxia nitidula
173062;Anthaxia quadripunctata;161165;201870;;Anthaxia quadripunctata
173063;Anthaxia sepulchralis;161165;201871;;Anthaxia sepulchralis
173064;Antherophagus nigricornis;161165;201872;;Antherophagus nigricornis
173065;Anthicus antherinus;161165;201873;;Anthicus antherinus
173066;Anthicus bimaculatus;161165;201874;;Anthicus bimaculatus
173067;Anthicus flavipes;161165;201875;;Anthicus flavipes
173068;Anthicus luteicornis;161165;201876;;Anthicus luteicornis
173069;Anthocomus bipunctatus;161165;201877;;Anthocomus bipunctatus
173070;Anthonomus pedicularius;161165;201878;;Anthonomus pedicularius
173071;Anthonomus phyllocola;161165;201879;;Anthonomus phyllocola
173072;Anthonomus piri;161165;201880;;Anthonomus piri
173073;Anthrenus pimpinellae;161165;201881;;Anthrenus pimpinellae
173074;Anthrenus scrophulariae;161165;201882;;Anthrenus scrophulariae
173075;Anthrenus verbasci;161165;201883;;Anthrenus verbasci
173076;Apate monachus;161165;201884;;Apate monachus
173077;Aphanisticus elongatus;161165;201885;;Aphanisticus elongatus
173078;Aphodius arenarius;161165;201886;;Aphodius arenarius
173079;Aphodius ater;161165;201887;;Aphodius ater
173080;Aphodius borealis;161165;201888;;Aphodius borealis
173081;Aphodius brevis;161165;201889;;Aphodius brevis
173082;Aphodius depressus;161165;201890;;Aphodius depressus
173083;Aphodius erraticus;161165;201891;;Aphodius erraticus
173084;Aphodius fasciatus;161165;201892;;Aphodius fasciatus
173085;Aphodius foetidus;161165;201893;;Aphodius foetidus
173086;Aphodius fossor;161165;201894;;Aphodius fossor
173087;Aphodius hydrochaeris;161165;201895;;Aphodius hydrochaeris
173088;Aphodius ictericus;161165;201896;;Aphodius ictericus
173089;Aphodius immundus;161165;201897;;Aphodius immundus
173090;Aphodius lividus;161165;201898;;Aphodius lividus
173091;Aphodius lugens;161165;201899;;Aphodius lugens
173092;Aphodius luridus;161165;201900;;Aphodius luridus
173093;Aphodius melanostictus;161165;201901;;Aphodius melanostictus
173094;Aphodius merdarius;161165;201902;;Aphodius merdarius
173095;Aphodius nemoralis;161165;201903;;Aphodius nemoralis
173096;Aphodius niger;161165;201904;;Aphodius niger
173097;Aphodius paykulli;161165;201905;;Aphodius paykulli
173098;Aphodius pictus;161165;201906;;Aphodius pictus
173099;Aphodius plagiatus;161165;201907;;Aphodius plagiatus
173100;Aphodius porcus;161165;201908;;Aphodius porcus
173101;Aphodius pubescens;161165;201909;;Aphodius pubescens
173102;Aphodius punctatosulcatus;161165;201910;;Aphodius punctatosulcatus
173103;Aphodius pusillus;161165;201911;;Aphodius pusillus
173104;Aphodius quadriguttatus;161165;201912;;Aphodius quadriguttatus
173105;Aphodius quadrimaculatus;161165;201913;;Aphodius quadrimaculatus
173106;Aphodius scrofa;161165;201914;;Aphodius scrofa
173107;Aphodius sticticus;161165;201915;;Aphodius sticticus
173108;Aphodius varians;161165;201916;;Aphodius varians
173109;Aphthona atrocoerulea;161165;201917;;Aphthona atrocoerulea
173110;Aphthona cyparissiae;161165;201918;;Aphthona cyparissiae
173111;Aphthona euphorbiae;161165;201919;;Aphthona euphorbiae
173112;Aphthona nonstriata;161165;201920;;Aphthona nonstriata
173113;Aphthona pygmaea;161165;201921;;Aphthona pygmaea
173114;Aphthona venustula;161165;201922;;Aphthona venustula
173115;Aphthona violacea;161165;201923;;Aphthona violacea
173116;Aplocnemus impressus;161165;201924;;Aplocnemus impressus
173117;Aplocnemus nigricornis;161165;201925;;Aplocnemus nigricornis
173118;Aplocnemus virens;161165;201926;;Aplocnemus virens
173119;Apocatops nigritus;161165;201927;;Apocatops nigritus
173120;Apoderus coryli;161165;201928;;Apoderus coryli
173121;Apteropeda orbiculata;161165;201929;;Apteropeda orbiculata
173122;Argopus ahrensi;161165;201930;;Argopus ahrensi
173123;Arhopalus ferus;161165;201931;;Arhopalus ferus
173124;Arthrolips obscurus;161165;201932;;Arthrolips obscurus
173125;Arthrolips piceus;161165;201933;;Arthrolips piceus
173126;Asiorestia femorata;161165;201934;;Asiorestia femorata
173127;Asiorestia nigritula;161165;201935;;Asiorestia nigritula
173128;Aspidapion aeneum;161165;201936;;Aspidapion aeneum
173129;Aspidapion radiolus;161165;201937;;Aspidapion radiolus
173130;Atholus bimaculatus;161165;201938;;Atholus bimaculatus
173131;Atholus corvinus;161165;201939;;Atholus corvinus
173132;Athous vittatus;161165;201940;;Athous vittatus
173133;Athous zebei;161165;201941;;Athous zebei
173134;Atomaria analis;161165;201942;;Atomaria analis
173135;Atomaria apicalis;161165;201943;;Atomaria apicalis
173136;Atomaria atra;161165;201944;;Atomaria atra
173137;Atomaria clavigera;161165;201945;;Atomaria clavigera
173138;Atomaria diluta;161165;201946;;Atomaria diluta
173139;Atomaria elongatula;161165;201947;;Atomaria elongatula
173140;Atomaria gottwaldi;161165;201948;;Atomaria gottwaldi
173141;Atomaria gutta;161165;201949;;Atomaria gutta
173142;Atomaria ihsseni;161165;201950;;Atomaria ihsseni
173143;Atomaria linearis;161165;201951;;Atomaria linearis
173144;Atomaria lohsei;161165;201952;;Atomaria lohsei
173145;Atomaria morio;161165;201953;;Atomaria morio
173146;Atomaria nigriventris;161165;201954;;Atomaria nigriventris
173147;Atomaria punctithorax;161165;201955;;Atomaria punctithorax
173148;Atomaria pusilla;161165;201956;;Atomaria pusilla
173149;Atomaria rubella;161165;201957;;Atomaria rubella
173150;Atomaria rubida;161165;201958;;Atomaria rubida
173151;Attagenus punctatus;161165;201959;;Attagenus punctatus
173152;Attagenus unicolor;161165;201960;;Attagenus unicolor
173153;Auleutes epilobii;161165;201961;;Auleutes epilobii
173154;Aulonogyrus concinnus;161165;201962;;Aulonogyrus concinnus
173155;Axinotarsus ruficollis;161165;201963;;Axinotarsus ruficollis
173156;Bagous collignensis;161165;201964;;Bagous collignensis
173157;Bagous czwalinae;161165;201965;;Bagous czwalinae
173158;Bagous diglyptus;161165;201966;;Bagous diglyptus
173159;Bagous frit;161165;201967;;Bagous frit
173160;Bagous glabrirostris;161165;201968;;Bagous glabrirostris
173161;Bagous limosus;161165;201969;;Bagous limosus
173162;Bagous lutosus;161165;201970;;Bagous lutosus
173163;Bagous lutulosus;161165;201971;;Bagous lutulosus
173164;Bagous nodulosus;161165;201972;;Bagous nodulosus
173165;Bagous puncticollis;161165;201973;;Bagous puncticollis
173166;Bagous robustus;161165;201974;;Bagous robustus
173167;Bagous subcarinatus;161165;201975;;Bagous subcarinatus
173168;Bagous tempestivus;161165;201976;;Bagous tempestivus
173169;Baris artemisiae;161165;201977;;Baris artemisiae
173170;Baris atricolor;161165;201978;;Baris atricolor
173171;Baris chlorizans;161165;201979;;Baris chlorizans
173172;Baris cuprirostris;161165;201980;;Baris cuprirostris
173173;Baris picicornis;161165;201981;;Baris picicornis
173174;Barynotus moerens;161165;201982;;Barynotus moerens
173175;Barynotus obscurus;161165;201983;;Barynotus obscurus
173176;Barypeithes araneiformis;161165;201984;;Barypeithes araneiformis
173177;Barypeithes pellucidus;161165;201985;;Barypeithes pellucidus
173178;Batophila rubi;161165;201986;;Batophila rubi
173179;Batrisodes adnexus;161165;201987;;Batrisodes adnexus
173180;Batrisodes unisexualis;161165;201988;;Batrisodes unisexualis
173181;Berosus bispina;161165;201989;;Berosus bispina
173182;Berosus frontifoveatus;161165;201990;;Berosus frontifoveatus
173183;Berosus spinosus;161165;201991;;Berosus spinosus
173184;Bibloporus ultimus;161165;201992;;Bibloporus ultimus
173185;Bidessus delicatulus;161165;201993;;Bidessus delicatulus
173186;Bidessus minutissimus;161165;201994;;Bidessus minutissimus
173187;Biphyllus lunatus;161165;201995;;Biphyllus lunatus
173188;Bitoma crenata;161165;201996;;Bitoma crenata
173189;Blaps lethifera;161165;201997;;Blaps lethifera
173190;Blaps mortisaga;161165;201998;;Blaps mortisaga
173191;Blaps mucronata;161165;201999;;Blaps mucronata
173192;Bolitophagus reticulatus;161165;202000;;Bolitophagus reticulatus
173193;Bostrichus capucinus;161165;202001;;Bostrichus capucinus
173194;Bostrychoplites cornutus;161165;202002;;Bostrychoplites cornutus
173195;Brachyderes incanus;161165;202003;;Brachyderes incanus
173196;Brachyderes lusitanicus;161165;202004;;Brachyderes lusitanicus
173197;Brachypterolus pulicarius;161165;202005;;Brachypterolus pulicarius
173198;Brachypterolus vestitus;161165;202006;;Brachypterolus vestitus
173199;Brachysomus echinatus;161165;202007;;Brachysomus echinatus
173200;Brachysomus setiger;161165;202008;;Brachysomus setiger
173201;Brachyta interrogationis;161165;202009;;Brachyta interrogationis
173202;Brachytarsus fasciatus;161165;202010;;Brachytarsus fasciatus
173203;Brachytemnus porcatus;161165;202011;;Brachytemnus porcatus
173204;Bruchidius bimaculatus;161165;202012;;Bruchidius bimaculatus
173205;Bruchidius marginalis;161165;202013;;Bruchidius marginalis
173206;Bruchidius pauper;161165;202014;;Bruchidius pauper
173207;Bruchidius varius;161165;202015;;Bruchidius varius
173208;Bruchidius villosus;161165;202016;;Bruchidius villosus
173209;Bruchus affinis;161165;202017;;Bruchus affinis
173210;Bruchus atomarius;161165;202018;;Bruchus atomarius
173211;Bruchus ervi;161165;202019;;Bruchus ervi
173212;Bruchus lentis;161165;202020;;Bruchus lentis
173213;Bruchus luteicornis;161165;202021;;Bruchus luteicornis
173214;Bruchus pisorum;161165;202022;;Bruchus pisorum
173215;Bruchus rufimanus;161165;202023;;Bruchus rufimanus
173216;Bruchus signaticornis;161165;202024;;Bruchus signaticornis
173217;Bryaxis curtisii;159617;202025;;Bryaxis curtisii
173218;Bryaxis glabricollis;159617;202026;;Bryaxis glabricollis
173219;Bryaxis nigripennis;159617;202027;;Bryaxis nigripennis
173220;Bryaxis puncticollis;159617;202028;;Bryaxis puncticollis
173221;Buprestis rustica;161165;202029;;Buprestis rustica
173222;Byctiscus betulae;161165;202030;;Byctiscus betulae
173223;Byctiscus populi;161165;202031;;Byctiscus populi
173224;Byrrhus luniger;161165;202032;;Byrrhus luniger
173225;Bythinus burrellii;159617;202033;;Bythinus burrellii
173227;Bythinus confusus;159617;202035;;Bythinus confusus
173228;Bythinus macropalpus;159617;202036;;Bythinus macropalpus
173229;Bythinus securiger;159617;202037;;Bythinus securiger
173230;Caccobius schreberi;161165;202038;;Caccobius schreberi
173231;Caenocara affinis;161165;202039;;Caenocara affinis
173232;Caenorhinus aeneovirens;161165;202040;;Caenorhinus aeneovirens
173233;Caenorhinus aequatus;161165;202041;;Caenorhinus aequatus
173234;Caenorhinus germanicus;161165;202042;;Caenorhinus germanicus
173235;Caenorhinus interpunctatus;161165;202043;;Caenorhinus interpunctatus
173236;Caenoscelis ferruginea;161165;202044;;Caenoscelis ferruginea
173238;Calamobius filum;161165;202046;;Calamobius filum
173239;Callidium violaceum;161165;202047;;Callidium violaceum
173240;Callimus angulatus;161165;202048;;Callimus angulatus
173241;Callosobruchus chinensis;161165;202049;;Callosobruchus chinensis
173242;Calomicrus pinicola;161165;202050;;Calomicrus pinicola
173243;Calosirus apicalis;161165;202051;;Calosirus apicalis
173244;Calosirus terminatus;161165;202052;;Calosirus terminatus
173245;Calvia quindecimguttata;161165;202053;;Calvia quindecimguttata
173246;Calyptomerus alpestris;161165;202054;;Calyptomerus alpestris
173247;Calyptomerus dubius;161165;202055;;Calyptomerus dubius
173248;Cantharis lateralis;161165;202056;;Cantharis lateralis
173249;Cantharis pulicaria;161165;202057;;Cantharis pulicaria
173250;Cantharis quadripunctata;161165;202058;;Cantharis quadripunctata
173251;Cantharis rustica;161165;202059;;Cantharis rustica
173252;Cantharis sudetica;161165;202060;;Cantharis sudetica
173253;Cantharis tristis;161165;202061;;Cantharis tristis
173254;Capnodis tenebrionis;161165;202062;;Capnodis tenebrionis
173255;Cardiophorus atramentarius;161165;202063;;Cardiophorus atramentarius
173256;Cardiophorus vestigialis;161165;202064;;Cardiophorus vestigialis
173257;Carphoborus minimus;161165;202065;;Carphoborus minimus
173258;Carpophilus hemipterus;161165;202066;;Carpophilus hemipterus
173259;Carpophilus ligneus;161165;202067;;Carpophilus ligneus
173260;Carpophilus truncatus;161165;202068;;Carpophilus truncatus
173261;Cartodere constricta;161165;202069;;Cartodere constricta
173262;Cartodere nodifer;161165;202070;;Cartodere nodifer
173263;Cartodere norvegica;161165;202071;;Cartodere norvegica
173264;Cassida murraea;161165;202072;;Cassida murraea
173265;Cassida nebulosa;161165;202073;;Cassida nebulosa
173266;Cassida nobilis;161165;202074;;Cassida nobilis
173267;Cassida panzeri;161165;202075;;Cassida panzeri
173268;Cassida rufovirens;161165;202076;;Cassida rufovirens
173269;Cassida sanguinolenta;161165;202077;;Cassida sanguinolenta
173270;Cassida sanguinosa;161165;202078;;Cassida sanguinosa
173271;Cassida seladonia;161165;202079;;Cassida seladonia
173272;Cassida stigmatica;161165;202080;;Cassida stigmatica
173273;Cassida vibex;161165;202081;;Cassida vibex
173274;Cassida vittata;161165;202082;;Cassida vittata
173275;Catapion meieri;161165;202083;;Catapion meieri
173276;Catapion pubescens;161165;202084;;Catapion pubescens
173277;Catapion seniculus;161165;202085;;Catapion seniculus
173278;Catops fuscus;161165;202086;;Catops fuscus
173279;Catops morio;161165;202087;;Catops morio
173280;Catops nigriclavis;161165;202088;;Catops nigriclavis
173281;Cephennium thoracicum;161165;202089;;Cephennium thoracicum
173282;Cerambyx scopolii;161165;202090;;Cerambyx scopolii
173283;Ceratapion austriacum;161165;202091;;Ceratapion austriacum
173284;Ceratapion basicorne;161165;202092;;Ceratapion basicorne
173285;Ceratapion carduorum;161165;202093;;Ceratapion carduorum
173286;Ceratapion gibbirostre;161165;202094;;Ceratapion gibbirostre
173287;Cercyon bifenestratus;161165;202095;;Cercyon bifenestratus
173288;Cercyon haemorrhoidalis;161165;202096;;Cercyon haemorrhoidalis
173289;Cercyon impressus;161165;202097;;Cercyon impressus
173290;Cercyon lateralis;161165;202098;;Cercyon lateralis
173291;Cercyon littoralis;161165;202099;;Cercyon littoralis
173292;Cercyon melanocephalus;161165;202100;;Cercyon melanocephalus
173293;Cercyon pygmaeus;161165;202101;;Cercyon pygmaeus
173294;Cercyon quisquilius;161165;202102;;Cercyon quisquilius
173295;Cercyon renneri;161165;202103;;Cercyon renneri
173296;Cercyon sternalis;161165;202104;;Cercyon sternalis
173297;Cercyon terminatus;161165;202105;;Cercyon terminatus
173298;Cerocoma schaefferi;161165;202106;;Cerocoma schaefferi
173299;Cerophytum elateroides;161165;202107;;Cerophytum elateroides
173300;Cerylon fagi;161165;202108;;Cerylon fagi
173301;Cerylon ferrugineum;161165;202109;;Cerylon ferrugineum
173302;Ceutorhynchus alliariae;161165;202110;;Ceutorhynchus alliariae
173303;Ceutorhynchus assimilis;161165;202111;;Ceutorhynchus assimilis
173304;Ceutorhynchus atomus;161165;202112;;Ceutorhynchus atomus
173305;Ceutorhynchus barbareae;161165;202113;;Ceutorhynchus barbareae
173306;Ceutorhynchus chalybaeus;161165;202114;;Ceutorhynchus chalybaeus
173307;Ceutorhynchus cochleariae;161165;202115;;Ceutorhynchus cochleariae
173308;Ceutorhynchus constrictus;161165;202116;;Ceutorhynchus constrictus
173309;Ceutorhynchus contractus;161165;202117;;Ceutorhynchus contractus
173310;Ceutorhynchus erysimi;161165;202118;;Ceutorhynchus erysimi
173311;Ceutorhynchus gerhardti;161165;202119;;Ceutorhynchus gerhardti
173312;Ceutorhynchus napi;161165;202120;;Ceutorhynchus napi
173313;Ceutorhynchus obstrictus;161165;202121;;Ceutorhynchus obstrictus
173314;Ceutorhynchus pallidactylus;161165;202122;;Ceutorhynchus pallidactylus
173315;Ceutorhynchus parvulus;161165;202123;;Ceutorhynchus parvulus
173316;Ceutorhynchus picitarsis;161165;202124;;Ceutorhynchus picitarsis
173317;Ceutorhynchus posthumus;161165;202125;;Ceutorhynchus posthumus
173318;Ceutorhynchus puncticollis;161165;202126;;Ceutorhynchus puncticollis
173319;Ceutorhynchus pyrrhorhynchus;161165;202127;;Ceutorhynchus pyrrhorhynchus
173320;Ceutorhynchus scapularis;161165;202128;;Ceutorhynchus scapularis
173321;Ceutorhynchus scrobicollis;161165;202129;;Ceutorhynchus scrobicollis
173322;Ceutorhynchus sophiae;161165;202130;;Ceutorhynchus sophiae
173323;Ceutorhynchus syrites;161165;202131;;Ceutorhynchus syrites
173324;Ceutorhynchus turbatus;161165;202132;;Ceutorhynchus turbatus
173325;Chaetocnema aerosa;161165;202133;;Chaetocnema aerosa
173326;Chaetocnema aridula;161165;202134;;Chaetocnema aridula
173327;Chaetocnema compressa;161165;202135;;Chaetocnema compressa
173328;Chaetocnema concinna;161165;202136;;Chaetocnema concinna
173329;Chaetocnema mannerheimi;161165;202137;;Chaetocnema mannerheimi
173330;Chaetocnema procerula;161165;202138;;Chaetocnema procerula
173331;Chaetocnema subcoerulea;161165;202139;;Chaetocnema subcoerulea
173332;Chaetocnema tibialis;161165;202140;;Chaetocnema tibialis
173333;Chaetophora spinosa;161165;202141;;Chaetophora spinosa
173334;Chaetopteroplia segetum;161165;202142;;Chaetopteroplia segetum
173335;Chalcionellus decemstriatus;161165;202143;;Chalcionellus decemstriatus
173336;Chalcophora mariana;161165;202144;;Chalcophora mariana
173337;Charopus flavipes;161165;202145;;Charopus flavipes
173338;Chennium bituberculatum;161165;202146;;Chennium bituberculatum
173339;Chetabraeus globulus;161165;202147;;Chetabraeus globulus
173340;Chilocorus bipustulatus;161165;202148;;Chilocorus bipustulatus
173341;Chlorophanus gibbosus;161165;202149;;Chlorophanus gibbosus
173342;Chlorophanus graminicola;161165;202150;;Chlorophanus graminicola
173343;Chlorophorus figuratus;161165;202151;;Chlorophorus figuratus
173344;Chlorophorus sartor;161165;202152;;Chlorophorus sartor
173345;Chlorophorus varius;161165;202153;;Chlorophorus varius
173346;Choleva agilis;161165;202154;;Choleva agilis
173347;Choleva bicolor;161165;202155;;Choleva bicolor
173348;Choleva septentrionis;161165;202156;;Choleva septentrionis
173349;Choleva sturmi;161165;202157;;Choleva sturmi
173350;Chromoderus affinis;161165;202158;;Chromoderus affinis
173351;Chrysobothris affinis;161165;202159;;Chrysobothris affinis
173352;Chrysolina analis;161165;202160;;Chrysolina analis
173353;Chrysolina brunsvicensis;161165;202161;;Chrysolina brunsvicensis
173354;Chrysolina carnifex;161165;202162;;Chrysolina carnifex
173355;Chrysolina coerulans;161165;202163;;Chrysolina coerulans
173356;Chrysolina didymata;161165;202164;;Chrysolina didymata
173357;Chrysolina fuliginosa;161165;202165;;Chrysolina fuliginosa
173358;Chrysolina geminata;161165;202166;;Chrysolina geminata
173359;Chrysolina haemoptera;161165;202167;;Chrysolina haemoptera
173360;Chrysolina kuesteri;161165;202168;;Chrysolina kuesteri
173361;Chrysolina limbata;161165;202169;;Chrysolina limbata
173362;Chrysolina polita;161165;202170;;Chrysolina polita
173363;Chrysolina purpurascens;161165;202171;;Chrysolina purpurascens
173364;Chrysolina quadrigemina;161165;202172;;Chrysolina quadrigemina
173365;Chrysolina sanguinolenta;161165;202173;;Chrysolina sanguinolenta
173366;Chrysolina staphylaea;161165;202174;;Chrysolina staphylaea
173367;Chrysolina sturmi;161165;202175;;Chrysolina sturmi
173368;Chrysomela collaris;161165;202176;;Chrysomela collaris
173369;Chrysomela cuprea;161165;202177;;Chrysomela cuprea
173370;Chrysomela lapponica;161165;202178;;Chrysomela lapponica
173371;Chrysomela tremulae;161165;202179;;Chrysomela tremulae
173372;Cicones undatus;161165;202180;;Cicones undatus
173373;Cicones variegatus;161165;202181;;Cicones variegatus
173374;Cidnopus pilosus;161165;202182;;Cidnopus pilosus
173375;Cidnopus quercus;161165;202183;;Cidnopus quercus
173376;Cimberis attelaboides;161165;202184;;Cimberis attelaboides
173377;Cionus alauda;161165;202185;;Cionus alauda
173378;Cionus hortulanus;161165;202186;;Cionus hortulanus
173379;Cionus longicollis;161165;202187;;Cionus longicollis
173380;Cionus nigritarsis;161165;202188;;Cionus nigritarsis
173381;Cionus olivieri;161165;202189;;Cionus olivieri
173382;Cionus thaspus;161165;202190;;Cionus thaspus
173383;Cis dentatus;161165;202191;;Cis dentatus
173384;Cis glabratus;161165;202192;;Cis glabratus
173385;Cis lineatocribratus;161165;202193;;Cis lineatocribratus
173386;Cis micans;161165;202194;;Cis micans
173387;Cis setiger;161165;202195;;Cis setiger
173388;Clambus armadillo;161165;202196;;Clambus armadillo
173389;Clambus minutus;161165;202197;;Clambus minutus
173390;Clambus pubescens;161165;202198;;Clambus pubescens
173391;Clambus simsoni;161165;202199;;Clambus simsoni
173392;Clanoptilus elegans;161165;202200;;Clanoptilus elegans
173393;Clanoptilus geniculatus;161165;202201;;Clanoptilus geniculatus
173394;Clanoptilus marginellus;161165;202202;;Clanoptilus marginellus
173395;Claviger testaceus;161165;202203;;Claviger testaceus
173396;Cleopus pulchellus;161165;202204;;Cleopus pulchellus
173397;Clerus mutillarius;161165;202205;;Clerus mutillarius
173398;Clytra laeviuscula;161165;202206;;Clytra laeviuscula
173399;Clytus rhamni;161165;202207;;Clytus rhamni
173400;Coccinula quatuordecimpustulata;161165;202208;;Coccinula quatuordecimpustulata
173401;Coccotrypes dactyliperda;161165;202209;;Coccotrypes dactyliperda
173402;Coeliastes lamii;161165;202210;;Coeliastes lamii
173403;Coeliodes rubicundus;161165;202211;;Coeliodes rubicundus
173404;Coeliodes trifasciatus;161165;202212;;Coeliodes trifasciatus
173405;Colaphus sophiae;161165;202213;;Colaphus sophiae
173406;Colobicus hirtus;161165;202214;;Colobicus hirtus
173407;Colon appendiculatum;161165;202215;;Colon appendiculatum
173408;Colon brunneum;161165;202216;;Colon brunneum
173409;Colon clavigerum;161165;202217;;Colon clavigerum
173410;Colon serripes;161165;202218;;Colon serripes
173411;Colon zebei;161165;202219;;Colon zebei
173412;Colydium filiforme;161165;202220;;Colydium filiforme
173413;Colymbetes paykulli;161165;202221;;Colymbetes paykulli
173414;Combocerus glaber;161165;202222;;Combocerus glaber
173415;Coniocleonus nebulosus;161165;202223;;Coniocleonus nebulosus
173416;Coniocleonus nigrosuturatus;161165;202224;;Coniocleonus nigrosuturatus
173417;Copris lunaris;161165;202225;;Copris lunaris
173418;Coptocephala unifasciata;161165;202226;;Coptocephala unifasciata
173419;Cordicomus sellatus;161165;202227;;Cordicomus sellatus
173420;Cordylepherus viridis;161165;202228;;Cordylepherus viridis
173421;Corticaria bella;161165;202229;;Corticaria bella
173422;Corticaria dubia;161165;202230;;Corticaria dubia
173423;Corticaria foveola;161165;202231;;Corticaria foveola
173424;Corticaria fulva;161165;202232;;Corticaria fulva
173425;Corticaria impressa;161165;202233;;Corticaria impressa
173426;Corticaria longicornis;161165;202234;;Corticaria longicornis
173427;Corticaria polypori;161165;202235;;Corticaria polypori
173428;Corticaria pubescens;161165;202236;;Corticaria pubescens
173429;Corticaria punctulata;161165;202237;;Corticaria punctulata
173430;Corticaria serrata;161165;202238;;Corticaria serrata
173431;Corticaria umbilicata;161165;202239;;Corticaria umbilicata
173432;Corticeus bicoloroides;161165;202240;;Corticeus bicoloroides
173433;Corticeus fasciatus;161165;202241;;Corticeus fasciatus
173434;Corticeus pini;161165;202242;;Corticeus pini
173435;Corymbia cordigera;161165;202243;;Corymbia cordigera
173436;Corymbia erythroptera;161165;202244;;Corymbia erythroptera
173437;Corymbia fulva;161165;202245;;Corymbia fulva
173438;Crepidodera plutus;161165;202246;;Crepidodera plutus
173439;Crioceris duodecimpunctata;161165;202247;;Crioceris duodecimpunctata
173440;Crioceris quatuordecimpunctata;161165;202248;;Crioceris quatuordecimpunctata
173441;Cryphalus abietis;161165;202249;;Cryphalus abietis
173442;Cryphalus saltuarius;161165;202250;;Cryphalus saltuarius
173443;Cryptamorpha desjardinsi;161165;202251;;Cryptamorpha desjardinsi
173444;Cryptarcha undata;161165;202252;;Cryptarcha undata
173445;Crypticus quisquilius;161165;202253;;Crypticus quisquilius
173446;Cryptocephalus aureolus;161165;202254;;Cryptocephalus aureolus
173447;Cryptocephalus biguttatus;161165;202255;;Cryptocephalus biguttatus
173448;Cryptocephalus bilineatus;161165;202256;;Cryptocephalus bilineatus
173449;Cryptocephalus caerulescens;161165;202257;;Cryptocephalus caerulescens
173450;Cryptocephalus cordiger;161165;202258;;Cryptocephalus cordiger
173451;Cryptocephalus decemmaculatus;161165;202259;;Cryptocephalus decemmaculatus
173452;Cryptocephalus distinguendus;161165;202260;;Cryptocephalus distinguendus
173453;Cryptocephalus flavipes;161165;202261;;Cryptocephalus flavipes
173454;Cryptocephalus hypochaeridis;161165;202262;;Cryptocephalus hypochaeridis
173455;Cryptocephalus macellus;161165;202263;;Cryptocephalus macellus
173456;Cryptocephalus moraei;161165;202264;;Cryptocephalus moraei
173457;Cryptocephalus nitidulus;161165;202265;;Cryptocephalus nitidulus
173458;Cryptocephalus ocellatus;161165;202266;;Cryptocephalus ocellatus
173459;Cryptocephalus pallifrons;161165;202267;;Cryptocephalus pallifrons
173460;Cryptocephalus pini;161165;202268;;Cryptocephalus pini
173461;Cryptocephalus punctiger;161165;202269;;Cryptocephalus punctiger
173462;Cryptocephalus quinquepunctatus;161165;202270;;Cryptocephalus quinquepunctatus
173463;Cryptocephalus saliceti;161165;202271;;Cryptocephalus saliceti
173464;Cryptocephalus sericeus;161165;202272;;Cryptocephalus sericeus
173465;Cryptocephalus trimaculatus;161165;202273;;Cryptocephalus trimaculatus
173466;Cryptocephalus violaceus;161165;202274;;Cryptocephalus violaceus
173467;Cryptocephalus vittatus;161165;202275;;Cryptocephalus vittatus
173468;Cryptolestes capensis;161165;202276;;Cryptolestes capensis
173469;Cryptolestes ferrugineus;161165;202277;;Cryptolestes ferrugineus
173470;Cryptolestes spartii;161165;202278;;Cryptolestes spartii
173471;Cryptophagus acutangulus;161165;202279;;Cryptophagus acutangulus
173472;Cryptophagus cellaris;161165;202280;;Cryptophagus cellaris
173473;Cryptophagus distinguendus;161165;202281;;Cryptophagus distinguendus
173474;Cryptophagus fallax;161165;202282;;Cryptophagus fallax
173475;Cryptophagus fuscicornis;161165;202283;;Cryptophagus fuscicornis
173476;Cryptophagus inaequalis;161165;202284;;Cryptophagus inaequalis
173477;Cryptophagus lapponicus;161165;202285;;Cryptophagus lapponicus
173478;Cryptophagus laticollis;161165;202286;;Cryptophagus laticollis
173479;Cryptophagus pseudodentatus;161165;202287;;Cryptophagus pseudodentatus
173480;Cryptophagus pubescens;161165;202288;;Cryptophagus pubescens
173481;Cryptophagus rotundatus;161165;202289;;Cryptophagus rotundatus
173482;Cryptophagus saginatus;161165;202290;;Cryptophagus saginatus
173483;Cryptophagus scutellatus;161165;202291;;Cryptophagus scutellatus
173484;Cryptophagus subdepressus;161165;202292;;Cryptophagus subdepressus
173485;Cryptophagus subfumatus;161165;202293;;Cryptophagus subfumatus
173486;Cryptophilus integer;161165;202294;;Cryptophilus integer
173487;Cryptophilus obliteratus;161165;202295;;Cryptophilus obliteratus
173488;Cryptopleurum crenatum;161165;202296;;Cryptopleurum crenatum
173489;Crypturgus hispidulus;161165;202297;;Crypturgus hispidulus
173490;Crypturgus pusillus;161165;202298;;Crypturgus pusillus
173491;Ctenicera cuprea;161165;202299;;Ctenicera cuprea
173492;Ctenicera heyeri;161165;202300;;Ctenicera heyeri
173493;Ctenicera virens;161165;202301;;Ctenicera virens
173494;Curculio elephas;161165;202302;;Curculio elephas
173495;Curculio rubidus;161165;202303;;Curculio rubidus
173496;Curimopsis nigrita;161165;202304;;Curimopsis nigrita
173497;Curimopsis paleata;161165;202305;;Curimopsis paleata
173498;Curimopsis setigera;161165;202306;;Curimopsis setigera
173499;Curtimorda maculosa;161165;202307;;Curtimorda maculosa
173500;Cyanapion gyllenhalii;161165;202308;;Cyanapion gyllenhalii
173501;Cyanapion platalea;161165;202309;;Cyanapion platalea
173502;Cyanapion spencii;161165;202310;;Cyanapion spencii
173503;Cybocephalus pulchellus;161165;202311;;Cybocephalus pulchellus
173504;Cyclodinus humilis;161165;202312;;Cyclodinus humilis
173505;Cyphon palustris;161165;202313;;Cyphon palustris
173506;Cyphon phragmiteticola;161165;202314;;Cyphon phragmiteticola
173507;Cyphon punctipennis;161165;202315;;Cyphon punctipennis
173508;Cyrtusa subtestacea;161165;202316;;Cyrtusa subtestacea
173509;Danacea nigritarsis;161165;202317;;Danacea nigritarsis
173510;Danacea pallipes;161165;202318;;Danacea pallipes
173511;Dascillus cervinus;161165;202319;;Dascillus cervinus
173512;Dasytes aeratus;161165;202320;;Dasytes aeratus
173513;Dasytes cyaneus;161165;202321;;Dasytes cyaneus
173514;Dasytes nigrocyaneus;161165;202322;;Dasytes nigrocyaneus
173515;Dasytes virens;161165;202323;;Dasytes virens
173516;Datonychus angulosus;161165;202324;;Datonychus angulosus
173517;Dendrophilus punctatus;161165;202325;;Dendrophilus punctatus
173518;Denops albofasciatus;161165;202326;;Denops albofasciatus
173519;Deporaus tristis;161165;202327;;Deporaus tristis
173520;Dermestes ater;161165;202328;;Dermestes ater
173521;Dermestes bicolor;161165;202329;;Dermestes bicolor
173522;Dermestes carnivorus;161165;202330;;Dermestes carnivorus
173523;Dermestes erichsoni;161165;202331;;Dermestes erichsoni
173524;Dermestes frischii;161165;202332;;Dermestes frischii
173525;Dermestes laniarius;161165;202333;;Dermestes laniarius
173526;Dermestes lardarius;161165;202334;;Dermestes lardarius
173527;Dermestes maculatus;161165;202335;;Dermestes maculatus
173528;Dermestes undulatus;161165;202336;;Dermestes undulatus
173529;Dermestoides sanguinicollis;161165;202337;;Dermestoides sanguinicollis
173530;Derocrepis rufipes;161165;202338;;Derocrepis rufipes
173531;Diastictus vulneratus;161165;202339;;Diastictus vulneratus
173532;Dibolia femoralis;161165;202340;;Dibolia femoralis
173533;Dibolia occultans;161165;202341;;Dibolia occultans
173534;Dicronychus equisetioides;161165;202342;;Dicronychus equisetioides
173535;Dicronychus rubripes;161165;202343;;Dicronychus rubripes
173536;Dienerella clathrata;161165;202344;;Dienerella clathrata
173537;Dienerella elongata;161165;202345;;Dienerella elongata
173538;Dienerella filiformis;161165;202346;;Dienerella filiformis
173539;Dienerella ruficollis;161165;202347;;Dienerella ruficollis
173540;Dinoderus minutus;161165;202348;;Dinoderus minutus
173541;Dinoptera collaris;161165;202349;;Dinoptera collaris
173542;Diplapion confluens;161165;202350;;Diplapion confluens
173543;Diplapion stolidum;161165;202351;;Diplapion stolidum
173544;Dircaea australis;161165;202352;;Dircaea australis
173545;Dirhagus pygmaeus;161165;202353;;Dirhagus pygmaeus
173546;Donacia aquatica;161165;202354;;Donacia aquatica
173547;Donacia dentata;161165;202355;;Donacia dentata
173548;Donacia obscura;161165;202356;;Donacia obscura
173549;Donacia semicuprea;161165;202357;;Donacia semicuprea
173550;Donacia simplex;161165;202358;;Donacia simplex
173551;Donus intermedius;161165;202359;;Donus intermedius
173552;Donus ovalis;161165;202360;;Donus ovalis
173553;Dorcatoma setosella;161165;202361;;Dorcatoma setosella
173554;Dorytomus affinis;161165;202362;;Dorytomus affinis
173555;Dorytomus dorsalis;161165;202363;;Dorytomus dorsalis
173556;Dorytomus filirostris;161165;202364;;Dorytomus filirostris
173557;Dorytomus ictor;161165;202365;;Dorytomus ictor
173558;Dorytomus longimanus;161165;202366;;Dorytomus longimanus
173559;Dorytomus majalis;161165;202367;;Dorytomus majalis
173560;Dorytomus melanophthalmus;161165;202368;;Dorytomus melanophthalmus
173561;Dorytomus minutus;161165;202369;;Dorytomus minutus
173562;Dorytomus salicinus;161165;202370;;Dorytomus salicinus
173563;Dorytomus tremulae;161165;202371;;Dorytomus tremulae
173564;Dorytomus villosulus;161165;202372;;Dorytomus villosulus
173565;Dreposcia umbrina;161165;202373;;Dreposcia umbrina
173566;Drilus concolor;161165;202374;;Drilus concolor
173567;Drilus flavescens;161165;202375;;Drilus flavescens
173568;Drupenatus nasturtii;161165;202376;;Drupenatus nasturtii
173569;Dryocoetes autographus;161165;202377;;Dryocoetes autographus
173570;Dryocoetes villosus;161165;202378;;Dryocoetes villosus
173571;Dryophilus pusillus;161165;202379;;Dryophilus pusillus
173572;Dryophilus rugicollis;161165;202380;;Dryophilus rugicollis
173573;Dryophthorus corticalis;161165;202381;;Dryophthorus corticalis
173574;Dryops auriculatus;161165;202382;;Dryops auriculatus
173575;Dryops griseus;161165;202383;;Dryops griseus
173576;Dryops nitidulus;161165;202384;;Dryops nitidulus
173577;Dryops striatellus;161165;202385;;Dryops striatellus
173578;Dryops viennensis;161165;202386;;Dryops viennensis
173579;Dytiscus circumcinctus;161165;202387;;Dytiscus circumcinctus
173580;Dytiscus semisulcatus;161165;202388;;Dytiscus semisulcatus
173581;Ebaeus flavicornis;161165;202389;;Ebaeus flavicornis
173582;Ebaeus thoracicus;161165;202390;;Ebaeus thoracicus
173583;Eblisia minor;161165;202391;;Eblisia minor
173584;Ecanus glaber;161165;202392;;Ecanus glaber
173585;Ectinus aterrimus;161165;202393;;Ectinus aterrimus
173586;Elater ferrugineus;161165;202394;;Elater ferrugineus
173587;Eledonoprius armatus;161165;202395;;Eledonoprius armatus
173588;Ellescus bipunctatus;161165;202396;;Ellescus bipunctatus
173589;Ellescus infirmus;161165;202397;;Ellescus infirmus
173590;Elodes elongata;161165;202398;;Elodes elongata
173591;Elodes johni;161165;202399;;Elodes johni
173592;Elodes marginata;161165;202400;;Elodes marginata
173593;Enicmus atriceps;161165;202401;;Enicmus atriceps
173594;Enicmus histrio;161165;202402;;Enicmus histrio
173595;Ennearthron laricinum;161165;202403;;Ennearthron laricinum
173596;Ephistemus globulus;161165;202404;;Ephistemus globulus
173597;Epuraea aestiva;161165;202405;;Epuraea aestiva
173598;Epuraea biguttata;161165;202406;;Epuraea biguttata
173599;Epuraea excisicollis;161165;202407;;Epuraea excisicollis
173600;Epuraea guttata;161165;202408;;Epuraea guttata
173601;Epuraea longula;161165;202409;;Epuraea longula
173602;Epuraea melina;161165;202410;;Epuraea melina
173603;Epuraea muehli;161165;202411;;Epuraea muehli
173604;Epuraea neglecta;161165;202412;;Epuraea neglecta
173605;Epuraea silacea;161165;202413;;Epuraea silacea
173606;Epuraea thoracica;161165;202414;;Epuraea thoracica
173607;Epuraea variegata;161165;202415;;Epuraea variegata
173608;Ernobius abietinus;161165;202416;;Ernobius abietinus
173609;Ernobius abietis;161165;202417;;Ernobius abietis
173610;Ernobius kiesenwetteri;161165;202418;;Ernobius kiesenwetteri
173611;Ernobius longicornis;161165;202419;;Ernobius longicornis
173612;Ethelcus denticulatus;161165;202420;;Ethelcus denticulatus
173613;Eubria palustris;161165;202421;;Eubria palustris
173614;Eucinetus haemorrhoidalis;161165;202422;;Eucinetus haemorrhoidalis
173615;Eucnemis capucina;161165;202423;;Eucnemis capucina
173616;Euconnus denticornis;161165;202424;;Euconnus denticornis
173617;Euconnus unicus;161165;202425;;Euconnus unicus
173618;Euconnus wetterhallii;161165;202426;;Euconnus wetterhallii
173619;Euglenes nitidifrons;161165;202427;;Euglenes nitidifrons
173620;Euheptaulacus villosus;161165;202428;;Euheptaulacus villosus
173621;Euoniticellus fulvus;161165;202429;;Euoniticellus fulvus
173622;Euonthophagus amyntas;161165;202430;;Euonthophagus amyntas
173623;Euplectus bescidicus;161165;202431;;Euplectus bescidicus
173624;Euplectus bonvouloiri;161165;202432;;Euplectus bonvouloiri
173625;Euplectus duponti;161165;202433;;Euplectus duponti
173626;Euplectus fauveli;161165;202434;;Euplectus fauveli
173627;Euplectus infirmus;161165;202435;;Euplectus infirmus
173628;Euplectus karsteni;161165;202436;;Euplectus karsteni
173629;Euplectus sanguineus;161165;202437;;Euplectus sanguineus
173630;Euplectus signatus;161165;202438;;Euplectus signatus
173631;Euplectus tholini;161165;202439;;Euplectus tholini
173632;Eustrophus dermestoides;161165;202440;;Eustrophus dermestoides
173633;Euthia plicata;161165;202441;;Euthia plicata
173634;Eutrichapion ervi;161165;202442;;Eutrichapion ervi
173635;Eutrichapion melancholicum;161165;202443;;Eutrichapion melancholicum
173636;Eutrichapion punctigerum;161165;202444;;Eutrichapion punctigerum
173637;Evodinus clathratus;161165;202445;;Evodinus clathratus
173638;Exapion compactum;161165;202446;;Exapion compactum
173639;Exapion corniculatum;161165;202447;;Exapion corniculatum
173640;Exapion difficile;161165;202448;;Exapion difficile
173641;Exapion formaneki;161165;202449;;Exapion formaneki
173642;Exapion fuscirostre;161165;202450;;Exapion fuscirostre
173643;Exocentrus lusitanus;161165;202451;;Exocentrus lusitanus
173644;Exosoma lusitanica;161165;202452;;Exosoma lusitanica
173645;Foucartia squamulata;161165;202453;;Foucartia squamulata
173646;Galeruca interrupta;161165;202454;;Galeruca interrupta
173647;Galeruca melanocephala;161165;202455;;Galeruca melanocephala
173648;Galeruca pomonae;161165;202456;;Galeruca pomonae
173649;Galeruca tanaceti;161165;202457;;Galeruca tanaceti
173650;Galerucella aquatica;161165;202458;;Galerucella aquatica
173651;Galerucella sagittariae;161165;202459;;Galerucella sagittariae
173652;Gastrallus laevigatus;161165;202460;;Gastrallus laevigatus
173653;Gaurotes virginea;161165;202461;;Gaurotes virginea
173654;Georissus crenulatus;161165;202462;;Georissus crenulatus
173655;Geotrupes mutator;161165;202463;;Geotrupes mutator
173656;Geotrupes niger;161165;202464;;Geotrupes niger
173657;Geotrupes stercorarius;161165;202465;;Geotrupes stercorarius
173658;Gibbium psylloides;161165;202466;;Gibbium psylloides
173659;Glischrochilus quadriguttatus;161165;202467;;Glischrochilus quadriguttatus
173660;Globicornis corticalis;161165;202468;;Globicornis corticalis
173661;Globicornis fasciata;161165;202469;;Globicornis fasciata
173662;Globicornis marginata;161165;202470;;Globicornis marginata
173663;Globicornis nigripes;161165;202471;;Globicornis nigripes
173664;Glocianus distinctus;161165;202472;;Glocianus distinctus
173665;Glocianus moelleri;161165;202473;;Glocianus moelleri
173666;Glocianus pilosellus;161165;202474;;Glocianus pilosellus
173667;Glocianus punctiger;161165;202475;;Glocianus punctiger
173668;Gnathoncus communis;161165;202476;;Gnathoncus communis
173669;Gnathoncus rotundatus;161165;202477;;Gnathoncus rotundatus
173670;Gnatocerus cornutus;161165;202478;;Gnatocerus cornutus
173671;Gnorimus variabilis;161165;202479;Veränderlicher Edelscharrkäfer;Veränderlicher Edelscharrkäfer – Gnorimus variabilis
173672;Gonioctena flavicornis;161165;202480;;Gonioctena flavicornis
173673;Gonioctena intermedia;161165;202481;;Gonioctena intermedia
173674;Gonioctena linnaeana;161165;202482;;Gonioctena linnaeana
173675;Gonioctena olivacea;161165;202483;;Gonioctena olivacea
173676;Gonocephalum pygmaeum;161165;202484;;Gonocephalum pygmaeum
173677;Gonodera luperus;161165;202485;;Gonodera luperus
173678;Gracilia minuta;161165;202486;;Gracilia minuta
173679;Grammoptera abdominalis;161165;202487;;Grammoptera abdominalis
173680;Graphoderus austriacus;161165;202488;;Graphoderus austriacus
173681;Graptodytes bilineatus;161165;202489;;Graptodytes bilineatus
173682;Graptodytes concinnus;161165;202490;;Graptodytes concinnus
173683;Graptodytes granularis;161165;202491;;Graptodytes granularis
173684;Grynocharis oblonga;161165;202492;;Grynocharis oblonga
173685;Grypus brunnirostris;161165;202493;;Grypus brunnirostris
173686;Grypus equiseti;161165;202494;;Grypus equiseti
173687;Gymnetron antirrhini;161165;202495;;Gymnetron antirrhini
173688;Gymnetron beccabungae;161165;202496;;Gymnetron beccabungae
173689;Gymnetron hispidum;161165;202497;;Gymnetron hispidum
173690;Gymnetron linariae;161165;202498;;Gymnetron linariae
173691;Gymnetron tetrum;161165;202499;;Gymnetron tetrum
173692;Gymnetron thapsicola;161165;202500;;Gymnetron thapsicola
173693;Gyrinus distinctus;161165;202501;;Gyrinus distinctus
173694;Gyrinus urinator;161165;202502;;Gyrinus urinator
173695;Hadroplontus litura;161165;202503;;Hadroplontus litura
173696;Haliplus furcatus;161165;202504;;Haliplus furcatus
173697;Haliplus laminatus;161165;202505;;Haliplus laminatus
173698;Haliplus lineolatus;161165;202506;;Haliplus lineolatus
173699;Haliplus mucronatus;161165;202507;;Haliplus mucronatus
173700;Haliplus variegatus;161165;202508;;Haliplus variegatus
173701;Haliplus varius;161165;202509;;Haliplus varius
173702;Haliplus wehnckei;161165;202510;;Haliplus wehnckei
173703;Hallomenus axillaris;161165;202511;;Hallomenus axillaris
173704;Hallomenus binotatus;161165;202512;;Hallomenus binotatus
173705;Harmonia axyridis;161165;202513;Asiatischer Marienkäfer;Asiatischer Marienkäfer – Harmonia axyridis
173706;Hedobia pubescens;161165;202514;;Hedobia pubescens
173707;Helochares lividus;161165;202515;;Helochares lividus
173708;Helophorus aquaticus;161165;202516;;Helophorus aquaticus
173709;Helophorus arvernicus;161165;202517;;Helophorus arvernicus
173710;Helophorus nubilus;161165;202518;;Helophorus nubilus
173711;Helophorus paraminutus;161165;202519;;Helophorus paraminutus
173712;Helophorus rufipes;161165;202520;;Helophorus rufipes
173713;Helophorus tuberculatus;161165;202521;;Helophorus tuberculatus
173714;Hemitrichapion lanigerum;161165;202522;;Hemitrichapion lanigerum
173715;Hemitrichapion pavidum;161165;202523;;Hemitrichapion pavidum
173716;Henosepilachna argus;161165;202524;;Henosepilachna argus
173717;Henoticus californicus;161165;202525;;Henoticus californicus
173718;Heptaulacus testudinarius;161165;202526;;Heptaulacus testudinarius
173719;Hermaeophaga cicatrix;161165;202527;;Hermaeophaga cicatrix
173720;Hermaeophaga mercurialis;161165;202528;;Hermaeophaga mercurialis
173721;Heterhelus scutellaris;161165;202529;;Heterhelus scutellaris
173722;Heterhelus solani;161165;202530;;Heterhelus solani
173723;Heterobostrychus brunneus;161165;202531;;Heterobostrychus brunneus
173724;Heterocerus fusculus;161165;202532;;Heterocerus fusculus
173725;Heterocerus intermedius;161165;202533;;Heterocerus intermedius
173726;Heterocerus marginatus;161165;202534;;Heterocerus marginatus
173727;Heterocerus obsoletus;161165;202535;;Heterocerus obsoletus
173728;Heterocerus parallelus;161165;202536;;Heterocerus parallelus
173729;Heterocerus pruinosus;161165;202537;;Heterocerus pruinosus
173730;Heterocerus sericans;161165;202538;;Heterocerus sericans
173731;Hexarthrum capitulum;161165;202539;;Hexarthrum capitulum
173732;Hexarthrum exiguum;161165;202540;;Hexarthrum exiguum
173733;Hippodamia undecimnotata;161165;202541;;Hippodamia undecimnotata
173734;Hippodamia variegata;161165;202542;;Hippodamia variegata
173735;Hippuriphila modeeri;161165;202543;;Hippuriphila modeeri
173736;Hirticomus quadriguttatus;161165;202544;;Hirticomus quadriguttatus
173737;Hispa atra;161165;202545;;Hispa atra
173738;Hister bissexstriatus;161165;202546;;Hister bissexstriatus
173739;Hister illigeri;161165;202547;;Hister illigeri
173740;Hister quadrinotatus;161165;202548;;Hister quadrinotatus
173741;Holoparamecus ragusai;161165;202549;;Holoparamecus ragusai
173742;Holotrichapion aethiops;161165;202550;;Holotrichapion aethiops
173743;Holotrichapion ononis;161165;202551;;Holotrichapion ononis
173744;Holotrichapion pisi;161165;202552;;Holotrichapion pisi
173745;Hoplia argentea;161165;202553;;Hoplia argentea
173746;Hoplia graminicola;161165;202554;;Hoplia graminicola
173747;Hoshihananomia perlata;161165;202555;;Hoshihananomia perlata
173748;Hydaticus transversalis;161165;202556;;Hydaticus transversalis
173749;Hydnobius latifrons;161165;202557;;Hydnobius latifrons
173750;Hydraena assimilis;161165;202558;;Hydraena assimilis
173751;Hydraena emarginata;161165;202559;;Hydraena emarginata
173752;Hydraena intermedia;161165;202560;;Hydraena intermedia
173753;Hydraena minutissima;161165;202561;;Hydraena minutissima
173754;Hydraena nigrita;161165;202562;;Hydraena nigrita
173755;Hydraena pygmaea;161165;202563;;Hydraena pygmaea
173756;Hydraena rufipes;161165;202564;;Hydraena rufipes
173757;Hydraena saga;161165;202565;;Hydraena saga
173758;Hydrochara caraboides;161165;202566;;Hydrochara caraboides
173759;Hydrochus ignicollis;161165;202567;;Hydrochus ignicollis
173760;Hydrochus nitidicollis;161165;202568;;Hydrochus nitidicollis
173761;Hydroglyphus pusillus;161165;202569;;Hydroglyphus pusillus
173762;Hydronomus alismatis;161165;202570;;Hydronomus alismatis
173763;Hydrophilus aterrimus;161165;202571;;Hydrophilus aterrimus
173764;Hydroporus elongatulus;161165;202572;;Hydroporus elongatulus
173765;Hydroporus fuscipennis;161165;202573;;Hydroporus fuscipennis
173766;Hydroporus gyllenhalii;161165;202574;;Hydroporus gyllenhalii
173767;Hydroporus incognitus;161165;202575;;Hydroporus incognitus
173768;Hydroporus kraatzii;161165;202576;;Hydroporus kraatzii
173769;Hydroporus marginatus;161165;202577;;Hydroporus marginatus
173770;Hydroporus morio;161165;202578;;Hydroporus morio
173771;Hydroporus notatus;161165;202579;;Hydroporus notatus
173772;Hydroporus rufifrons;161165;202580;;Hydroporus rufifrons
173773;Hygrotus quinquelineatus;161165;202581;;Hygrotus quinquelineatus
173774;Hylastes angustatus;161165;202582;;Hylastes angustatus
173775;Hylastes brunneus;161165;202583;;Hylastes brunneus
173776;Hylastes linearis;161165;202584;;Hylastes linearis
173777;Hylecoetus dermestoides;161165;202585;;Hylecoetus dermestoides
173778;Hylecoetus flabellicornis;161165;202586;;Hylecoetus flabellicornis
173779;Hylis procerulus;161165;202587;;Hylis procerulus
173780;Hylobius piceus;161165;202588;;Hylobius piceus
173781;Hylobius pinastri;161165;202589;;Hylobius pinastri
173782;Hylotrupes bajulus;161165;202590;;Hylotrupes bajulus
173783;Hylurgus ligniperda;161165;202591;;Hylurgus ligniperda
173784;Hymenalia rufipes;161165;202592;;Hymenalia rufipes
173785;Hypera adspersa;161165;202593;;Hypera adspersa
173786;Hypera arator;161165;202594;;Hypera arator
173787;Hypera arundinis;161165;202595;;Hypera arundinis
173788;Hypera contaminata;161165;202596;;Hypera contaminata
173789;Hypera dauci;161165;202597;;Hypera dauci
173790;Hypera diversipunctata;161165;202598;;Hypera diversipunctata
173791;Hypera fuscocinerea;161165;202599;;Hypera fuscocinerea
173792;Hypera meles;161165;202600;;Hypera meles
173793;Hypera nigrirostris;161165;202601;;Hypera nigrirostris
173794;Hypera plantaginis;161165;202602;;Hypera plantaginis
173795;Hypera postica;161165;202603;;Hypera postica
173796;Hypera rumicis;161165;202604;;Hypera rumicis
173797;Hypera venusta;161165;202605;;Hypera venusta
173798;Hypera zoilus;161165;202606;;Hypera zoilus
173799;Hyperaspis pseudopustulata;161165;202607;;Hyperaspis pseudopustulata
173800;Hypocaccus metallicus;161165;202608;;Hypocaccus metallicus
173801;Hypocaccus rugiceps;161165;202609;;Hypocaccus rugiceps
173802;Hypocaccus specularis;161165;202610;;Hypocaccus specularis
173803;Hypoganus inunctus;161165;202611;;Hypoganus inunctus
173804;Hypulus quercinus;161165;202612;;Hypulus quercinus
173805;Ilybius quadriguttatus;161165;202613;;Ilybius quadriguttatus
173806;Ips typographus;161165;202614;;Ips typographus
173807;Ischnomera caerulea;161165;202615;;Ischnomera caerulea
173808;Ischnomera cinerascens;161165;202616;;Ischnomera cinerascens
173809;Ischnopterapion loti;161165;202617;;Ischnopterapion loti
173810;Ischnopterapion virens;161165;202618;;Ischnopterapion virens
173811;Isochnus foliorum;161165;202619;;Isochnus foliorum
173812;Isochnus populicola;161165;202620;;Isochnus populicola
173813;Isorhipis melasoides;161165;202621;;Isorhipis melasoides
173814;Judolia sexmaculata;161165;202622;;Judolia sexmaculata
173815;Korynetes ruficornis;161165;202623;;Korynetes ruficornis
173816;Labidostomis longimana;161165;202624;;Labidostomis longimana
173817;Labidostomis lucida;161165;202625;;Labidostomis lucida
173818;Laccobius gracilis;161165;202626;;Laccobius gracilis
173819;Laccobius striatulus;161165;202627;;Laccobius striatulus
173820;Laemophloeus monilis;161165;202628;;Laemophloeus monilis
173821;Lamia textor;161165;202629;;Lamia textor
173822;Langelandia anophthalma;161165;202630;;Langelandia anophthalma
173823;Laricobius erichsonii;161165;202631;;Laricobius erichsonii
173824;Larinus planus;161165;202632;;Larinus planus
173825;Larinus sturnus;161165;202633;;Larinus sturnus
173826;Lasioderma serricorne;161165;202634;;Lasioderma serricorne
173827;Lasiorhynchites olivaceus;161165;202635;;Lasiorhynchites olivaceus
173828;Lasiorhynchites sericeus;161165;202636;;Lasiorhynchites sericeus
173829;Latheticus oryzae;161165;202637;;Latheticus oryzae
173830;Lathropus sepicola;161165;202638;;Lathropus sepicola
173831;Latridius minutus;161165;202639;;Latridius minutus
173832;Latridius nidicola;161165;202640;;Latridius nidicola
173833;Leiodes bicolor;161165;202641;;Leiodes bicolor
173834;Leiodes distinguenda;161165;202642;;Leiodes distinguenda
173835;Leiodes dubia;161165;202643;;Leiodes dubia
173836;Leiodes flavescens;161165;202644;;Leiodes flavescens
173837;Leiodes furva;161165;202645;;Leiodes furva
173838;Leiodes gyllenhali;161165;202646;;Leiodes gyllenhali
173839;Leiodes hybrida;161165;202647;;Leiodes hybrida
173840;Leiodes obesa;161165;202648;;Leiodes obesa
173841;Leiodes oblonga;161165;202649;;Leiodes oblonga
173842;Leiodes picea;161165;202650;;Leiodes picea
173843;Leiodes rotundata;161165;202651;;Leiodes rotundata
173844;Leiodes rubiginosa;161165;202652;;Leiodes rubiginosa
173845;Leiodes ruficollis;161165;202653;;Leiodes ruficollis
173846;Leiodes rufipennis;161165;202654;;Leiodes rufipennis
173847;Leiodes silesiaca;161165;202655;;Leiodes silesiaca
173848;Leiodes triepkeii;161165;202656;;Leiodes triepkeii
173849;Leiopus punctulatus;161165;202657;;Leiopus punctulatus
173850;Leiosoma deflexum;161165;202658;;Leiosoma deflexum
173851;Leiosoma oblongulum;161165;202659;;Leiosoma oblongulum
173852;Leperisinus fraxini;161165;202660;;Leperisinus fraxini
173853;Leperisinus orni;161165;202661;;Leperisinus orni
173854;Leptinus testaceus;161165;202662;;Leptinus testaceus
173855;Leptophloeus juniperi;161165;202663;;Leptophloeus juniperi
173856;Leptoplectus spinolae;161165;202664;;Leptoplectus spinolae
173857;Leptura aethiops;161165;202665;;Leptura aethiops
173858;Leptura quadrifasciata;161165;202666;;Leptura quadrifasciata
173859;Lepyrus capucinus;161165;202667;;Lepyrus capucinus
173860;Lepyrus palustris;161165;202668;;Lepyrus palustris
173861;Leucohimatium arundinaceum;161165;202669;;Leucohimatium arundinaceum
173862;Leucosomus pedestris;161165;202670;;Leucosomus pedestris
173863;Lilioceris merdigera;161165;202671;;Lilioceris merdigera
173864;Limnebius atomus;161165;202672;;Limnebius atomus
173865;Limnebius parvulus;161165;202673;;Limnebius parvulus
173866;Limnichus incanus;161165;202674;;Limnichus incanus
173867;Limnichus sericeus;161165;202675;;Limnichus sericeus
173868;Limnius muelleri;161165;202676;;Limnius muelleri
173869;Limnobaris dolorosa;161165;202677;;Limnobaris dolorosa
173870;Limnobaris t-album;161165;202678;;Limnobaris t-album
173871;Limnoxenus niger;161165;202679;;Limnoxenus niger
173872;Limobius borealis;161165;202680;;Limobius borealis
173873;Liotrichus affinis;161165;202681;;Liotrichus affinis
173874;Liparus coronatus;161165;202682;;Liparus coronatus
173875;Liparus germanus;161165;202683;;Liparus germanus
173876;Liparus glabrirostris;161165;202684;;Liparus glabrirostris
173877;Lithocharis ochraceus;161165;202685;;Lithocharis ochraceus
173878;Lixus albomarginatus;161165;202686;;Lixus albomarginatus
173879;Lixus cardui;161165;202687;;Lixus cardui
173880;Lixus cribricollis;161165;202688;;Lixus cribricollis
173881;Lixus myagri;161165;202689;;Lixus myagri
173882;Lixus paraplecticus;161165;202690;;Lixus paraplecticus
173883;Lochmaea crataegi;161165;202691;;Lochmaea crataegi
173884;Longitarsus anchusae;161165;202692;;Longitarsus anchusae
173885;Longitarsus atricillus;161165;202693;;Longitarsus atricillus
173886;Longitarsus brunneus;161165;202694;;Longitarsus brunneus
173887;Longitarsus exoletus;161165;202695;;Longitarsus exoletus
173888;Longitarsus ganglbaueri;161165;202696;;Longitarsus ganglbaueri
173889;Longitarsus jacobaeae;161165;202697;;Longitarsus jacobaeae
173890;Longitarsus longiseta;161165;202698;;Longitarsus longiseta
173891;Longitarsus luridus;161165;202699;;Longitarsus luridus
173892;Longitarsus nasturtii;161165;202700;;Longitarsus nasturtii
173893;Longitarsus niger;161165;202701;;Longitarsus niger
173894;Longitarsus nigerrimus;161165;202702;;Longitarsus nigerrimus
173895;Longitarsus parvulus;161165;202703;;Longitarsus parvulus
173896;Longitarsus pratensis;161165;202704;;Longitarsus pratensis
173897;Longitarsus reichei;161165;202705;;Longitarsus reichei
173898;Longitarsus rubiginosus;161165;202706;;Longitarsus rubiginosus
173899;Longitarsus succineus;161165;202707;;Longitarsus succineus
173900;Longitarsus suturellus;161165;202708;;Longitarsus suturellus
173901;Longitarsus tabidus;161165;202709;;Longitarsus tabidus
173902;Luperus saxonicus;161165;202710;;Luperus saxonicus
173903;Lycoperdina bovistae;161165;202711;;Lycoperdina bovistae
173904;Lycoperdina succincta;161165;202712;;Lycoperdina succincta
173905;Lyctus africanus;161165;202713;;Lyctus africanus
173906;Lyctus brunneus;161165;202714;;Lyctus brunneus
173907;Lyctus cavicollis;161165;202715;;Lyctus cavicollis
173908;Lyctus linearis;161165;202716;;Lyctus linearis
173909;Lyctus planicollis;161165;202717;;Lyctus planicollis
173910;Lyctus pubescens;161165;202718;;Lyctus pubescens
173911;Lytta vesicatoria;161165;202719;;Lytta vesicatoria
173912;Magdalis armigera;161165;202720;;Magdalis armigera
173913;Magdalis caucasica;161165;202721;;Magdalis caucasica
173914;Magdalis duplicata;161165;202722;;Magdalis duplicata
173915;Magdalis frontalis;161165;202723;;Magdalis frontalis
173916;Magdalis fuscicornis;161165;202724;;Magdalis fuscicornis
173917;Magdalis memnonia;161165;202725;;Magdalis memnonia
173918;Magdalis nitida;161165;202726;;Magdalis nitida
173919;Magdalis ruficornis;161165;202727;;Magdalis ruficornis
173920;Magdalis violacea;161165;202728;;Magdalis violacea
173921;Malachius aeneus;161165;202729;;Malachius aeneus
173922;Maladera holosericea;161165;202730;;Maladera holosericea
173923;Malthinus biguttatus;161165;202731;;Malthinus biguttatus
173924;Malthinus fasciatus;161165;202732;;Malthinus fasciatus
173925;Malthodes brevicollis;161165;202733;;Malthodes brevicollis
173926;Malthodes caudatus;161165;202734;;Malthodes caudatus
173927;Malthodes dispar;161165;202735;;Malthodes dispar
173928;Malthodes fibulatus;161165;202736;;Malthodes fibulatus
173929;Malthodes maurus;161165;202737;;Malthodes maurus
173930;Malthodes minimus;161165;202738;;Malthodes minimus
173931;Malthodes montanus;161165;202739;;Malthodes montanus
173932;Malthodes spathifer;161165;202740;;Malthodes spathifer
173933;Malthodes transeuropaeus;161165;202741;;Malthodes transeuropaeus
173934;Mantura ambigua;161165;202742;;Mantura ambigua
173935;Mantura chrysanthemi;161165;202743;;Mantura chrysanthemi
173936;Mantura rustica;161165;202744;;Mantura rustica
173937;Margarinotus bipustulatus;161165;202745;;Margarinotus bipustulatus
173938;Margarinotus carbonarius;161165;202746;;Margarinotus carbonarius
173939;Margarinotus marginatus;161165;202747;;Margarinotus marginatus
173940;Margarinotus obscurus;161165;202748;;Margarinotus obscurus
173941;Margarinotus punctiventer;161165;202749;;Margarinotus punctiventer
173942;Margarinotus ruficornis;161165;202750;;Margarinotus ruficornis
173943;Margarinotus terricola;161165;202751;;Margarinotus terricola
173944;Marmaropus besseri;161165;202752;;Marmaropus besseri
173945;Mecaspis alternans;161165;202753;;Mecaspis alternans
173946;Mecaspis caesus;161165;202754;;Mecaspis caesus
173947;Mecinus heydeni;161165;202755;;Mecinus heydeni
173948;Mecinus janthinus;161165;202756;;Mecinus janthinus
173949;Melanapion minimum;161165;202757;;Melanapion minimum
173950;Melandrya caraboides;161165;202758;;Melandrya caraboides
173951;Melanophila acuminata;161165;202759;;Melanophila acuminata
173952;Melanophthalma curticollis;161165;202760;;Melanophthalma curticollis
173953;Meligethes atratus;161165;202761;;Meligethes atratus
173954;Meligethes brunnicornis;161165;202762;;Meligethes brunnicornis
173955;Meligethes carinulatus;161165;202763;;Meligethes carinulatus
173956;Meligethes coracinus;161165;202764;;Meligethes coracinus
173957;Meligethes czwalinai;161165;202765;;Meligethes czwalinai
173958;Meligethes difficilis;161165;202766;;Meligethes difficilis
173959;Meligethes distinctus;161165;202767;;Meligethes distinctus
173960;Meligethes exilis;161165;202768;;Meligethes exilis
173961;Meligethes flavimanus;161165;202769;;Meligethes flavimanus
173962;Meligethes haemorrhoidalis;161165;202770;;Meligethes haemorrhoidalis
173963;Meligethes incanus;161165;202771;;Meligethes incanus
173964;Meligethes lugubris;161165;202772;;Meligethes lugubris
173965;Meligethes maurus;161165;202773;;Meligethes maurus
173966;Meligethes obscurus;161165;202774;;Meligethes obscurus
173967;Meligethes persicus;161165;202775;;Meligethes persicus
173968;Meligethes planiusculus;161165;202776;;Meligethes planiusculus
173969;Meligethes rosenhaueri;161165;202777;;Meligethes rosenhaueri
173970;Meligethes ruficornis;161165;202778;;Meligethes ruficornis
173971;Meligethes solidus;161165;202779;;Meligethes solidus
173972;Meligethes symphyti;161165;202780;;Meligethes symphyti
173973;Meloe autumnalis;161165;202781;;Meloe autumnalis
173974;Meloe brevicollis;161165;202782;;Meloe brevicollis
173975;Meloe proscarabaeus;161165;202783;;Meloe proscarabaeus
173976;Meloe scabriusculus;161165;202784;;Meloe scabriusculus
173977;Meloe variegatus;161165;202785;;Meloe variegatus
173978;Meloe violaceus;161165;202786;;Meloe violaceus
173979;Melolontha hippocastani;161165;202787;;Melolontha hippocastani
173980;Mesosa curculionoides;161165;202788;;Mesosa curculionoides
173981;Mesosa nebulosa;161165;202789;;Mesosa nebulosa
173982;Mesotrichapion punctirostre;161165;202790;;Mesotrichapion punctirostre
173983;Metacantharis clypeata;161165;202791;;Metacantharis clypeata
173984;Mezium affine;161165;202792;;Mezium affine
173985;Mezium sulcatum;161165;202793;;Mezium sulcatum
173986;Miarus ajugae;161165;202794;;Miarus ajugae
173987;Miarus campanulae;161165;202795;;Miarus campanulae
173988;Miarus dulcinasutus;161165;202796;;Miarus dulcinasutus
173989;Miarus graminis;161165;202797;;Miarus graminis
173990;Miarus micros;161165;202798;;Miarus micros
173991;Miarus plantarum;161165;202799;;Miarus plantarum
173992;Micrambe abietis;161165;202800;;Micrambe abietis
173993;Micrambe villosus;161165;202801;;Micrambe villosus
173994;Micrambe vini;161165;202802;;Micrambe vini
173995;Micridium halidaii;161165;202803;;Micridium halidaii
173996;Microon sahlbergi;161165;202804;;Microon sahlbergi
173997;Microplontus campestris;161165;202805;;Microplontus campestris
173998;Microplontus rugulosus;161165;202806;;Microplontus rugulosus
173999;Migneauxia orientalis;161165;202807;;Migneauxia orientalis
174000;Minyops carinatus;161165;202808;;Minyops carinatus
174001;Mniophila muscorum;161165;202809;;Mniophila muscorum
174002;Mogulones abbreviatulus;161165;202810;;Mogulones abbreviatulus
174003;Mogulones albosignatus;161165;202811;;Mogulones albosignatus
174004;Mogulones borraginis;161165;202812;;Mogulones borraginis
174005;Mogulones cruciger;161165;202813;;Mogulones cruciger
174006;Mogulones euphorbiae;161165;202814;;Mogulones euphorbiae
174007;Mogulones geographicus;161165;202815;;Mogulones geographicus
174008;Mogulones javeti;161165;202816;;Mogulones javeti
174009;Mogulones larvatus;161165;202817;;Mogulones larvatus
174010;Mogulones ornatus;161165;202818;;Mogulones ornatus
174011;Mogulones raphani;161165;202819;;Mogulones raphani
174012;Molorchus minor;161165;202820;;Molorchus minor
174013;Monochamus galloprovincialis;161165;202821;;Monochamus galloprovincialis
174014;Monochamus sartor;161165;202822;;Monochamus sartor
174015;Monochamus sutor;161165;202823;;Monochamus sutor
174016;Monotoma bicolor;161165;202824;;Monotoma bicolor
174017;Mordella brachyura;161165;202825;;Mordella brachyura
174018;Mordellistena acuticollis;161165;202826;;Mordellistena acuticollis
174019;Mordellistena bicoloripilosa;161165;202827;;Mordellistena bicoloripilosa
174020;Mordellistena brevicauda;161165;202828;;Mordellistena brevicauda
174021;Mordellistena falsoparvuliformis;161165;202829;;Mordellistena falsoparvuliformis
174022;Mordellistena humeralis;161165;202830;;Mordellistena humeralis
174023;Mordellistena micantoides;161165;202831;;Mordellistena micantoides
174024;Mordellistena nanula;161165;202832;;Mordellistena nanula
174025;Mordellistena pseudonana;161165;202833;;Mordellistena pseudonana
174026;Mordellistena pseudoparvula;161165;202834;;Mordellistena pseudoparvula
174027;Mordellistena pumila;161165;202835;;Mordellistena pumila
174028;Mordellistena secreta;161165;202836;;Mordellistena secreta
174029;Mordellistena stenidea;161165;202837;;Mordellistena stenidea
174030;Mordellistena variegata;161165;202838;;Mordellistena variegata
174031;Mordellistenula perrisi;161165;202839;;Mordellistenula perrisi
174032;Mordellochroa abdominalis;161165;202840;;Mordellochroa abdominalis
174033;Morychus aeneus;161165;202841;;Morychus aeneus
174034;Mosotalesus impressus;161165;202842;;Mosotalesus impressus
174035;Mycetaea subterranea;161165;202843;;Mycetaea subterranea
174036;Mycetochara flavipes;161165;202844;;Mycetochara flavipes
174037;Mycetochara humeralis;161165;202845;;Mycetochara humeralis
174038;Mycetophagus atomarius;161165;202846;;Mycetophagus atomarius
174039;Mycetophagus decempunctatus;161165;202847;;Mycetophagus decempunctatus
174040;Myllaena brevicornis;159617;202848;;Myllaena brevicornis
174041;Myrmechixenus subterraneus;161165;202849;;Myrmechixenus subterraneus
174042;Nacerdes carniolica;161165;202850;;Nacerdes carniolica
174043;Nacerdes melanura;161165;202851;;Nacerdes melanura
174044;Nalassus dermestoides;161165;202852;;Nalassus dermestoides
174045;Nanomimus circumscriptus;161165;202853;;Nanomimus circumscriptus
174046;Nargus wilkinii;161165;202854;;Nargus wilkinii
174047;Nausibius clavicornis;161165;202855;;Nausibius clavicornis
174048;Necrobia ruficollis;161165;202856;;Necrobia ruficollis
174049;Nemonyx lepturoides;161165;202857;;Nemonyx lepturoides
174050;Neogalerucella calmariensis;161165;202858;;Neogalerucella calmariensis
174051;Neogalerucella lineola;161165;202859;;Neogalerucella lineola
174052;Neogalerucella tenella;161165;202860;;Neogalerucella tenella
174053;Neoglocianus maculaalba;161165;202861;;Neoglocianus maculaalba
174054;Neophaedon pyritosus;161165;202862;;Neophaedon pyritosus
174055;Neophytobius granatus;161165;202863;;Neophytobius granatus
174056;Neuraphes parallelus;161165;202864;;Neuraphes parallelus
174057;Niptus hololeucus;161165;202865;;Niptus hololeucus
174058;Nitidula bipunctata;161165;202866;;Nitidula bipunctata
174059;Nitidula carnaria;161165;202867;;Nitidula carnaria
174060;Nitidula rufipes;161165;202868;;Nitidula rufipes
174061;Notaris bimaculatus;161165;202869;;Notaris bimaculatus
174062;Nothodes parvulus;161165;202870;;Nothodes parvulus
174063;Notolaemus unifasciatus;161165;202871;;Notolaemus unifasciatus
174064;Notoxus brachycerus;161165;202872;;Notoxus brachycerus
174065;Notoxus trifasciatus;161165;202873;;Notoxus trifasciatus
174066;Oberea erythrocephala;161165;202874;;Oberea erythrocephala
174067;Obrium brunneum;161165;202875;;Obrium brunneum
174068;Ochodaeus chrysomeloides;161165;202876;;Ochodaeus chrysomeloides
174069;Ochthebius flavipes;161165;202877;;Ochthebius flavipes
174070;Ochthebius minimus;161165;202878;;Ochthebius minimus
174071;Ochthebius narentinus;161165;202879;;Ochthebius narentinus
174072;Ochthebius pusillus;161165;202880;;Ochthebius pusillus
174073;Odonteus armiger;161165;202881;;Odonteus armiger
174074;Oedemera flavipes;161165;202882;;Oedemera flavipes
174075;Oedemera nobilis;161165;202883;;Oedemera nobilis
174076;Oedemera podagrariae;161165;202884;;Oedemera podagrariae
174077;Oiceoptoma thoracica;161165;202885;;Oiceoptoma thoracica
174078;Olibrus affinis;161165;202886;;Olibrus affinis
174079;Olibrus bicolor;161165;202887;;Olibrus bicolor
174080;Olibrus corticalis;161165;202888;;Olibrus corticalis
174081;Olibrus millefolii;161165;202889;;Olibrus millefolii
174082;Olibrus norvegicus;161165;202890;;Olibrus norvegicus
174083;Oligomerus ptilinoides;161165;202891;;Oligomerus ptilinoides
174084;Omiamima mollina;161165;202892;;Omiamima mollina
174085;Omonadus bifasciatus;161165;202893;;Omonadus bifasciatus
174086;Omonadus formicarius;161165;202894;;Omonadus formicarius
174087;Omosita colon;161165;202895;;Omosita colon
174088;Omosita depressa;161165;202896;;Omosita depressa
174089;Omphalapion dispar;161165;202897;;Omphalapion dispar
174090;Omphalapion hookerorum;161165;202898;;Omphalapion hookerorum
174091;Onthophagus fracticornis;161165;202899;;Onthophagus fracticornis
174092;Onthophagus lemur;161165;202900;;Onthophagus lemur
174093;Onthophagus ovatus;161165;202901;;Onthophagus ovatus
174094;Onthophagus semicornis;161165;202902;;Onthophagus semicornis
174095;Onthophagus vacca;161165;202903;;Onthophagus vacca
174096;Onthophilus punctatus;161165;202904;;Onthophilus punctatus
174097;Onthophilus striatus;161165;202905;;Onthophilus striatus
174098;Ootypus globosus;161165;202906;;Ootypus globosus
174099;Opatrum sabulosum;161165;202907;;Opatrum sabulosum
174100;Opilo domesticus;161165;202908;;Opilo domesticus
174101;Opilo mollis;161165;202909;;Opilo mollis
174102;Oprohinus suturalis;161165;202910;;Oprohinus suturalis
174103;Orchesia luteipalpis;161165;202911;;Orchesia luteipalpis
174104;Orchesia undulata;161165;202912;;Orchesia undulata
174105;Oreina cacaliae;161165;202913;;Oreina cacaliae
174106;Oreodytes septentrionalis;161165;202914;;Oreodytes septentrionalis
174107;Orithales serraticornis;161165;202915;;Orithales serraticornis
174108;Orphilus niger;161165;202916;;Orphilus niger
174109;Orsodacne cerasi;161165;202917;;Orsodacne cerasi
174110;Orthocerus clavicornis;161165;202918;;Orthocerus clavicornis
174111;Orthocis coluber;161165;202919;;Orthocis coluber
174112;Orthocis festivus;161165;202920;;Orthocis festivus
174113;Orthocis lucasi;161165;202921;;Orthocis lucasi
174114;Orthoperus atomarius;161165;202922;;Orthoperus atomarius
174115;Orthoperus brunnipes;161165;202923;;Orthoperus brunnipes
174116;Orthoperus punctulatus;161165;202924;;Orthoperus punctulatus
174118;Oryzaephilus mercator;161165;202926;;Oryzaephilus mercator
174119;Oryzaephilus surinamensis;161165;202927;;Oryzaephilus surinamensis
174120;Otiorhynchus armadillo;161165;202928;;Otiorhynchus armadillo
174121;Otiorhynchus atroapterus;161165;202929;;Otiorhynchus atroapterus
174122;Otiorhynchus gemmatus;161165;202930;;Otiorhynchus gemmatus
174123;Otiorhynchus laevigatus;161165;202931;;Otiorhynchus laevigatus
174124;Otiorhynchus lepidopterus;161165;202932;;Otiorhynchus lepidopterus
174125;Otiorhynchus ligustici;161165;202933;;Otiorhynchus ligustici
174126;Otiorhynchus morio;161165;202934;;Otiorhynchus morio
174127;Otiorhynchus niger;161165;202935;;Otiorhynchus niger
174128;Otiorhynchus nodosus;161165;202936;;Otiorhynchus nodosus
174129;Otiorhynchus pinastri;161165;202937;;Otiorhynchus pinastri
174130;Otiorhynchus porcatus;161165;202938;;Otiorhynchus porcatus
174131;Otiorhynchus singularis;161165;202939;;Otiorhynchus singularis
174132;Oulema erichsonii;161165;202940;;Oulema erichsonii
174133;Oulema rufocyanea;161165;202941;;Oulema rufocyanea
174134;Oulema septentrionis;161165;202942;;Oulema septentrionis
174135;Oulema tristis;161165;202943;;Oulema tristis
174136;Oulimnius rivularis;161165;202944;;Oulimnius rivularis
174137;Oxylaemus cylindricus;161165;202945;;Oxylaemus cylindricus
174138;Oxylaemus variolosus;161165;202946;;Oxylaemus variolosus
174139;Oxystoma craccae;161165;202947;;Oxystoma craccae
174140;Oxystoma ochropus;161165;202948;;Oxystoma ochropus
174141;Oxystoma opeticum;161165;202949;;Oxystoma opeticum
174142;Oxystoma subulatum;161165;202950;;Oxystoma subulatum
174143;Pachybrachis fimbriolatus;161165;202951;;Pachybrachis fimbriolatus
174144;Pachybrachis hieroglyphicus;161165;202952;;Pachybrachis hieroglyphicus
174145;Pachybrachis pallidulus;161165;202953;;Pachybrachis pallidulus
174146;Pachyta quadrimaculata;161165;202954;;Pachyta quadrimaculata
174147;Palorus ratzeburgii;161165;202955;;Palorus ratzeburgii
174148;Palorus subdepressus;161165;202956;;Palorus subdepressus
174149;Paracardiophorus musculus;161165;202957;;Paracardiophorus musculus
174150;Paracymus scutellaris;161165;202958;;Paracymus scutellaris
174151;Paramecosoma melanocephalum;161165;202959;;Paramecosoma melanocephalum
174152;Pedinus femoralis;161165;202960;;Pedinus femoralis
174153;Pedostrangalia pubescens;161165;202961;;Pedostrangalia pubescens
174154;Pelenomus quadricorniger;161165;202962;;Pelenomus quadricorniger
174155;Pelenomus velaris;161165;202963;;Pelenomus velaris
174156;Pelochares versicolor;161165;202964;;Pelochares versicolor
174157;Peltodytes caesus;161165;202965;;Peltodytes caesus
174158;Pentaphyllus chrysomeloides;161165;202966;;Pentaphyllus chrysomeloides
174159;Pentaria badia;161165;202967;;Pentaria badia
174160;Perapion affine;161165;202968;;Perapion affine
174161;Peritelus leucogrammus;161165;202969;;Peritelus leucogrammus
174162;Peritelus sphaeroides;161165;202970;;Peritelus sphaeroides
174163;Phaedon laevigatus;161165;202971;;Phaedon laevigatus
174164;Phalacrus coruscus;161165;202972;;Phalacrus coruscus
174165;Phalacrus grossus;161165;202973;;Phalacrus grossus
174166;Phloeophagus lignarius;161165;202974;;Phloeophagus lignarius
174167;Phloeostichus denticollis;161165;202975;;Phloeostichus denticollis
174168;Phloiophilus edwardsii;161165;202976;;Phloiophilus edwardsii
174169;Phloiotrya rufipes;161165;202977;;Phloiotrya rufipes
174170;Phosphaenus hemipterus;161165;202978;;Phosphaenus hemipterus
174171;Phratora atrovirens;161165;202979;;Phratora atrovirens
174172;Phratora tibialis;161165;202980;;Phratora tibialis
174173;Phrydiuchus topiarius;161165;202981;;Phrydiuchus topiarius
174174;Phylan gibbus;161165;202982;;Phylan gibbus
174175;Phyllobius betulinus;161165;202983;;Phyllobius betulinus
174176;Phyllobius brevis;161165;202984;;Phyllobius brevis
174177;Phyllobius incanus;161165;202985;;Phyllobius incanus
174178;Phyllobius oblongus;161165;202986;;Phyllobius oblongus
174179;Phyllobius roboretanus;161165;202987;;Phyllobius roboretanus
174180;Phyllobius virideaeris;161165;202988;;Phyllobius virideaeris
174181;Phyllobius viridicollis;161165;202989;;Phyllobius viridicollis
174182;Phyllotreta astrachanica;161165;202990;;Phyllotreta astrachanica
174183;Phyllotreta atra;161165;202991;;Phyllotreta atra
174184;Phyllotreta cruciferae;161165;202992;;Phyllotreta cruciferae
174185;Phyllotreta exclamationis;161165;202993;;Phyllotreta exclamationis
174186;Phyllotreta nemorum;161165;202994;;Phyllotreta nemorum
174187;Phyllotreta nigripes;161165;202995;;Phyllotreta nigripes
174188;Phyllotreta ochripes;161165;202996;;Phyllotreta ochripes
174189;Phyllotreta striolata;161165;202997;;Phyllotreta striolata
174190;Phyllotreta tetrastigma;161165;202998;;Phyllotreta tetrastigma
174191;Phyllotreta undulata;161165;202999;;Phyllotreta undulata
174192;Phymatodes pusillus;161165;203000;;Phymatodes pusillus
174193;Phytoecia coerulescens;161165;203001;;Phytoecia coerulescens
174194;Phytoecia cylindrica;161165;203002;;Phytoecia cylindrica
174195;Phytoecia nigricornis;161165;203003;;Phytoecia nigricornis
174196;Phytoecia pustulata;161165;203004;;Phytoecia pustulata
174197;Pirapion immune;161165;203005;;Pirapion immune
174198;Pissodes castaneus;161165;203006;;Pissodes castaneus
174199;Pissodes gyllenhalii;161165;203007;;Pissodes gyllenhalii
174200;Pissodes piceae;161165;203008;;Pissodes piceae
174201;Pissodes pini;161165;203009;;Pissodes pini
174202;Pissodes validirostris;161165;203010;;Pissodes validirostris
174203;Pityogenes quadridens;161165;203011;;Pityogenes quadridens
174204;Pityogenes trepanatus;161165;203012;;Pityogenes trepanatus
174205;Pityokteines curvidens;161165;203013;;Pityokteines curvidens
174206;Plagionotus arcuatus;161165;203014;;Plagionotus arcuatus
174207;Plagionotus floralis;161165;203015;;Plagionotus floralis
174208;Plateumaris braccata;161165;203016;;Plateumaris braccata
174210;Platydema dejeanii;161165;203018;;Platydema dejeanii
174211;Platylomalus complanatus;161165;203019;;Platylomalus complanatus
174212;Platysoma angustatum;161165;203020;;Platysoma angustatum
174213;Platysoma deplanatum;161165;203021;;Platysoma deplanatum
174214;Platysoma elongatum;161165;203022;;Platysoma elongatum
174215;Platysoma lineare;161165;203023;;Platysoma lineare
174216;Plectophloeus erichsoni;161165;203024;;Plectophloeus erichsoni
174217;Plectophloeus nubigena;161165;203025;;Plectophloeus nubigena
174218;Plectophloeus rhenanus;161165;203026;;Plectophloeus rhenanus
174219;Plegaderus saucius;161165;203027;;Plegaderus saucius
174220;Pleurophorus caesus;161165;203028;;Pleurophorus caesus
174221;Pocadius adustus;161165;203029;;Pocadius adustus
174222;Podabrus alpinus;161165;203030;;Podabrus alpinus
174223;Podagrica fuscicornis;161165;203031;;Podagrica fuscicornis
174224;Pogonocherus fasciculatus;161165;203032;;Pogonocherus fasciculatus
174225;Polydrusus confluens;161165;203033;;Polydrusus confluens
174226;Polydrusus flavipes;161165;203034;;Polydrusus flavipes
174227;Polydrusus impar;161165;203035;;Polydrusus impar
174228;Polydrusus marginatus;161165;203036;;Polydrusus marginatus
174229;Polydrusus mollis;161165;203037;;Polydrusus mollis
174230;Polydrusus pallidus;161165;203038;;Polydrusus pallidus
174231;Polydrusus picus;161165;203039;;Polydrusus picus
174232;Polydrusus pterygomalis;161165;203040;;Polydrusus pterygomalis
174233;Polydrusus ruficornis;161165;203041;;Polydrusus ruficornis
174234;Polydrusus undatus;161165;203042;;Polydrusus undatus
174235;Polygraphus grandiclava;161165;203043;;Polygraphus grandiclava
174236;Polygraphus poligraphus;161165;203044;;Polygraphus poligraphus
174237;Polyphylla fullo;161165;203045;;Polyphylla fullo
174238;Pomatinus substriatus;161165;203046;;Pomatinus substriatus
174239;Porthmidius austriacus;161165;203047;;Porthmidius austriacus
174240;Potamophilus acuminatus;161165;203048;;Potamophilus acuminatus
174241;Prasocuris glabra;161165;203049;;Prasocuris glabra
174242;Prasocuris marginella;161165;203050;;Prasocuris marginella
174243;Prasocuris phellandrii;161165;203051;;Prasocuris phellandrii
174244;Pria dulcamarae;161165;203052;;Pria dulcamarae
174245;Prionychus melanarius;161165;203053;;Prionychus melanarius
174246;Procas armillatus;161165;203054;;Procas armillatus
174247;Protaetia affinis;161165;203055;;Protaetia affinis
174248;Protaetia cuprea;161165;203056;;Protaetia cuprea
174249;Protaetia fieberi;161165;203057;;Protaetia fieberi
174250;Protapion apricans;161165;203058;;Protapion apricans
174251;Protapion assimile;161165;203059;;Protapion assimile
174252;Protapion filirostre;161165;203060;;Protapion filirostre
174253;Protapion nigritarse;161165;203061;;Protapion nigritarse
174254;Protapion ononidis;161165;203062;;Protapion ononidis
174255;Protapion ruficrus;161165;203063;;Protapion ruficrus
174256;Protapion trifolii;161165;203064;;Protapion trifolii
174257;Protapion varipes;161165;203065;;Protapion varipes
174258;Protopirapion atratulum;161165;203066;;Protopirapion atratulum
174259;Pselactus spadix;161165;203067;;Pselactus spadix
174260;Pselaphorhynchites tomentosus;161165;203068;;Pselaphorhynchites tomentosus
174261;Pselaphus heisei;161165;203069;;Pselaphus heisei
174262;Pseudeuglenes pentatomus;161165;203070;;Pseudeuglenes pentatomus
174263;Pseudeurostus hilleri;161165;203071;;Pseudeurostus hilleri
174264;Pseudocleonus cinereus;161165;203072;;Pseudocleonus cinereus
174265;Pseudoperapion brevirostre;161165;203073;;Pseudoperapion brevirostre
174266;Pseudoprotapion elegantulum;161165;203074;;Pseudoprotapion elegantulum
174267;Pseudostenapion simum;161165;203075;;Pseudostenapion simum
174268;Pseudostyphlus pillumus;161165;203076;;Pseudostyphlus pillumus
174269;Pseudovadonia livida;161165;203077;;Pseudovadonia livida
174270;Psylliodes attenuatus;161165;203078;;Psylliodes attenuatus
174271;Psylliodes chalcomerus;161165;203079;;Psylliodes chalcomerus
174272;Psylliodes cucullatus;161165;203080;;Psylliodes cucullatus
174273;Psylliodes hyoscyami;161165;203081;;Psylliodes hyoscyami
174274;Psylliodes laticollis;161165;203082;;Psylliodes laticollis
174275;Psylliodes napi;161165;203083;;Psylliodes napi
174276;Psylliodes picinus;161165;203084;;Psylliodes picinus
174277;Psylliodes reitteri;161165;203085;;Psylliodes reitteri
174278;Psylliodes sophiae;161165;203086;;Psylliodes sophiae
174279;Psyllobora vigintiduopunctata;161165;203087;;Psyllobora vigintiduopunctata
174280;Pteleobius kraatzi;161165;203088;;Pteleobius kraatzi
174281;Ptenidium pusillum;161165;203089;;Ptenidium pusillum
174282;Ptenidium turgidum;161165;203090;;Ptenidium turgidum
174283;Pteryngium crenatum;161165;203091;;Pteryngium crenatum
174284;Pteryx suturalis;161165;203092;;Pteryx suturalis
174285;Ptilinus fuscus;161165;203093;;Ptilinus fuscus
174286;Ptiliola kunzei;161165;203094;;Ptiliola kunzei
174287;Ptiliolum marginatum;161165;203095;;Ptiliolum marginatum
174288;Ptiliolum schwarzi;161165;203096;;Ptiliolum schwarzi
174289;Ptiliolum spencei;161165;203097;;Ptiliolum spencei
174290;Ptilium horioni;161165;203098;;Ptilium horioni
174291;Ptilium myrmecophilum;161165;203099;;Ptilium myrmecophilum
174292;Ptilodactyla luteipes;161165;203100;;Ptilodactyla luteipes
174293;Ptinella aptera;161165;203101;;Ptinella aptera
174294;Ptinella denticollis;161165;203102;;Ptinella denticollis
174295;Ptinella errabunda;161165;203103;;Ptinella errabunda
174296;Ptinella tenella;161165;203104;;Ptinella tenella
174297;Ptinus bicinctus;161165;203105;;Ptinus bicinctus
174298;Ptinus coarcticollis;161165;203106;;Ptinus coarcticollis
174299;Ptinus lichenum;161165;203107;;Ptinus lichenum
174300;Ptinus moorei;161165;203108;;Ptinus moorei
174301;Ptinus spitzyi;161165;203109;;Ptinus spitzyi
174302;Ptinus tectus;161165;203110;;Ptinus tectus
174303;Ptinus variegatus;161165;203111;;Ptinus variegatus
174304;Ptinus villiger;161165;203112;;Ptinus villiger
174305;Ptomaphagus subvillosus;161165;203113;;Ptomaphagus subvillosus
174306;Ptosima flavoguttata;161165;203114;;Ptosima flavoguttata
174307;Purpuricenus kaehleri;161165;203115;;Purpuricenus kaehleri
174309;Pyrrhidium sanguineum;161165;203117;;Pyrrhidium sanguineum
174310;Quasimus minutissimus;161165;203118;;Quasimus minutissimus
174311;Ranunculiphilus obsoletus;161165;203119;;Ranunculiphilus obsoletus
174312;Reesa vespulae;161165;203120;;Reesa vespulae
174313;Reichenbachia juncorum;161165;203121;;Reichenbachia juncorum
174314;Rhagium sycophanta;161165;203122;;Rhagium sycophanta
174315;Rhagonycha atra;161165;203123;;Rhagonycha atra
174316;Rhagonycha elongata;161165;203124;;Rhagonycha elongata
174317;Rhagonycha nigriceps;161165;203125;;Rhagonycha nigriceps
174318;Rhagonycha nigripes;161165;203126;;Rhagonycha nigripes
174319;Rhagonycha translucida;161165;203127;;Rhagonycha translucida
174320;Rhamnusium bicolor;161165;203128;;Rhamnusium bicolor
174321;Rhamphus oxyacanthae;161165;203129;;Rhamphus oxyacanthae
174322;Rhamphus subaeneus;161165;203130;;Rhamphus subaeneus
174323;Rhantus consputus;161165;203131;;Rhantus consputus
174324;Rhantus exsoletus;161165;203132;;Rhantus exsoletus
174325;Rhantus latitans;161165;203133;;Rhantus latitans
174326;Rhantus notaticollis;161165;203134;;Rhantus notaticollis
174327;Rhinomias forticornis;161165;203135;;Rhinomias forticornis
174328;Rhinoncus bosnicus;161165;203136;;Rhinoncus bosnicus
174329;Rhizophagus parallelocollis;161165;203137;;Rhizophagus parallelocollis
174330;Rhizophagus perforatus;161165;203138;;Rhizophagus perforatus
174331;Rhizotrogus aestivus;161165;203139;;Rhizotrogus aestivus
174332;Rhizotrogus marginipes;161165;203140;;Rhizotrogus marginipes
174333;Rhopalapion longirostre;161165;203141;;Rhopalapion longirostre
174334;Rhopalocerus rondanii;161165;203142;;Rhopalocerus rondanii
174335;Rhynchaenus alni;161165;203143;;Rhynchaenus alni
174336;Rhynchaenus erythropus;161165;203144;;Rhynchaenus erythropus
174337;Rhynchaenus lonicerae;161165;203145;;Rhynchaenus lonicerae
174338;Rhynchites caeruleus;161165;203146;;Rhynchites caeruleus
174339;Rhynchites pubescens;161165;203147;;Rhynchites pubescens
174340;Rhyncolus ater;161165;203148;;Rhyncolus ater
174341;Rhyzopertha dominica;161165;203149;;Rhyzopertha dominica
174342;Ropalodontus perforatus;161165;203150;;Ropalodontus perforatus
174343;Ropalopus clavipes;161165;203151;;Ropalopus clavipes
174344;Ropalopus femoratus;161165;203152;;Ropalopus femoratus
174345;Ropalopus ungaricus;161165;203153;;Ropalopus ungaricus
174346;Rosalia alpina;161165;203154;;Rosalia alpina
174347;Rutidosoma fallax;161165;203155;;Rutidosoma fallax
174348;Rybaxis longicornis;161165;203156;;Rybaxis longicornis
174349;Salpingus planirostris;161165;203157;;Salpingus planirostris
174350;Salpingus ruficollis;161165;203158;;Salpingus ruficollis
174351;Saperda carcharias;161165;203159;;Saperda carcharias
174352;Saperda populnea;161165;203160;;Saperda populnea
174353;Saperda similis;161165;203161;;Saperda similis
174354;Saprinus immundus;161165;203162;;Saprinus immundus
174355;Saprinus planiusculus;161165;203163;;Saprinus planiusculus
174356;Saprinus politus;161165;203164;;Saprinus politus
174357;Saprinus rugifer;161165;203165;;Saprinus rugifer
174358;Saprinus subnitescens;161165;203166;;Saprinus subnitescens
174359;Saprinus virescens;161165;203167;;Saprinus virescens
174360;Scarodytes halensis;161165;203168;;Scarodytes halensis
174361;Schizotus pectinicornis;161165;203169;;Schizotus pectinicornis
174362;Sciaphilus asperatus;161165;203170;;Sciaphilus asperatus
174363;Scirtes orbicularis;161165;203171;;Scirtes orbicularis
174364;Sclerophaedon carniolicus;161165;203172;;Sclerophaedon carniolicus
174365;Scolytus laevis;161165;203173;;Scolytus laevis
174366;Scolytus mali;161165;203174;;Scolytus mali
174367;Scolytus ratzeburgi;161165;203175;;Scolytus ratzeburgi
174368;Scolytus scolytus;161165;203176;;Scolytus scolytus
174369;Scydmaenus hellwigii;161165;203177;;Scydmaenus hellwigii
174370;Scydmaenus tarsatus;161165;203178;;Scydmaenus tarsatus
174371;Scymnus ater;161165;203179;;Scymnus ater
174372;Scymnus ferrugatus;161165;203180;;Scymnus ferrugatus
174373;Scymnus frontalis;161165;203181;;Scymnus frontalis
174374;Scymnus haemorrhoidalis;161165;203182;;Scymnus haemorrhoidalis
174375;Scymnus rubromaculatus;161165;203183;;Scymnus rubromaculatus
174376;Scymnus suturalis;161165;203184;;Scymnus suturalis
174377;Scythropus mustela;161165;203185;;Scythropus mustela
174378;Selatosomus aeneus;161165;203186;;Selatosomus aeneus
174379;Selatosomus cruciatus;161165;203187;;Selatosomus cruciatus
174380;Selatosomus latus;161165;203188;;Selatosomus latus
174381;Semanotus undatus;161165;203189;;Semanotus undatus
174382;Sericoderus lateralis;161165;203190;;Sericoderus lateralis
174383;Sibinia arenariae;161165;203191;;Sibinia arenariae
174384;Sibinia pellucens;161165;203192;;Sibinia pellucens
174385;Sibinia variata;161165;203193;;Sibinia variata
174386;Sibinia viscariae;161165;203194;;Sibinia viscariae
174387;Sibinia vittata;161165;203195;;Sibinia vittata
174388;Silpha carinata;161165;203196;;Silpha carinata
174389;Silpha tyrolensis;161165;203197;;Silpha tyrolensis
174390;Silvanus unidentatus;161165;203198;;Silvanus unidentatus
174391;Simo hirticornis;161165;203199;;Simo hirticornis
174392;Simo variegatus;161165;203200;;Simo variegatus
174393;Simplocaria maculosa;161165;203201;;Simplocaria maculosa
174394;Simplocaria metallica;161165;203202;;Simplocaria metallica
174395;Sirocalodes nigrinus;161165;203203;;Sirocalodes nigrinus
174396;Sitona griseus;161165;203204;;Sitona griseus
174397;Sitona hispidulus;161165;203205;;Sitona hispidulus
174398;Sitona humeralis;161165;203206;;Sitona humeralis
174399;Sitona lineatus;161165;203207;;Sitona lineatus
174400;Sitona lineellus;161165;203208;;Sitona lineellus
174401;Sitona puncticollis;161165;203209;;Sitona puncticollis
174402;Sitona regensteinensis;161165;203210;;Sitona regensteinensis
174403;Sitona striatellus;161165;203211;;Sitona striatellus
174404;Sitona sulcifrons;161165;203212;;Sitona sulcifrons
174405;Sitona suturalis;161165;203213;;Sitona suturalis
174406;Sitophilus granarius;161165;203214;;Sitophilus granarius
174407;Sitophilus oryzae;161165;203215;;Sitophilus oryzae
174408;Sitophilus zeamais;161165;203216;;Sitophilus zeamais
174409;Smaragdina affinis;161165;203217;;Smaragdina affinis
174410;Smaragdina aurita;161165;203218;;Smaragdina aurita
174411;Smaragdina salicina;161165;203219;;Smaragdina salicina
174412;Smicronyx jungermanniae;161165;203220;;Smicronyx jungermanniae
174413;Smicronyx smreczynskii;161165;203221;;Smicronyx smreczynskii
174414;Smicronyx swertiae;161165;203222;;Smicronyx swertiae
174415;Soronia grisea;161165;203223;;Soronia grisea
174416;Spercheus emarginatus;161165;203224;;Spercheus emarginatus
174417;Spermophagus calystegiae;161165;203225;;Spermophagus calystegiae
174418;Spermophagus sericeus;161165;203226;;Spermophagus sericeus
174419;Sphaericus gibboides;161165;203227;;Sphaericus gibboides
174420;Sphaeridium marginatum;161165;203228;;Sphaeridium marginatum
174421;Sphaeriestes castaneus;161165;203229;;Sphaeriestes castaneus
174422;Sphaeroderma rubidum;161165;203230;;Sphaeroderma rubidum
174423;Sphaerosoma pilosum;161165;203231;;Sphaerosoma pilosum
174424;Squamapion atomarium;161165;203232;;Squamapion atomarium
174425;Squamapion cineraceum;161165;203233;;Squamapion cineraceum
174426;Squamapion oblivium;161165;203234;;Squamapion oblivium
174427;Squamapion vicinum;161165;203235;;Squamapion vicinum
174428;Stenelmis consobrina;161165;203236;;Stenelmis consobrina
174429;Stenichnus foveola;161165;203237;;Stenichnus foveola
174430;Stenichnus poweri;161165;203238;;Stenichnus poweri
174431;Stenocarus cardui;161165;203239;;Stenocarus cardui
174432;Stenocarus ruficornis;161165;203240;;Stenocarus ruficornis
174433;Stenocorus meridianus;161165;203241;;Stenocorus meridianus
174434;Stenomax aeneus;161165;203242;;Stenomax aeneus
174435;Stenopelmus rufinasus;161165;203243;;Stenopelmus rufinasus
174436;Stenopterapion meliloti;161165;203244;;Stenopterapion meliloti
174437;Stenopterapion tenue;161165;203245;;Stenopterapion tenue
174438;Stenurella bifasciata;161165;203246;;Stenurella bifasciata
174439;Stenurella nigra;161165;203247;;Stenurella nigra
174440;Stephostethus angusticollis;161165;203248;;Stephostethus angusticollis
174441;Stereocorynes truncorum;161165;203249;;Stereocorynes truncorum
174442;Stereonychus fraxini;161165;203250;;Stereonychus fraxini
174443;Stethorus punctillum;161165;203251;;Stethorus punctillum
174444;Stilbus atomarius;161165;203252;;Stilbus atomarius
174445;Stricticomus tobias;161165;203253;;Stricticomus tobias
174446;Strophosoma faber;161165;203254;;Strophosoma faber
174447;Strophosoma nebulosum;161165;203255;;Strophosoma nebulosum
174448;Sulcacis affinis;161165;203256;;Sulcacis affinis
174449;Sulcacis fronticornis;161165;203257;;Sulcacis fronticornis
174450;Synapion ebeninum;161165;203258;;Synapion ebeninum
174451;Tachyerges decoratus;161165;203259;;Tachyerges decoratus
174452;Tachyerges rufitarsis;161165;203260;;Tachyerges rufitarsis
174453;Tachyerges salicis;161165;203261;;Tachyerges salicis
174454;Tachyerges stigma;161165;203262;;Tachyerges stigma
174455;Taeniapion urticarium;161165;203263;;Taeniapion urticarium
174456;Tanymecus palliatus;161165;203264;;Tanymecus palliatus
174457;Taphrorychus bicolor;161165;203265;;Taphrorychus bicolor
174458;Tarsostenus univittatus;161165;203266;;Tarsostenus univittatus
174459;Telmatophilus brevicollis;161165;203267;;Telmatophilus brevicollis
174460;Telmatophilus sparganii;161165;203268;;Telmatophilus sparganii
174461;Tenebrio molitor;161165;203269;;Tenebrio molitor
174462;Tenebrio obscurus;161165;203270;;Tenebrio obscurus
174463;Tenebrio opacus;161165;203271;;Tenebrio opacus
174464;Tenebroides mauritanicus;161165;203272;;Tenebroides mauritanicus
174465;Teretrius fabricii;161165;203273;;Teretrius fabricii
174466;Tetratoma ancora;161165;203274;;Tetratoma ancora
174467;Tetratoma fungorum;161165;203275;;Tetratoma fungorum
174468;Tetropium castaneum;161165;203276;;Tetropium castaneum
174469;Tetrops starkii;161165;203277;;Tetrops starkii
174470;Thaneroclerus buqueti;161165;203278;;Thaneroclerus buqueti
174471;Thes bergrothi;161165;203279;;Thes bergrothi
174472;Thryogenes festucae;161165;203280;;Thryogenes festucae
174473;Thryogenes nereis;161165;203281;;Thryogenes nereis
174474;Thryogenes scirrhosus;161165;203282;;Thryogenes scirrhosus
174475;Timarcha goettingensis;161165;203283;;Timarcha goettingensis
174476;Tipnus unicolor;161165;203284;;Tipnus unicolor
174477;Tomicus minor;161165;203285;;Tomicus minor
174478;Tomicus piniperda;161165;203286;;Tomicus piniperda
174479;Tomoxia bucephala;161165;203287;;Tomoxia bucephala
174480;Trachodes hispidus;161165;203288;;Trachodes hispidus
174481;Trachyphloeus angustisetulus;161165;203289;;Trachyphloeus angustisetulus
174482;Trachyphloeus aristatus;161165;203290;;Trachyphloeus aristatus
174483;Trachyphloeus rectus;161165;203291;;Trachyphloeus rectus
174484;Trachyphloeus spinimanus;161165;203292;;Trachyphloeus spinimanus
174485;Trachys minutus;161165;203293;;Trachys minutus
174486;Trachys scrobiculatus;161165;203294;;Trachys scrobiculatus
174487;Trachys troglodytiformis;161165;203295;;Trachys troglodytiformis
174488;Tribolium castaneum;161165;203296;;Tribolium castaneum
174489;Tribolium madens;161165;203297;;Tribolium madens
174490;Trichoceble floralis;161165;203298;;Trichoceble floralis
174491;Trichodes apiarius;161165;203299;;Trichodes apiarius
174492;Trichosirocalus horridus;161165;203300;;Trichosirocalus horridus
174493;Trichosirocalus rufulus;161165;203301;;Trichosirocalus rufulus
174494;Trichosirocalus troglodytes;161165;203302;;Trichosirocalus troglodytes
174495;Triplax aenea;161165;203303;;Triplax aenea
174496;Triplax collaris;161165;203304;;Triplax collaris
174497;Triplax lacordairei;161165;203305;;Triplax lacordairei
174498;Triplax rufipes;161165;203306;;Triplax rufipes
174499;Trissemus impressus;161165;203307;;Trissemus impressus
174500;Trixagus carinifrons;161165;203308;;Trixagus carinifrons
174501;Trixagus duvali;161165;203309;;Trixagus duvali
174502;Troglops albicans;161165;203310;;Troglops albicans
174503;Trogoderma glabrum;161165;203311;;Trogoderma glabrum
174504;Trogoderma granarium;161165;203312;;Trogoderma granarium
174505;Tropideres dorsalis;161165;203313;;Tropideres dorsalis
174506;Tropiphorus terricola;161165;203314;;Tropiphorus terricola
174507;Trox perlatus;161165;203315;;Trox perlatus
174508;Trypocopris vernalis;161165;203316;;Trypocopris vernalis
174509;Trypophloeus granulatus;161165;203317;;Trypophloeus granulatus
174510;Tychius junceus;161165;203318;;Tychius junceus
174511;Tychius lineatulus;161165;203319;;Tychius lineatulus
174512;Tychius meliloti;161165;203320;;Tychius meliloti
174513;Tychius parallelus;161165;203321;;Tychius parallelus
174514;Tychius polylineatus;161165;203322;;Tychius polylineatus
174515;Tychius quinquepunctatus;161165;203323;;Tychius quinquepunctatus
174516;Tychius schneideri;161165;203324;;Tychius schneideri
174517;Tychius squamulatus;161165;203325;;Tychius squamulatus
174518;Tychius stephensi;161165;203326;;Tychius stephensi
174519;Tychus niger;161165;203327;;Tychus niger
174520;Typhaea decipiens;161165;203328;;Typhaea decipiens
174521;Typhaea stercorea;161165;203329;;Typhaea stercorea
174522;Urodon conformis;161165;203330;;Urodon conformis
174523;Urodon rufipes;161165;203331;;Urodon rufipes
174524;Valgus hemipterus;161165;203332;;Valgus hemipterus
174525;Vanonus brevicornis;161165;203333;;Vanonus brevicornis
174526;Variimorda villosa;161165;203334;;Variimorda villosa
174527;Vincenzellus ruficollis;161165;203335;;Vincenzellus ruficollis
174528;Xanthogaleruca luteola;161165;203336;;Xanthogaleruca luteola
174529;Xestobium plumbeum;161165;203337;;Xestobium plumbeum
174530;Xyleborus cryptographus;161165;203338;;Xyleborus cryptographus
174531;Xyleborus dryographus;161165;203339;;Xyleborus dryographus
174532;Xyleborus peregrinus;161165;203340;;Xyleborus peregrinus
174533;Xyletinus fibyensis;161165;203341;;Xyletinus fibyensis
174534;Xyletinus longitarsis;161165;203342;;Xyletinus longitarsis
174535;Xyletinus pectinatus;161165;203343;;Xyletinus pectinatus
174536;Xylocleptes bispinus;161165;203344;;Xylocleptes bispinus
174537;Xylodrepa quadrimaculata;161165;203345;;Xylodrepa quadrimaculata
174538;Xylotrechus rusticus;161165;203346;;Xylotrechus rusticus
174539;Yola bicarinata;161165;203347;;Yola bicarinata
174540;Zabrotes subfasciatus;161165;203348;;Zabrotes subfasciatus
174541;Zacladus exiguus;161165;203349;;Zacladus exiguus
174542;Zacladus geranii;161165;203350;;Zacladus geranii
174543;Zeugophora frontalis;161165;203351;;Zeugophora frontalis
174544;Zilora sericea;161165;203352;;Zilora sericea
174545;Zophobas morio;161165;203353;;Zophobas morio
174546;Zorochros dufouri;161165;203354;;Zorochros dufouri
174547;Zorochros minimus;161165;203355;;Zorochros minimus
174779;Sammelbegriffe;nan;204339;;Sammelbegriffe
174780;Limikolen;204339;204340;;Limikolen
175245;Pseudanodonta complanata elongata;164830;210974;Schlanke Teichmuschel;Schlanke Teichmuschel – Pseudanodonta complanata elongata
175246;Columba livia f. domestica;165844;210975;Strassentaube;Strassentaube – Columba livia f. domestica
175247;Lepturobosca virens;161165;210976;;Lepturobosca virens
175248;Limoniscus violaceus;161165;210977;Veilchenblauer Wurzelhals-Schnellkäfer;Veilchenblauer Wurzelhals-Schnellkäfer – Limoniscus violaceus
175249;Megopis scabricornis;161165;210978;Körnerbock;Körnerbock – Megopis scabricornis
175250;Agapanthia pannonica;161165;210979;;Agapanthia pannonica
176235;Arctophila superbiens;166256;218060;;Arctophila superbiens
176236;Blera fallax;166256;218061;;Blera fallax
176237;Brachyopa testacea;166256;218062;;Brachyopa testacea
176239;Brachypalpus laphriformis;166256;218064;;Brachypalpus laphriformis
176240;Cheilosia carbonaria;166256;218065;;Cheilosia carbonaria
176241;Cheilosia flavipes;166256;218066;;Cheilosia flavipes
176242;Cheilosia frontalis;166256;218067;;Cheilosia frontalis
176243;Cheilosia himantopus;166256;218068;;Cheilosia himantopus
176244;Cheilosia morio;166256;218069;;Cheilosia morio
176245;Cheilosia mutabilis;166256;218070;;Cheilosia mutabilis
176246;Cheilosia rufimana;166256;218071;;Cheilosia rufimana
176247;Cheilosia urbana;166256;218072;;Cheilosia urbana
176248;Cheilosia vicina;166256;218073;;Cheilosia vicina
176249;Chrysotoxum arcuatum;166256;218074;;Chrysotoxum arcuatum
176250;Criorhina asilica;166256;218075;;Criorhina asilica
176251;Dasysyrphus friuliensis;166256;218076;;Dasysyrphus friuliensis
176252;Dasysyrphus pauxillus;166256;218077;;Dasysyrphus pauxillus
176253;Dasysyrphus pinastri;166256;218078;;Dasysyrphus pinastri
176254;Didea fasciata;166256;218079;;Didea fasciata
176255;Epistrophe melanostoma;166256;218080;;Epistrophe melanostoma
176256;Epistrophella euchroma;166256;218081;;Epistrophella euchroma
176257;Eristalis lineata;166256;218082;;Eristalis lineata
176258;Eristalis similis;166256;218083;;Eristalis similis
176259;Eupeodes lapponicus;166256;218084;;Eupeodes lapponicus
176260;Eupeodes nitens;166256;218085;;Eupeodes nitens
176261;Heringia heringi;166256;218086;;Heringia heringi
176262;Heringia pubescens;166256;218087;;Heringia pubescens
176263;Leucozona inopinata;166256;218088;;Leucozona inopinata
176264;Leucozona lucorum;166256;218089;;Leucozona lucorum
176265;Melangyna barbifrons;166256;218090;;Melangyna barbifrons
176266;Melanogaster nuda;166256;218091;;Melanogaster nuda
176267;Mycetaulus latipennis;166256;218092;;Mycetaulus latipennis
176268;Neoascia annexa;166256;218093;;Neoascia annexa
176269;Neoascia geniculata;166256;218094;;Neoascia geniculata
176270;Paragus haemorrhous;166256;218095;;Paragus haemorrhous
176271;Platycheirus parmatus;166256;218096;;Platycheirus parmatus
176272;Platycheirus tarsalis;166256;218097;;Platycheirus tarsalis
176273;Rhingia borealis;166256;218098;;Rhingia borealis
176274;Scatophaga decipiens;166256;218099;;Scatophaga decipiens
176275;Sphaerophoria batava;166256;218100;;Sphaerophoria batava
176276;Sphaerophoria interrupta;166256;218101;;Sphaerophoria interrupta
176277;Sphaerophoria philantha;166256;218102;;Sphaerophoria philantha
176278;Sphaerophoria virgata;166256;218103;;Sphaerophoria virgata
176279;Sphegina elegans;166256;218104;;Sphegina elegans
176280;Sphegina verecunda;166256;218105;;Sphegina verecunda
176281;Sylvicola zetterstedti;166256;218106;;Sylvicola zetterstedti
176282;Xylota abiens;166256;218107;;Xylota abiens
176283;Xylota florum;166256;218108;;Xylota florum
176284;Xylota jakutorum;166256;218109;;Xylota jakutorum
176505;Höhlenbrüter;204339;366090;;Höhlenbrüter
176515;Watvögel;204339;366084;;Watvögel
177063;Andrena pusilla;158763;231533;;Andrena pusilla
177064;Coelioxys conica;158763;231534;;Coelioxys conica
177065;Eucera nigrescens;158763;231535;;Eucera nigrescens
177066;Trachemys scripta scripta;244080;231536;Gelbwangen-Schmuckschildkröte;Gelbwangen-Schmuckschildkröte – Trachemys scripta scripta
177067;Pseudorasbora parva;158605;231537;Blaubandbärbling;Blaubandbärbling – Pseudorasbora parva
177069;Formica lusatica;158742;231539;;Formica lusatica
177070;Tapinoma melanocephalum;158742;231540;;Tapinoma melanocephalum
177072;Tetramorium moravicum;158742;231542;;Tetramorium moravicum
177073;Andrena stragulata;158763;231543;;Andrena stragulata
177074;Andrena trimmerana;158763;231544;;Andrena trimmerana
177075;Anthophora fulvitarsis;158763;231545;;Anthophora fulvitarsis
177076;Anthophora plagiata;158763;231546;;Anthophora plagiata
177077;Chelostoma cantabrica;158763;231547;;Chelostoma cantabrica
177078;Hylaeus gredleri;158763;231548;;Hylaeus gredleri
177079;Hylaeus paulus;158763;231549;;Hylaeus paulus
177080;Lasioglossum sabulosum;158763;231550;;Lasioglossum sabulosum
177081;Megachile apicalis;158763;231551;;Megachile apicalis
177082;Megachile lagopoda;158763;231552;;Megachile lagopoda
177083;Melecta albifrons;158763;231553;;Melecta albifrons
177084;Nomada baccata;158763;231554;;Nomada baccata
177085;Nomada melathoracica;158763;231555;;Nomada melathoracica
177086;Osmia leucomelana;158763;231556;;Osmia leucomelana
177087;Osmia mitis;158763;231557;;Osmia mitis
177088;Osmia tridentata;158763;231558;;Osmia tridentata
177089;Osmia villosa;158763;231559;;Osmia villosa
177090;Osmia xanthomelana;158763;231560;;Osmia xanthomelana
177091;Sphecodes marginatus;158763;231561;;Sphecodes marginatus
177092;Agenioideus apicalis;708822;231562;;Agenioideus apicalis
177093;Agenioideus nubecula;708822;231563;;Agenioideus nubecula
177094;Agenioideus sericeus;708822;231564;;Agenioideus sericeus
177095;Agenioideus usurarius;708822;231565;;Agenioideus usurarius
177096;Alysson ratzeburgi;708822;231566;;Alysson ratzeburgi
177097;Ammoplanus wesmaeli;708822;231567;;Ammoplanus wesmaeli
177098;Ancistrocerus antilope;708822;231568;;Ancistrocerus antilope
177099;Ancistrocerus dusmetiolus;708822;231569;;Ancistrocerus dusmetiolus
177100;Anteon arcuatum;708822;231570;;Anteon arcuatum
177101;Anteon ephippiger;708822;231571;;Anteon ephippiger
177102;Anteon exiguum;708822;231572;;Anteon exiguum
177103;Anteon flavicorne;708822;231573;;Anteon flavicorne
177104;Anteon fulviventre;708822;231574;;Anteon fulviventre
177105;Anteon gaullei;708822;231575;;Anteon gaullei
177106;Anteon infectum;708822;231576;;Anteon infectum
177107;Anteon jurineanum;708822;231577;;Anteon jurineanum
177108;Anteon pubicorne;708822;231578;;Anteon pubicorne
177109;Aphelopus atratus;708822;231579;;Aphelopus atratus
177110;Aphelopus camus;708822;231580;;Aphelopus camus
177111;Aphelopus melaleucus;708822;231581;;Aphelopus melaleucus
177112;Aphelopus nigriceps;708822;231582;;Aphelopus nigriceps
177113;Aphelopus quercus;708822;231583;;Aphelopus quercus
177114;Arachnospila ausa;708822;231584;;Arachnospila ausa
177115;Arachnospila hedickei;708822;231585;;Arachnospila hedickei
177116;Arachnospila rufa;708822;231586;;Arachnospila rufa
177117;Arachnospila westerlundi;708822;231587;;Arachnospila westerlundi
177118;Astata kashmirensis;708822;231588;;Astata kashmirensis
177119;Auplopus albifrons;708822;231589;;Auplopus albifrons
177120;Bethylus boops;708822;231590;;Bethylus boops
177121;Bethylus cephalotes;708822;231591;;Bethylus cephalotes
177122;Bethylus fuscicornis;708822;231592;;Bethylus fuscicornis
177123;Bethylus nitidus;708822;231593;;Bethylus nitidus
177124;Brachystegus scalaris;708822;231594;;Brachystegus scalaris
177125;Celonites abbreviatus;708822;231595;;Celonites abbreviatus
177126;Cephalonomia cisidophaga;708822;231596;;Cephalonomia cisidophaga
177127;Cephalonomia formiciformis;708822;231597;;Cephalonomia formiciformis
177128;Cerceris interrupta;708822;231598;;Cerceris interrupta
177129;Chrysis angustula;708822;231599;;Chrysis angustula
177130;Chrysis corusca;708822;231600;;Chrysis corusca
177131;Chrysis gracillima;708822;231601;;Chrysis gracillima
177132;Chrysis illigeri;708822;231602;;Chrysis illigeri
177133;Chrysis immaculata;708822;231603;;Chrysis immaculata
177134;Chrysis impressa;708822;231604;;Chrysis impressa
177135;Chrysis inaequalis;708822;231605;;Chrysis inaequalis
177136;Chrysis leptomandibularis;708822;231606;;Chrysis leptomandibularis
177137;Chrysis mediadentata;708822;231607;;Chrysis mediadentata
177138;Chrysis mediata;708822;231608;;Chrysis mediata
177139;Chrysis ruddii;708822;231609;;Chrysis ruddii
177140;Chrysis schencki;708822;231610;;Chrysis schencki
177141;Chrysis solida;708822;231611;;Chrysis solida
177142;Chrysura austriaca;708822;231612;;Chrysura austriaca
177143;Chrysura radians;708822;231613;;Chrysura radians
177144;Chrysura trimaculata;708822;231614;;Chrysura trimaculata
177145;Cleptes semiauratus;708822;231615;;Cleptes semiauratus
177146;Cleptes semicyaneus;708822;231616;;Cleptes semicyaneus
177147;Crossocerus heydeni;708822;231617;;Crossocerus heydeni
177148;Crossocerus styrius;708822;231618;;Crossocerus styrius
177150;Cryptocheilus versicolor;708822;231620;;Cryptocheilus versicolor
177151;Diodontus insidiosus;708822;231621;;Diodontus insidiosus
177152;Dipogon bifasciatus;708822;231622;;Dipogon bifasciatus
177153;Discoelius dufourii;708822;231623;;Discoelius dufourii
177154;Discoelius zonalis;708822;231624;;Discoelius zonalis
177155;Dolichovespula omissa;708822;231625;Waldkuckuckswespe;Waldkuckuckswespe – Dolichovespula omissa
177156;Dryinus collaris;708822;231626;;Dryinus collaris
177157;Elampus constrictus;708822;231627;;Elampus constrictus
177158;Embolemus ruddii;708822;231628;;Embolemus ruddii
177159;Epyris bilineatus;708822;231629;;Epyris bilineatus
177160;Epyris niger;708822;231630;;Epyris niger
177161;Eumenes coronatus;708822;231631;;Eumenes coronatus
177162;Eumenes subpomiformis;708822;231632;;Eumenes subpomiformis
177163;Evagetes alamannicus;708822;231633;;Evagetes alamannicus
177164;Evagetes siculus;708822;231634;;Evagetes siculus
177165;Gonatopus clavipes;708822;231635;;Gonatopus clavipes
177166;Gonatopus striatus;708822;231636;;Gonatopus striatus
177167;Goniozus claripennis;708822;231637;;Goniozus claripennis
177168;Gorytes fallax;708822;231638;;Gorytes fallax
177169;Gorytes quinquefasciatus;708822;231639;;Gorytes quinquefasciatus
177170;Hedychridium caputaureum;708822;231640;;Hedychridium caputaureum
177171;Hedychridium zelleri;708822;231641;;Hedychridium zelleri
177173;Holopyga austrialis;708822;231643;;Holopyga austrialis
177174;Homonotus sanguinolentus;708822;231644;;Homonotus sanguinolentus
177175;Laelius rufipes;708822;231645;;Laelius rufipes
177176;Microdynerus exilis;708822;231646;;Microdynerus exilis
177177;Mimesa bicolor;708822;231647;;Mimesa bicolor
177178;Mimumesa beaumonti;708822;231648;;Mimumesa beaumonti
177179;Mimumesa spooneri;708822;231649;;Mimumesa spooneri
177180;Miscophus bicolor;708822;231650;;Miscophus bicolor
177181;Miscophus niger;708822;231651;;Miscophus niger
177182;Nysson distinguendus;708822;231652;;Nysson distinguendus
177183;Nysson interruptus;708822;231653;;Nysson interruptus
177184;Nysson tridens;708822;231654;;Nysson tridens
177185;Odynerus reniformis;708822;231655;;Odynerus reniformis
177186;Omalus biaccinctus;708822;231656;;Omalus biaccinctus
177187;Oxybelus haemorrhoidalis;708822;231657;;Oxybelus haemorrhoidalis
177188;Oxybelus mucronatus;708822;231658;;Oxybelus mucronatus
177189;Oxybelus quatuordecimnotatus;708822;231659;;Oxybelus quatuordecimnotatus
177190;Passaloecus clypealis;708822;231660;;Passaloecus clypealis
177191;Philoctetes bidentulus;708822;231661;;Philoctetes bidentulus
177192;Philoctetes truncatus;708822;231662;;Philoctetes truncatus
177193;Priocnemis enslini;708822;231663;;Priocnemis enslini
177194;Priocnemis pellipleuris;708822;231664;;Priocnemis pellipleuris
177195;Psen ater;708822;231665;;Psen ater
177196;Pseudomalus auratus;708822;231666;;Pseudomalus auratus
177197;Pseudospinolia neglecta;708822;231667;;Pseudospinolia neglecta
177198;Pterocheilus phaleratus;708822;231668;;Pterocheilus phaleratus
177199;Rhopalum gracile;708822;231669;;Rhopalum gracile
177200;Sphex funerarius;708822;231670;;Sphex funerarius
177201;Stenodynerus bluethgeni;708822;231671;;Stenodynerus bluethgeni
177202;Stenodynerus xanthomelas;708822;231672;;Stenodynerus xanthomelas
177203;Tachysphex unicolor;708822;231673;;Tachysphex unicolor
177204;Astacus leptodactylus;162915;231674;Galizischer Sumpfkrebs;Galizischer Sumpfkrebs – Astacus leptodactylus
177205;Pacifastacus leniusculus;162915;231675;Signalkrebs;Signalkrebs – Pacifastacus leniusculus
177206;Procambarus clarkii;162915;231676;Roter amerikanischer Sumpfkrebs;Roter amerikanischer Sumpfkrebs – Procambarus clarkii
177209;Zygaena minos/purpuralis cpx.;163213;231679;;Zygaena minos/purpuralis cpx.
177213;Timandra comae;164283;231683;Ampferspanner;Ampferspanner – Timandra comae
177215;Colias hyale/alfacariensis;164691;231685;;Colias hyale/alfacariensis
177216;Leptidea reali;164691;231686;Reals Senfweissling;Reals Senfweissling – Leptidea reali
177217;Leptidea sinapis/reali cpx.;164691;231687;;Leptidea sinapis/reali cpx.
177220;Pieris rapae/napi cpx.;164691;231690;;Pieris rapae/napi cpx.
177226;Pontia edusa/daplidice cpx.;164691;231696;;Pontia edusa/daplidice cpx.
177228;Thymelicus lineola/sylvestris cpx.;164691;231698;;Thymelicus lineola/sylvestris cpx.
177229;Acantholycosa norvegica;165099;231699;;Acantholycosa norvegica
177230;Acantholycosa norvegica sudetica;165099;231700;;Acantholycosa norvegica sudetica
177231;Achaearanea tabulata;165099;231701;;Achaearanea tabulata
177232;Agyneta arietans;165099;231702;;Agyneta arietans
177233;Alopecosa barbipes;165099;231703;;Alopecosa barbipes
177234;Alopecosa taeniata;165099;231704;;Alopecosa taeniata
177235;Amaurobius crassipalpis;165099;231705;;Amaurobius crassipalpis
177236;Amaurobius erberi;165099;231706;;Amaurobius erberi
177237;Anguliphantes tripartitus;165099;231707;;Anguliphantes tripartitus
177238;Anyphaena furva;165099;231708;;Anyphaena furva
177239;Archaeodictyna ammophila;165099;231709;;Archaeodictyna ammophila
177240;Archaeodictyna consecuta;165099;231710;;Archaeodictyna consecuta
177241;Arctosa alpigena;165099;231711;;Arctosa alpigena
177242;Arctosa alpigena lamperti;165099;231712;;Arctosa alpigena lamperti
177243;Arctosa maculata;165099;231713;;Arctosa maculata
177244;Arctosa stigmosa;165099;231714;;Arctosa stigmosa
177245;Asianellus festivus;165099;231715;;Asianellus festivus
177246;Ballus rufipes;165099;231716;;Ballus rufipes
177247;Bathyphantes simillimus buchari;165099;231717;;Bathyphantes simillimus buchari
177248;Berlandina cinerea;165099;231718;;Berlandina cinerea
177249;Carniella brignolii;165099;231719;;Carniella brignolii
177250;Centromerus minutissimus;165099;231720;;Centromerus minutissimus
177251;Centromerus subcaecus;165099;231721;;Centromerus subcaecus
177252;Centromerus unidentatus;165099;231722;;Centromerus unidentatus
177253;Chalcoscirtus alpicola;165099;231723;;Chalcoscirtus alpicola
177254;Chalcoscirtus nigritus;165099;231724;;Chalcoscirtus nigritus
177255;Cheiracanthium gratum;165099;231725;;Cheiracanthium gratum
177256;Clubiona leucaspis;165099;231726;;Clubiona leucaspis
177257;Clubiona pseudoneglecta;165099;231727;;Clubiona pseudoneglecta
177258;Clubiona rosserae;165099;231728;;Clubiona rosserae
177259;Clubiona saxatilis;165099;231729;;Clubiona saxatilis
177260;Coleosoma floridanum;165099;231730;;Coleosoma floridanum
177261;Cryphoeca lichenum;165099;231731;;Cryphoeca lichenum
177262;Cryphoeca lichenum nigerrima;165099;231732;;Cryphoeca lichenum nigerrima
177263;Diaea livens;165099;231733;;Diaea livens
177264;Diplocentria mediocris;165099;231734;;Diplocentria mediocris
177265;Diplocentria rectangulata;165099;231735;;Diplocentria rectangulata
177266;Drassodes hispanus lesserti;165099;231736;;Drassodes hispanus lesserti
177267;Emblyna brevidens;165099;231737;;Emblyna brevidens
177268;Emblyna mitis;165099;231738;;Emblyna mitis
177269;Enoplognatha serratosignata;165099;231739;;Enoplognatha serratosignata
177270;Enoplognatha testacea;165099;231740;;Enoplognatha testacea
177271;Entelecara berolinensis;165099;231741;;Entelecara berolinensis
177272;Eperigone trilobata;165099;231742;;Eperigone trilobata
177273;Episinus maculipes;165099;231743;;Episinus maculipes
177274;Eresus sandaliatus;165099;231744;;Eresus sandaliatus
177275;Erigone cristatopalpus;165099;231745;;Erigone cristatopalpus
177276;Erigone dentigera;165099;231746;;Erigone dentigera
177277;Erigone jaegeri;165099;231747;;Erigone jaegeri
177278;Erigonella subelevata;165099;231748;;Erigonella subelevata
177279;Erigonoplus justus;165099;231749;;Erigonoplus justus
177280;Gnaphosa badia;165099;231750;;Gnaphosa badia
177281;Gnaphosa inconspecta;165099;231751;;Gnaphosa inconspecta
177282;Gnaphosa rhenana;165099;231752;;Gnaphosa rhenana
177283;Gonatium ensipotens;165099;231753;;Gonatium ensipotens
177284;Gongylidiellum edentatum;165099;231754;;Gongylidiellum edentatum
177285;Hahnia petrobia;165099;231755;;Hahnia petrobia
177286;Heteropoda venatoria;165099;231756;;Heteropoda venatoria
177287;Hypsocephalus dahli;165099;231757;;Hypsocephalus dahli
177288;Improphantes decolor;165099;231758;;Improphantes decolor
177289;Improphantes geniculatus;165099;231759;;Improphantes geniculatus
177290;Improphantes improbulus;165099;231760;;Improphantes improbulus
177291;Improphantes nitidus;165099;231761;;Improphantes nitidus
177292;Janetschekia monodon;165099;231762;;Janetschekia monodon
177293;Kratochviliella bicapitata;165099;231763;;Kratochviliella bicapitata
177294;Lepthyphantes beckeri;165099;231764;;Lepthyphantes beckeri
177295;Lepthyphantes notabilis;165099;231765;;Lepthyphantes notabilis
177296;Lepthyphantes quadrimaculatus;165099;231766;;Lepthyphantes quadrimaculatus
177297;Leviellus thorelli;165099;231767;;Leviellus thorelli
177298;Liocranum rupicola;165099;231768;;Liocranum rupicola
177299;Mansuphantes arciger;165099;231769;;Mansuphantes arciger
177300;Mansuphantes fragilis;165099;231770;;Mansuphantes fragilis
177301;Mansuphantes mansuetus;165099;231771;Zahme Zartweberin;Zahme Zartweberin – Mansuphantes mansuetus
177302;Marilynia bicolor;165099;231772;;Marilynia bicolor
177303;Mastigusa arietina;165099;231773;;Mastigusa arietina
177304;Mecynargus foveatus;165099;231774;;Mecynargus foveatus
177305;Mecynargus morulus;165099;231775;;Mecynargus morulus
177306;Mecynargus paetulus;165099;231776;;Mecynargus paetulus
177307;Megalepthyphantes collinus;165099;231777;;Megalepthyphantes collinus
177308;Meioneta mossica;165099;231778;;Meioneta mossica
177309;Meioneta orites;165099;231779;;Meioneta orites
177310;Micrargus alpinus;165099;231780;;Micrargus alpinus
177311;Micrargus apertus;165099;231781;;Micrargus apertus
177312;Midia midas;165099;231782;;Midia midas
177313;Mughiphantes cornutus;165099;231783;;Mughiphantes cornutus
177314;Mughiphantes rupium;165099;231784;;Mughiphantes rupium
177315;Mughiphantes mossakowski;165099;231785;;Mughiphantes mossakowski
177316;Mughiphantes mughi;165099;231786;;Mughiphantes mughi
177317;Neaetha membrosa;165099;231791;;Neaetha membrosa
177318;Mughiphantes variabilis;165099;231788;;Mughiphantes variabilis
177319;Mycula mossakowskii;165099;231789;;Mycula mossakowskii
177320;Mysmenella jobi;165099;231790;;Mysmenella jobi
177321;Neon robustus;165099;231792;;Neon robustus
177322;Nurscia albomaculata;165099;231793;;Nurscia albomaculata
177323;Ozyptila westringi;165099;231794;;Ozyptila westringi
177324;Pellenes brevis;165099;231801;;Pellenes brevis
177325;Parapelecopsis nemoralioides;165099;231796;;Parapelecopsis nemoralioides
177326;Pardosa agrestis purbeckensis;165099;231797;;Pardosa agrestis purbeckensis
177327;Pardosa alacris;165099;231798;Lebhafte Wolfspinne;Lebhafte Wolfspinne – Pardosa alacris
177328;Pardosa baehrorum;165099;231799;;Pardosa baehrorum
177329;Pardosa fulvipes;165099;231800;;Pardosa fulvipes
177330;Peponocranium praeceps;165099;231802;;Peponocranium praeceps
177331;Philodromus buchari;165099;231803;;Philodromus buchari
177332;Philodromus depriesteri;165099;231804;;Philodromus depriesteri
177333;Phrurolithus nigrinus;165099;231805;;Phrurolithus nigrinus
177334;Piniphantes pinicola;165099;231806;;Piniphantes pinicola
177335;Pirata insularis;165099;231807;;Pirata insularis
177336;Porrhomma cambridgei;165099;231808;;Porrhomma cambridgei
177337;Porrhomma myops;165099;231809;;Porrhomma myops
177338;Pseudeuophrys obsoleta;165099;231810;;Pseudeuophrys obsoleta
177339;Pseudicius encarpatus;165099;231811;;Pseudicius encarpatus
177340;Robertus heydemanni;165099;231812;;Robertus heydemanni
177341;Robertus kuehnae;165099;231813;;Robertus kuehnae
177342;Rugathodes bellicosus;165099;231814;;Rugathodes bellicosus
177343;Runcinia grammica;165099;231815;;Runcinia grammica
177344;Saitis barbipes;165099;231816;;Saitis barbipes
177345;Sauron rayi;165099;231817;;Sauron rayi
177346;Scotargus pilosus;165099;231818;;Scotargus pilosus
177347;Semljicola faustus;165099;231819;;Semljicola faustus
177348;Sibianor tantulus;165099;231820;;Sibianor tantulus
177349;Silhouettella loricatula;165099;231821;;Silhouettella loricatula
177350;Silometopus curtus;165099;231822;;Silometopus curtus
177351;Sitticus atricapillus;165099;231823;;Sitticus atricapillus
177352;Sitticus inexpectus;165099;231824;;Sitticus inexpectus
177353;Sitticus zimmermanni;165099;231825;;Sitticus zimmermanni
177354;Styloctetor romanus;165099;231826;;Styloctetor romanus
177355;Tachyzelotes kulczynskii;165099;231827;;Tachyzelotes kulczynskii
177356;Talavera aperta;165099;231828;;Talavera aperta
177357;Talavera inopinata;165099;231829;;Talavera inopinata
177358;Talavera milleri;165099;231830;;Talavera milleri
177359;Talavera monticola;165099;231831;;Talavera monticola
177360;Talavera parvistyla;165099;231832;;Talavera parvistyla
177361;Talavera thorelli;165099;231833;;Talavera thorelli
177362;Tapinocyba affinis;165099;231834;;Tapinocyba affinis
177363;Tapinocyba affinis orientalis;165099;231835;;Tapinocyba affinis orientalis
177364;Tegenaria fuesslini;165099;231836;;Tegenaria fuesslini
177365;Tegenaria tridentina;165099;231837;;Tegenaria tridentina
177366;Tenuiphantes jacksonoides;165099;231838;;Tenuiphantes jacksonoides
177367;Tetragnatha reimoseri;165099;231839;;Tetragnatha reimoseri
177368;Tetragnatha shoshone;165099;231840;;Tetragnatha shoshone
177369;Thanatus atratus;165099;231841;;Thanatus atratus
177370;Thanatus firmetorum;165099;231842;;Thanatus firmetorum
177371;Thanatus pictus;165099;231843;;Thanatus pictus
177372;Thanatus vulgaris;165099;231844;;Thanatus vulgaris
177373;Theonoe sola;165099;231845;;Theonoe sola
177374;Theridion conigerum;165099;231846;;Theridion conigerum
177375;Theridion hemerobium;165099;231847;;Theridion hemerobium
177376;Theridion uhligi;165099;231848;;Theridion uhligi
177377;Theridion wiehlei;165099;231849;;Theridion wiehlei
177378;Titanoeca psammophila;165099;231850;;Titanoeca psammophila
177379;Trichoncus auritus;165099;231851;;Trichoncus auritus
177380;Trichoncus simoni;165099;231852;;Trichoncus simoni
177381;Troglohyphantes noricus;165099;231853;;Troglohyphantes noricus
177382;Wubanoides uralensis lithodytes;165099;231854;;Wubanoides uralensis lithodytes
177383;Xysticus albomaculatus;165099;231855;;Xysticus albomaculatus
177384;Xysticus desidiosus;165099;231856;;Xysticus desidiosus
177385;Xysticus macedonicus;165099;231857;;Xysticus macedonicus
177386;Xysticus paniscus;165099;231858;;Xysticus paniscus
177387;Xysticus viduus;165099;231859;;Xysticus viduus
177388;Zelotes exiguus;165099;231860;;Zelotes exiguus
177389;Zelotes talpinus;165099;231861;;Zelotes talpinus
708821;Molche;204339;479045;Molche;Molche – Molche
